INSERT INTO ExerciseMuscles VALUES (Bench Press, Chest);
INSERT INTO Exercise VALUES (1, Bench Press);
INSERT INTO ExerciseMuscles VALUES (Pushups, Chest);
INSERT INTO Exercise VALUES (2, Pushups);
INSERT INTO ExerciseMuscles VALUES (Pullups, Chest);
INSERT INTO Exercise VALUES (3, Pullups);
INSERT INTO ExerciseMuscles VALUES (Crunches, Core);
INSERT INTO Exercise VALUES (4, Crunches);
INSERT INTO ExerciseMuscles VALUES (Planks, Core);
INSERT INTO Exercise VALUES (5, Planks);
INSERT INTO ExerciseMuscles VALUES (Squats, Legs);
INSERT INTO Exercise VALUES (6, Squats);
INSERT INTO ExerciseMuscles VALUES (Power Cleans, Full Body);
INSERT INTO Exercise VALUES (7, Power Cleans);
INSERT INTO ExerciseMuscles VALUES (Lunges, Legs);
INSERT INTO Exercise VALUES (8, Lunges);
INSERT INTO ExerciseMuscles VALUES (Side Lunges, Legs);
INSERT INTO Exercise VALUES (9, Side Lunges);
INSERT INTO ExerciseMuscles VALUES (Power Jerks, Full Body);
INSERT INTO Exercise VALUES (10, Power Jerks);
INSERT INTO ExerciseMuscles VALUES (Hang Cleans, Full Body);
INSERT INTO Exercise VALUES (11, Hang Cleans);
INSERT INTO ExerciseMuscles VALUES (DB Squats, Legs);
INSERT INTO Exercise VALUES (12, DB Squats);
INSERT INTO ExerciseMuscles VALUES (Incline Bench Press, Chest);
INSERT INTO Exercise VALUES (13, Incline Bench Press);
INSERT INTO ExerciseMuscles VALUES (Decline Bench Press, Chest);
INSERT INTO Exercise VALUES (14, Decline Bench Press);
INSERT INTO ExerciseMuscles VALUES (DB Bench Press, Chest);
INSERT INTO Exercise VALUES (15, DB Bench Press);
INSERT INTO ExerciseMuscles VALUES (DB Cleans, Full Body);
INSERT INTO Exercise VALUES (16, DB Cleans);
INSERT INTO ExerciseMuscles VALUES (Deadlift, Legs);
INSERT INTO Exercise VALUES (17, Deadlift);
INSERT INTO ExerciseMuscles VALUES (Snatch, Full Body);
INSERT INTO Exercise VALUES (18, Snatch);
INSERT INTO ExerciseMuscles VALUES (DB Snatch, Full Body);
INSERT INTO Exercise VALUES (19, DB Snatch);
INSERT INTO ExerciseMuscles VALUES (Front Squats, Legs);
INSERT INTO Exercise VALUES (20, Front Squats);
INSERT INTO ExerciseMuscles VALUES (Upright Rows, Chest);
INSERT INTO Exercise VALUES (21, Upright Rows);
INSERT INTO Workout VALUES (1, 'Jan-4-2012', 1);
INSERT INTO Workout VALUES (2, 'Jan-11-2012', 1);
INSERT INTO Workout VALUES (3, 'Jan-18-2012', 1);
INSERT INTO Workout VALUES (4, 'Jan-25-2012', 1);
INSERT INTO Workout VALUES (5, 'Feb-4-2012', 2);
INSERT INTO Workout VALUES (6, 'Feb-11-2012', 2);
INSERT INTO Workout VALUES (7, 'Feb-18-2012', 2);
INSERT INTO Workout VALUES (8, 'Feb-25-2012', 2);
INSERT INTO Workout VALUES (9, 'Mar-4-2012', 3);
INSERT INTO Workout VALUES (10, 'Mar-11-2012', 3);
INSERT INTO Workout VALUES (11, 'Mar-18-2012', 3);
INSERT INTO Workout VALUES (12, 'Mar-25-2012', 3);
INSERT INTO Workout VALUES (13, 'Apr-4-2012', 4);
INSERT INTO Workout VALUES (14, 'Apr-11-2012', 4);
INSERT INTO Workout VALUES (15, 'Apr-18-2012', 4);
INSERT INTO Workout VALUES (16, 'Apr-25-2012', 4);
INSERT INTO Workout VALUES (17, 'May-4-2012', 5);
INSERT INTO Workout VALUES (18, 'May-11-2012', 5);
INSERT INTO Workout VALUES (19, 'May-18-2012', 5);
INSERT INTO Workout VALUES (20, 'May-25-2012', 5);
INSERT INTO Workout VALUES (21, 'Jun-4-2012', 6);
INSERT INTO Workout VALUES (22, 'Jun-11-2012', 6);
INSERT INTO Workout VALUES (23, 'Jun-18-2012', 6);
INSERT INTO Workout VALUES (24, 'Jun-25-2012', 6);
INSERT INTO Workout VALUES (25, 'Jul-4-2012', 7);
INSERT INTO Workout VALUES (26, 'Jul-11-2012', 7);
INSERT INTO Workout VALUES (27, 'Jul-18-2012', 7);
INSERT INTO Workout VALUES (28, 'Jul-25-2012', 7);
INSERT INTO Workout VALUES (29, 'Aug-4-2012', 8);
INSERT INTO Workout VALUES (30, 'Aug-11-2012', 8);
INSERT INTO Workout VALUES (31, 'Aug-18-2012', 8);
INSERT INTO Workout VALUES (32, 'Aug-25-2012', 8);
INSERT INTO Workout VALUES (33, 'Sep-4-2012', 9);
INSERT INTO Workout VALUES (34, 'Sep-11-2012', 9);
INSERT INTO Workout VALUES (35, 'Sep-18-2012', 9);
INSERT INTO Workout VALUES (36, 'Sep-25-2012', 9);
INSERT INTO Workout VALUES (37, 'Oct-4-2012', 10);
INSERT INTO Workout VALUES (38, 'Oct-11-2012', 10);
INSERT INTO Workout VALUES (39, 'Oct-18-2012', 10);
INSERT INTO Workout VALUES (40, 'Oct-25-2012', 10);
