DROP DATABASE IF EXISTS samMarkSports;

CREATE DATABASE samMarkSports;

GRANT ALL PRIVILEGES ON samMarkSports.* to mark@localhost IDENTIFIED BY 'hud';

USE samMarkSports;

CREATE TABLE `User` (
    uid INTEGER AUTO_INCREMENT NOT NULL,
    name VARCHAR(128),
    email VARCHAR(128) UNIQUE,
    password VARCHAR(54),
    PRIMARY KEY (uid)
);

CREATE TABLE `Coach` (
    uid INTEGER NOT NULL,
    salary DOUBLE,
    PRIMARY KEY (uid),
    FOREIGN KEY (uid) REFERENCES User (uid)
        ON DELETE CASCADE
);

CREATE TABLE `Athlete` (
    uid INTEGER NOT NULL,
    height DOUBLE,
    weight DOUBLE,
    PRIMARY KEY (uid),
    FOREIGN KEY (uid) REFERENCES User (uid)
        ON DELETE CASCADE
);

CREATE TABLE `TeamMascot` (
    school VARCHAR(128),
    mascot VARCHAR(128),
    PRIMARY KEY (school)
);

CREATE TABLE `Team` (
    tid INTEGER NOT NULL AUTO_INCREMENT,
    school VARCHAR(128) NOT NULL,
    hometown VARCHAR(128),
    PRIMARY KEY (tid),
    FOREIGN KEY (school) REFERENCES TeamMascot (school)
        ON DELETE NO ACTION
);

CREATE TABLE `SportSeason` (
    name VARCHAR(64),
    season VARCHAR(6),
    PRIMARY KEY (name)
);

CREATE TABLE `Sport` (
    sid INTEGER AUTO_INCREMENT NOT NULL,
    name VARCHAR(64),
    PRIMARY KEY (sid),
    FOREIGN KEY (name) REFERENCES SportSeason (name)
        ON DELETE NO ACTION
);

CREATE TABLE `Workout` (
    wid INTEGER AUTO_INCREMENT NOT NULL,
    tid INTEGER NOT NULL,
    date_assigned DATETIME,
    uid INTEGER NOT NULL,
    PRIMARY KEY (wid),
    FOREIGN KEY (tid) REFERENCES Team (tid)
        ON DELETE NO ACTION,
    FOREIGN KEY (uid) REFERENCES Coach (uid)
        ON DELETE NO ACTION
);

CREATE TABLE `ExerciseMuscles` (
    name VARCHAR(128),
    muscle_group VARCHAR(32),
    PRIMARY KEY (name)
);

CREATE TABLE `Exercise` (
    eid INTEGER AUTO_INCREMENT NOT NULL,
    name VARCHAR(128) UNIQUE NOT NULL,
    PRIMARY KEY (eid),
    FOREIGN KEY (name) REFERENCES ExerciseMuscles (name)
        ON DELETE NO ACTION
);

CREATE TABLE `coaches` (
    uid INTEGER NOT NULL,
    tid INTEGER NOT NULL,
    since DATE,
    PRIMARY KEY (uid, tid),
    FOREIGN KEY (uid) REFERENCES Coach (uid)
        ON DELETE NO ACTION,
    FOREIGN KEY (tid) REFERENCES Team (tid)
        ON DELETE NO ACTION
);

CREATE TABLE `plays` (
    sid INTEGER NOT NULL,
    tid INTEGER NOT NULL,
    PRIMARY KEY (sid, tid),
    FOREIGN KEY (sid) REFERENCES Sport (sid)
        ON DELETE NO ACTION,
    FOREIGN KEY (tid) REFERENCES Team (tid)
        ON DELETE NO ACTION
);

CREATE TABLE `member_of` (
    uid INTEGER NOT NULL,
    tid INTEGER NOT NULL,
    position VARCHAR(10),
    number INTEGER,
    PRIMARY KEY (uid, tid),
    FOREIGN KEY (uid) REFERENCES Athlete (uid)
        ON DELETE NO ACTION,
    FOREIGN KEY (tid) REFERENCES Team (tid)
        ON DELETE NO ACTION
);

CREATE TABLE `consists_of` (
    wid INTEGER,
    eid INTEGER NOT NULL,
    sets INTEGER,
    reps INTEGER,
    PRIMARY KEY (wid, eid),
    FOREIGN KEY (wid) REFERENCES Workout (wid)
        ON DELETE NO ACTION,
    FOREIGN KEY (eid) REFERENCES Exercise (eid)
        ON DELETE NO ACTION
); 

CREATE TABLE `does` (
    wid INTEGER,
    uid INTEGER,
    date_done DATETIME,
    PRIMARY KEY (wid, uid),
    FOREIGN KEY (wid) REFERENCES Workout (wid)
        ON DELETE NO ACTION,
    FOREIGN KEY (uid) REFERENCES Athlete (uid)
        ON DELETE NO ACTION
); 


CREATE TABLE `performance` (
    eid INTEGER,
    uid INTEGER,
    wid INTEGER,
    reps_performed INTEGER,
    max_weight DOUBLE,
    PRIMARY KEY (eid, uid, wid),
    FOREIGN KEY (wid) REFERENCES Workout (wid)
        ON DELETE NO ACTION,
    FOREIGN KEY (eid) REFERENCES Exercise (eid)
        ON DELETE NO ACTION,
    FOREIGN KEY (uid) REFERENCES Athlete (uid)
        ON DELETE NO ACTION
); 

DELIMITER |
CREATE PROCEDURE TeamProgress (
    IN tid INTEGER,
    IN wid INTEGER
)
BEGIN
    (SELECT M.uid, A.name, FALSE as completed
    FROM member_of M, User A
    WHERE M.tid = tid 
        AND M.uid = A.uid
        AND M.uid NOT IN (SELECT D.uid FROM does D WHERE D.wid=wid)
    )
    UNION
    (SELECT M.uid, A.name, TRUE as completed
    FROM member_of M, User A
    WHERE M.tid = tid 
        AND M.uid = A.uid
        AND M.uid IN (SELECT D.uid FROM does D WHERE D.wid=wid)
    );
END
|

DELIMITER $$
CREATE FUNCTION `NextTeamNumber` (tid INTEGER) RETURNS INTEGER
BEGIN
    DECLARE last INTEGER;
    SELECT MAX(number) INTO last FROM member_of WHERE tid=tid;
    RETURN last+1;
END$$
INSERT INTO User VALUES (1, "James Smith", "james.smith@gmail.com", "sha1$3EZTz7F7$8b2e64a891662a9c5431b6936c35f5740992a708");
INSERT INTO Coach VALUES (1, 53071);
INSERT INTO User VALUES (2, "John Johnson", "john.johnson@gmail.com", "sha1$KgG3cEsw$25ba8fe1452ae7728dafa45cbd429449d3a35186");
INSERT INTO Coach VALUES (2, 55787);
INSERT INTO User VALUES (3, "Robert Williams", "robert.williams@gmail.com", "sha1$iummlxPl$6e4f56e9ae7b3e2728ef6858663c778ade6f3d93");
INSERT INTO Coach VALUES (3, 64546);
INSERT INTO User VALUES (4, "Michael Jones", "michael.jones@gmail.com", "sha1$XEugJTZj$cd236da1d9c6d179003f6f7414ad8bade8fd2bce");
INSERT INTO Coach VALUES (4, 80677);
INSERT INTO User VALUES (5, "William Brown", "william.brown@gmail.com", "sha1$au9enel4$5398753576599e56a4ae36e23d3799db95aa9660");
INSERT INTO Coach VALUES (5, 60238);
INSERT INTO User VALUES (6, "David Davis", "david.davis@gmail.com", "sha1$9eq97VuR$399219838ba9891126b95afce814b3bc3e32b971");
INSERT INTO Coach VALUES (6, 66693);
INSERT INTO User VALUES (7, "Richard Miller", "richard.miller@gmail.com", "sha1$XjR254jN$c0b8d81b92fcf5a4d632ce516af1f670cb942f30");
INSERT INTO Coach VALUES (7, 68575);
INSERT INTO User VALUES (8, "Charles Wilson", "charles.wilson@gmail.com", "sha1$o0SP8y8g$250581149d70dbf9d65913b5cba565afb0c11925");
INSERT INTO Coach VALUES (8, 81468);
INSERT INTO User VALUES (9, "Joseph Moore", "joseph.moore@gmail.com", "sha1$tJtLxiat$81259c6ffa0555d97786ba9c6e14d2b071d3d1a2");
INSERT INTO Coach VALUES (9, 89172);
INSERT INTO User VALUES (10, "Thomas Taylor", "thomas.taylor@gmail.com", "sha1$L8nu7O0s$b73e80fadd0ec6e6a2eb8bc48efa855424115394");
INSERT INTO Coach VALUES (10, 76972);
INSERT INTO User VALUES (11, "Christopher Anderson", "christopher.anderson@gmail.com", "sha1$GY7yqqjO$dd2fb774a5c1cf75d4b5e4e830add1fbfc0a482c");
INSERT INTO Athlete VALUES (11, 76, 220);
INSERT INTO User VALUES (12, "Daniel Thomas", "daniel.thomas@gmail.com", "sha1$P4DZb0Bi$80e255cf339f35acc3c42520af5a536a3092a6cb");
INSERT INTO Athlete VALUES (12, 65, 218);
INSERT INTO User VALUES (13, "Paul Jackson", "paul.jackson@gmail.com", "sha1$x022sr9M$9b023e23502547c06eac0e3e66fad1f1cc7f1559");
INSERT INTO Athlete VALUES (13, 77, 248);
INSERT INTO User VALUES (14, "Mark White", "mark.white@gmail.com", "sha1$Ah7SzI78$8469b7c79a1ae0e9fe137995b8847f1385fd4a69");
INSERT INTO Athlete VALUES (14, 69, 175);
INSERT INTO User VALUES (15, "Donald Harris", "donald.harris@gmail.com", "sha1$fSHXTEvs$d8b6e013d4680b578d25f735b11fa923aa780ac7");
INSERT INTO Athlete VALUES (15, 65, 161);
INSERT INTO User VALUES (16, "George Martin", "george.martin@gmail.com", "sha1$uPUP2Xuw$538c29efc401babc9723bd7005016e9478bf485d");
INSERT INTO Athlete VALUES (16, 65, 238);
INSERT INTO User VALUES (17, "Kenneth Thompson", "kenneth.thompson@gmail.com", "sha1$C1QFMeIs$010717c8c643ba1644e9221ddb5e0a753a118466");
INSERT INTO Athlete VALUES (17, 72, 168);
INSERT INTO User VALUES (18, "Steven Garcia", "steven.garcia@gmail.com", "sha1$CJvqp8Sr$0877af112acb07486776ccb276c6910a89456526");
INSERT INTO Athlete VALUES (18, 79, 158);
INSERT INTO User VALUES (19, "Edward Martinez", "edward.martinez@gmail.com", "sha1$RYAaljeS$519d1b323ff9e748122ac73944c3970deacc8653");
INSERT INTO Athlete VALUES (19, 77, 175);
INSERT INTO User VALUES (20, "Brian Robinson", "brian.robinson@gmail.com", "sha1$mzP23pWo$feeeb903dbf5a7cdd027b69873e30c1472ac85cc");
INSERT INTO Athlete VALUES (20, 74, 156);
INSERT INTO User VALUES (21, "Ronald Clark", "ronald.clark@gmail.com", "sha1$FYF3GuuG$dd4306b26106064215fd4aee87dae5db9dd86761");
INSERT INTO Athlete VALUES (21, 78, 177);
INSERT INTO User VALUES (22, "Anthony Rodriguez", "anthony.rodriguez@gmail.com", "sha1$BBjpT8V3$66c1a85c71baec251b1145181fe8a629f7fc8f8a");
INSERT INTO Athlete VALUES (22, 72, 160);
INSERT INTO User VALUES (23, "Kevin Lewis", "kevin.lewis@gmail.com", "sha1$8oTCE1aB$9badae9c3e74dc2f2f34588f205631ebda98f8ad");
INSERT INTO Athlete VALUES (23, 68, 207);
INSERT INTO User VALUES (24, "Jason Lee", "jason.lee@gmail.com", "sha1$vwnrHg6L$0db74155f7ed7345e576853dd7d4f750f995fff9");
INSERT INTO Athlete VALUES (24, 74, 153);
INSERT INTO User VALUES (25, "Matthew Walker", "matthew.walker@gmail.com", "sha1$3D5qGXHY$4b24d27965811f414936389fe9c8465ce424cf01");
INSERT INTO Athlete VALUES (25, 76, 166);
INSERT INTO User VALUES (26, "Gary Hall", "gary.hall@gmail.com", "sha1$hm74c81J$346fe7581bd7e57008517770e20a3cd2885899c3");
INSERT INTO Athlete VALUES (26, 76, 193);
INSERT INTO User VALUES (27, "Timothy Allen", "timothy.allen@gmail.com", "sha1$8K1H9J5T$9fba5e994d8f17d1c0915f2e19a4b83f079f27fe");
INSERT INTO Athlete VALUES (27, 80, 160);
INSERT INTO User VALUES (28, "Jose Young", "jose.young@gmail.com", "sha1$sSj8V8SS$3b815d157791e49f279952528dafa05dfb4bf19c");
INSERT INTO Athlete VALUES (28, 66, 180);
INSERT INTO User VALUES (29, "Larry Hernandez", "larry.hernandez@gmail.com", "sha1$an8cZ9TX$1cce685dba6c3afff738ee30e7ca6336d82f1ea1");
INSERT INTO Athlete VALUES (29, 68, 190);
INSERT INTO User VALUES (30, "Jeffrey King", "jeffrey.king@gmail.com", "sha1$H37eJ7qo$7903afb45b1163d34628f40ef7f0f82631290764");
INSERT INTO Athlete VALUES (30, 67, 221);
INSERT INTO User VALUES (31, "Frank Wright", "frank.wright@gmail.com", "sha1$1kMbYRif$f381537126cb6667d0d46d29ac647d1ac2cc063e");
INSERT INTO Athlete VALUES (31, 67, 200);
INSERT INTO User VALUES (32, "Scott Lopez", "scott.lopez@gmail.com", "sha1$ZzMz82Hk$b5be6139939fb106faf680790dbad14e90da2fb4");
INSERT INTO Athlete VALUES (32, 74, 194);
INSERT INTO User VALUES (33, "Eric Hill", "eric.hill@gmail.com", "sha1$wjfczEN0$759753e6d634b07d89a8ee20212f012001495cd5");
INSERT INTO Athlete VALUES (33, 66, 173);
INSERT INTO User VALUES (34, "Stephen Scott", "stephen.scott@gmail.com", "sha1$uej456cQ$fb1c438e253610e27242b59c7a98f6a299c6e2f9");
INSERT INTO Athlete VALUES (34, 68, 183);
INSERT INTO User VALUES (35, "Andrew Green", "andrew.green@gmail.com", "sha1$WTqKcWl5$e725ccb1a76f209f5f029fd77b0ad15468213004");
INSERT INTO Athlete VALUES (35, 70, 166);
INSERT INTO User VALUES (36, "Raymond Adams", "raymond.adams@gmail.com", "sha1$v1tahwmI$4fc96689a3d37a6624ea5faecb77634fe525956f");
INSERT INTO Athlete VALUES (36, 66, 193);
INSERT INTO User VALUES (37, "Gregory Baker", "gregory.baker@gmail.com", "sha1$FDBSO6aI$689d536e9f169b1b3ef1daa903e68903a7da5c85");
INSERT INTO Athlete VALUES (37, 66, 189);
INSERT INTO User VALUES (38, "Joshua Gonzalez", "joshua.gonzalez@gmail.com", "sha1$LJo74Qv8$686e205363b7fc41595ce96b2ac9d5175b10c58a");
INSERT INTO Athlete VALUES (38, 72, 191);
INSERT INTO User VALUES (39, "Jerry Nelson", "jerry.nelson@gmail.com", "sha1$fuq2vKNM$6dec0948f591b7fa69b6f1c17af35aefc0b90cef");
INSERT INTO Athlete VALUES (39, 75, 231);
INSERT INTO User VALUES (40, "Dennis Carter", "dennis.carter@gmail.com", "sha1$SQ0564GT$cf50b2aef6293c1f136e4a963042c098975de66f");
INSERT INTO Athlete VALUES (40, 69, 249);
INSERT INTO User VALUES (41, "Walter Mitchell", "walter.mitchell@gmail.com", "sha1$FAFnQ0eR$26f155252d6773cfafc3b76aff6929ce447fae09");
INSERT INTO Athlete VALUES (41, 68, 244);
INSERT INTO User VALUES (42, "Patrick Perez", "patrick.perez@gmail.com", "sha1$mbKQML2u$2e3cdf2943f826df8caa28c6fd21b02e3295c922");
INSERT INTO Athlete VALUES (42, 70, 168);
INSERT INTO User VALUES (43, "Peter Roberts", "peter.roberts@gmail.com", "sha1$0jpGIrBu$614fd18a4cae9aa6b0dd0c5bf2bdb7e3ffd8335e");
INSERT INTO Athlete VALUES (43, 75, 235);
INSERT INTO User VALUES (44, "Harold Turner", "harold.turner@gmail.com", "sha1$uPTuduoJ$eac3c06a8ecc94940346e0e8408d2673007f2915");
INSERT INTO Athlete VALUES (44, 70, 240);
INSERT INTO User VALUES (45, "Douglas Phillips", "douglas.phillips@gmail.com", "sha1$kYyR9yMF$026af2f6798d93cad72b34b380b16b678bc3a36b");
INSERT INTO Athlete VALUES (45, 75, 233);
INSERT INTO User VALUES (46, "Henry Campbell", "henry.campbell@gmail.com", "sha1$K53Zwgqp$4feae8dd95ce590e6eb9f9f80b78e7d5514eec32");
INSERT INTO Athlete VALUES (46, 65, 190);
INSERT INTO User VALUES (47, "Carl Parker", "carl.parker@gmail.com", "sha1$XDuZjybf$af79bfcddf55a88db2203708f1964671679a1f9a");
INSERT INTO Athlete VALUES (47, 66, 245);
INSERT INTO User VALUES (48, "Arthur Evans", "arthur.evans@gmail.com", "sha1$igu8QVhZ$2763fcab7e32ed0017a0eb69e604c5495ec21673");
INSERT INTO Athlete VALUES (48, 73, 162);
INSERT INTO User VALUES (49, "Ryan Edwards", "ryan.edwards@gmail.com", "sha1$6kBH9Kny$9ef9b71f30f74032d6c1822ff1cb60a8eb63f50a");
INSERT INTO Athlete VALUES (49, 78, 248);
INSERT INTO User VALUES (50, "Roger Collins", "roger.collins@gmail.com", "sha1$oPAJ1INa$f567f8b88c829e20ad9e3aee91df3b63d628087b");
INSERT INTO Athlete VALUES (50, 68, 157);
INSERT INTO User VALUES (51, "Joe Stewart", "joe.stewart@gmail.com", "sha1$msSzVnng$b084db9dc53f9419d590f36930e33c815ee17148");
INSERT INTO Athlete VALUES (51, 79, 219);
INSERT INTO User VALUES (52, "Juan Sanchez", "juan.sanchez@gmail.com", "sha1$taMsolTP$99e9548853eb0c4127281058484639b5c621f579");
INSERT INTO Athlete VALUES (52, 71, 157);
INSERT INTO User VALUES (53, "Jack Morris", "jack.morris@gmail.com", "sha1$8BQ9qkbV$08b191cab050656e1991a634741b45ab5e31a8da");
INSERT INTO Athlete VALUES (53, 65, 178);
INSERT INTO User VALUES (54, "Albert Rogers", "albert.rogers@gmail.com", "sha1$BeiW8Vfc$80db9c5d48ad09d597e99551f1de2ad0fe8100df");
INSERT INTO Athlete VALUES (54, 65, 248);
INSERT INTO User VALUES (55, "Jonathan Reed", "jonathan.reed@gmail.com", "sha1$d7DlBgS8$1445322cc49c0fb8becfdc4d03adf2bd344a8cf4");
INSERT INTO Athlete VALUES (55, 68, 218);
INSERT INTO User VALUES (56, "Justin Cook", "justin.cook@gmail.com", "sha1$PgJkSx7W$99eb7006332d2b94f5e819e75cca8e84cfe63e9f");
INSERT INTO Athlete VALUES (56, 80, 174);
INSERT INTO User VALUES (57, "Terry Morgan", "terry.morgan@gmail.com", "sha1$HZ9el9FG$11669722280b4b9505a9d532151500018642a230");
INSERT INTO Athlete VALUES (57, 73, 200);
INSERT INTO User VALUES (58, "Gerald Bell", "gerald.bell@gmail.com", "sha1$y8HVN7QH$e492dfb5af104b112d6251e6d8f190aa184cc18f");
INSERT INTO Athlete VALUES (58, 78, 242);
INSERT INTO User VALUES (59, "Keith Murphy", "keith.murphy@gmail.com", "sha1$iyBgEwzY$1c2f50291b525d29cdbef5d0060c7e5e879c8984");
INSERT INTO Athlete VALUES (59, 74, 151);
INSERT INTO User VALUES (60, "Samuel Bailey", "samuel.bailey@gmail.com", "sha1$fDDjkGvk$47a03de605181a63d141007b7a04bc2e66a7a509");
INSERT INTO Athlete VALUES (60, 80, 166);
INSERT INTO User VALUES (61, "Willie Rivera", "willie.rivera@gmail.com", "sha1$YskJcVJh$f35908d17b496cec6ed5b5f600348a34f4e148f2");
INSERT INTO Athlete VALUES (61, 77, 203);
INSERT INTO User VALUES (62, "Ralph Cooper", "ralph.cooper@gmail.com", "sha1$XrEWpPVv$065e182a989a8dd242d0768ef2d4b6acbed4d526");
INSERT INTO Athlete VALUES (62, 70, 230);
INSERT INTO User VALUES (63, "Lawrence Richardson", "lawrence.richardson@gmail.com", "sha1$786Vzmkv$853a486703ffd53dd0ac64d9af03fa4fe86cc22f");
INSERT INTO Athlete VALUES (63, 67, 236);
INSERT INTO User VALUES (64, "Nicholas Cox", "nicholas.cox@gmail.com", "sha1$Oob2TeTn$91f8b9ac7c342cbe064f5d26cbdd3fa10aaafbc0");
INSERT INTO Athlete VALUES (64, 80, 243);
INSERT INTO User VALUES (65, "Roy Howard", "roy.howard@gmail.com", "sha1$ndq0mPQH$2919b3810dd590ececbcaa5eb7c534d1e4609f9e");
INSERT INTO Athlete VALUES (65, 78, 214);
INSERT INTO User VALUES (66, "Benjamin Ward", "benjamin.ward@gmail.com", "sha1$OcyUzp0I$f2af4db54e6212b96d2f0d2f38adb6b28d885267");
INSERT INTO Athlete VALUES (66, 67, 220);
INSERT INTO User VALUES (67, "Bruce Torres", "bruce.torres@gmail.com", "sha1$ohyuz89P$3cb21fef9fb36169c961d68720bf044bc89aa76e");
INSERT INTO Athlete VALUES (67, 77, 186);
INSERT INTO User VALUES (68, "Brandon Peterson", "brandon.peterson@gmail.com", "sha1$lwpO1U6I$d7b3a4d40012e78021e50fa0d8711d711a4ef2db");
INSERT INTO Athlete VALUES (68, 70, 195);
INSERT INTO User VALUES (69, "Adam Gray", "adam.gray@gmail.com", "sha1$GoN6INxa$553ac72768b04fe79afd14d49f69c054ecff5896");
INSERT INTO Athlete VALUES (69, 69, 219);
INSERT INTO User VALUES (70, "Harry Ramirez", "harry.ramirez@gmail.com", "sha1$ap7Miq6A$c44e27895c159d7e6fe6085a09756b9513b6ac01");
INSERT INTO Athlete VALUES (70, 77, 213);
INSERT INTO User VALUES (71, "Fred James", "fred.james@gmail.com", "sha1$JYaI5470$a8d5502c779ee00a2eb2bfb1fab66448756e8cc9");
INSERT INTO Athlete VALUES (71, 75, 211);
INSERT INTO User VALUES (72, "Wayne Watson", "wayne.watson@gmail.com", "sha1$CaZA1pGk$a46d05f54fd2ff07f66edef365afdb83c482ec04");
INSERT INTO Athlete VALUES (72, 65, 203);
INSERT INTO User VALUES (73, "Billy Brooks", "billy.brooks@gmail.com", "sha1$yChYDsVY$0b818c87136cd5cef36f98ae5021b4320f276cd2");
INSERT INTO Athlete VALUES (73, 77, 185);
INSERT INTO User VALUES (74, "Steve Kelly", "steve.kelly@gmail.com", "sha1$tiS1ffQx$8c84473c901e09b5c2dbd8867ff895bc37188ade");
INSERT INTO Athlete VALUES (74, 66, 155);
INSERT INTO User VALUES (75, "Louis Sanders", "louis.sanders@gmail.com", "sha1$4DWThe87$c4754bb20da548fc4021ce5bafa8dc9a23a6634f");
INSERT INTO Athlete VALUES (75, 71, 207);
INSERT INTO User VALUES (76, "Jeremy Price", "jeremy.price@gmail.com", "sha1$NnGDkiu2$b0e17f55459911c208f8db35f41d721985231fa8");
INSERT INTO Athlete VALUES (76, 79, 202);
INSERT INTO User VALUES (77, "Aaron Bennett", "aaron.bennett@gmail.com", "sha1$HGcuz9ly$005a4f786d5a055c963727a99082b68c67de1c6b");
INSERT INTO Athlete VALUES (77, 80, 240);
INSERT INTO User VALUES (78, "Randy Wood", "randy.wood@gmail.com", "sha1$4OACivdh$c59617649261a04d4eb5cc3c0ce85d82e26b1a48");
INSERT INTO Athlete VALUES (78, 65, 202);
INSERT INTO User VALUES (79, "Howard Barnes", "howard.barnes@gmail.com", "sha1$RDvAZKab$149a896514cfd0a3f0c591b7a9f48b8aaa2ee945");
INSERT INTO Athlete VALUES (79, 65, 214);
INSERT INTO User VALUES (80, "Eugene Ross", "eugene.ross@gmail.com", "sha1$jFHebYPU$ae9c248d449b9b3aa8f6665913c1e480418c6ae2");
INSERT INTO Athlete VALUES (80, 76, 183);
INSERT INTO User VALUES (81, "Carlos Henderson", "carlos.henderson@gmail.com", "sha1$ZH1d2oGG$a4751fb58c040ae56991063b33552085872ae4b3");
INSERT INTO Athlete VALUES (81, 70, 154);
INSERT INTO User VALUES (82, "Russell Coleman", "russell.coleman@gmail.com", "sha1$crNqqE3Q$d5d0e9e0df789f1c23f8b4a12775f186641ecd49");
INSERT INTO Athlete VALUES (82, 76, 244);
INSERT INTO User VALUES (83, "Bobby Jenkins", "bobby.jenkins@gmail.com", "sha1$rkgQmSpX$10b7136b2517a698702df7cd10c8ac53e3d4ea99");
INSERT INTO Athlete VALUES (83, 75, 152);
INSERT INTO User VALUES (84, "Victor Perry", "victor.perry@gmail.com", "sha1$CwWQnvTn$faab5d369803a0fe90feb97ad1c6c5bea2b41895");
INSERT INTO Athlete VALUES (84, 76, 245);
INSERT INTO User VALUES (85, "Martin Powell", "martin.powell@gmail.com", "sha1$lZ65pTND$00d300e1ea9080df97af1c6fdff6631cf0ab4af2");
INSERT INTO Athlete VALUES (85, 72, 175);
INSERT INTO User VALUES (86, "Ernest Long", "ernest.long@gmail.com", "sha1$xJKQzVO0$a070ee8a94e70757973959ee5636144dabea02c0");
INSERT INTO Athlete VALUES (86, 76, 164);
INSERT INTO User VALUES (87, "Phillip Patterson", "phillip.patterson@gmail.com", "sha1$mHHipVL9$f38a5b95eeb78c85a6843d3387438917214b1a4e");
INSERT INTO Athlete VALUES (87, 70, 164);
INSERT INTO User VALUES (88, "Todd Hughes", "todd.hughes@gmail.com", "sha1$gxNEGG0k$6d3960065a5dc21c4cc3cc9919870cfe765fe7be");
INSERT INTO Athlete VALUES (88, 65, 250);
INSERT INTO User VALUES (89, "Jesse Flores", "jesse.flores@gmail.com", "sha1$L0m01T00$47b58b8c2fd757533bbf10f01caca9fb07d12e07");
INSERT INTO Athlete VALUES (89, 70, 234);
INSERT INTO User VALUES (90, "Craig Washington", "craig.washington@gmail.com", "sha1$tZNnVVUk$9ba54131a786e0e4ad34025bb79edab0ce6cd378");
INSERT INTO Athlete VALUES (90, 71, 248);
INSERT INTO User VALUES (91, "Alan Butler", "alan.butler@gmail.com", "sha1$MyCW3zmC$5ccd6398e3aa86bc10ef514d3b5052cce6d3bd37");
INSERT INTO Athlete VALUES (91, 79, 234);
INSERT INTO User VALUES (92, "Shawn Simmons", "shawn.simmons@gmail.com", "sha1$ZmH42m4n$ba2a1756f6f71fc3827dae4fb6a8548f53c48023");
INSERT INTO Athlete VALUES (92, 66, 192);
INSERT INTO User VALUES (93, "Clarence Foster", "clarence.foster@gmail.com", "sha1$8QHfJFJE$59cefbe632b5bb63cd8700ca3807402c1e6db23a");
INSERT INTO Athlete VALUES (93, 74, 225);
INSERT INTO User VALUES (94, "Sean Gonzales", "sean.gonzales@gmail.com", "sha1$URye8KW4$50b6e45c19542982e11247de0c86a4d3e225c58a");
INSERT INTO Athlete VALUES (94, 65, 206);
INSERT INTO User VALUES (95, "Philip Bryant", "philip.bryant@gmail.com", "sha1$fOLlkKC0$f47936f213e07a1c92a9034b29adc047ce7f0433");
INSERT INTO Athlete VALUES (95, 68, 221);
INSERT INTO User VALUES (96, "Chris Alexander", "chris.alexander@gmail.com", "sha1$ifmbOVxT$42084ad84a9695a356b0ca49ea520b06ddc57757");
INSERT INTO Athlete VALUES (96, 76, 226);
INSERT INTO User VALUES (97, "Johnny Russell", "johnny.russell@gmail.com", "sha1$C8sQMSLa$23cdfe5ab6c76777d48ae655f17e7704a54259c6");
INSERT INTO Athlete VALUES (97, 69, 243);
INSERT INTO User VALUES (98, "Earl Griffin", "earl.griffin@gmail.com", "sha1$wC2HGsbO$dda5dbbcedf479094b183c1c744ff2466ae66bd1");
INSERT INTO Athlete VALUES (98, 80, 233);
INSERT INTO User VALUES (99, "Jimmy Diaz", "jimmy.diaz@gmail.com", "sha1$dxPCWgHO$8c8009e1236b4dd938d4beca337a0ea611b403cb");
INSERT INTO Athlete VALUES (99, 74, 150);
INSERT INTO User VALUES (100, "Antonio Hayes", "antonio.hayes@gmail.com", "sha1$CjIxopmB$fda6993117799b41ac295dfd65b3c60ce38a6708");
INSERT INTO Athlete VALUES (100, 73, 229);
INSERT INTO User VALUES (101, "Danny Myers", "danny.myers@gmail.com", "sha1$5zoyBD9G$d53e02160b6fffa5b7e89cd64d00fdb60dcb7af9");
INSERT INTO Athlete VALUES (101, 68, 183);
INSERT INTO User VALUES (102, "Bryan Ford", "bryan.ford@gmail.com", "sha1$p5hGxVCj$167afc0c3d35ad34a7379e8ccd2da7d545276f62");
INSERT INTO Athlete VALUES (102, 72, 150);
INSERT INTO User VALUES (103, "Tony Hamilton", "tony.hamilton@gmail.com", "sha1$G2v8h8UG$eb15979f1d7b6102147fc215fb5c49ea6758f41e");
INSERT INTO Athlete VALUES (103, 78, 197);
INSERT INTO User VALUES (104, "Luis Graham", "luis.graham@gmail.com", "sha1$3do3JERS$8d7c8c72f4bcf54943a94779cd3956584fb4c8d7");
INSERT INTO Athlete VALUES (104, 69, 197);
INSERT INTO User VALUES (105, "Mike Sullivan", "mike.sullivan@gmail.com", "sha1$fgXrvGUJ$f774a1d66a6893ba50119e0e78b503383af00bab");
INSERT INTO Athlete VALUES (105, 76, 192);
INSERT INTO User VALUES (106, "Stanley Wallace", "stanley.wallace@gmail.com", "sha1$ESmRJUUc$9109e49d7126fc78629f3683953f080990786266");
INSERT INTO Athlete VALUES (106, 71, 230);
INSERT INTO User VALUES (107, "Leonard Woods", "leonard.woods@gmail.com", "sha1$UtR8CVQG$41e3901edf98c7df93b50d2ecc842d7eacfe3e47");
INSERT INTO Athlete VALUES (107, 80, 231);
INSERT INTO User VALUES (108, "Nathan Cole", "nathan.cole@gmail.com", "sha1$Ypz2KDiB$a499fc54b97714a7d079bd3a7fa4be02feee5524");
INSERT INTO Athlete VALUES (108, 72, 219);
INSERT INTO User VALUES (109, "Dale West", "dale.west@gmail.com", "sha1$5ukQy1x3$fad949b8096db829d82ca60897963bc02a77635e");
INSERT INTO Athlete VALUES (109, 69, 204);
INSERT INTO User VALUES (110, "Manuel Jordan", "manuel.jordan@gmail.com", "sha1$RXS7Irza$56755ac35dbc45cd625bfbf20cc0b7f8de1fe8a9");
INSERT INTO Athlete VALUES (110, 77, 167);
INSERT INTO User VALUES (111, "Rodney Owens", "rodney.owens@gmail.com", "sha1$cFdMc763$e486883de4f19d418dc17ef9b9b80eeed149d9f8");
INSERT INTO Athlete VALUES (111, 65, 197);
INSERT INTO User VALUES (112, "Curtis Reynolds", "curtis.reynolds@gmail.com", "sha1$gzCa2e97$63155d517cb5c0b61071e15d3dc875da81610a79");
INSERT INTO Athlete VALUES (112, 69, 217);
INSERT INTO User VALUES (113, "Norman Fisher", "norman.fisher@gmail.com", "sha1$BBkNPvCa$a33c55e434b001655284b39927b6edafacfa511f");
INSERT INTO Athlete VALUES (113, 72, 187);
INSERT INTO User VALUES (114, "Allen Ellis", "allen.ellis@gmail.com", "sha1$oP9xOWUI$4809af1c66804594293be7f74a3ca6df3a4b73ec");
INSERT INTO Athlete VALUES (114, 72, 243);
INSERT INTO User VALUES (115, "Marvin Harrison", "marvin.harrison@gmail.com", "sha1$bJicAsfj$545784a5a728febebb5b40af6eb7395ca9250d64");
INSERT INTO Athlete VALUES (115, 69, 172);
INSERT INTO User VALUES (116, "Vincent Gibson", "vincent.gibson@gmail.com", "sha1$RsLbDGFq$ed88d26839dcf7e6e2610e397801192f72e1a7ed");
INSERT INTO Athlete VALUES (116, 75, 190);
INSERT INTO User VALUES (117, "Glenn Mcdonald", "glenn.mcdonald@gmail.com", "sha1$MUMcNgq2$b5aa282b852387084ea29939d315bbe4a553ec1e");
INSERT INTO Athlete VALUES (117, 73, 243);
INSERT INTO User VALUES (118, "Jeffery Cruz", "jeffery.cruz@gmail.com", "sha1$g3rOGeds$0239951e1509ffe75ca1ec85a7fed09f129fb1aa");
INSERT INTO Athlete VALUES (118, 69, 188);
INSERT INTO User VALUES (119, "Travis Marshall", "travis.marshall@gmail.com", "sha1$sxLCnLDc$3d573d879e260f123c0b282bb30a6a0320e64689");
INSERT INTO Athlete VALUES (119, 78, 214);
INSERT INTO User VALUES (120, "Jeff Ortiz", "jeff.ortiz@gmail.com", "sha1$v73PJE7G$dd80c943eec3d59b397a860303ff4b8a5326c450");
INSERT INTO Athlete VALUES (120, 65, 191);
INSERT INTO User VALUES (121, "Chad Gomez", "chad.gomez@gmail.com", "sha1$ahuMLTFK$bfb15dc6c6b85c6769572b8c9485c9d0de8b4852");
INSERT INTO Athlete VALUES (121, 79, 166);
INSERT INTO User VALUES (122, "Jacob Murray", "jacob.murray@gmail.com", "sha1$gXKPdyhb$8f5ce39527e384ba5eebfde62450cef346079ec1");
INSERT INTO Athlete VALUES (122, 72, 206);
INSERT INTO User VALUES (123, "Lee Freeman", "lee.freeman@gmail.com", "sha1$rlmSH8DM$e909048f2e3783d8d249d8bcee4bd3e0f6e12460");
INSERT INTO Athlete VALUES (123, 67, 202);
INSERT INTO User VALUES (124, "Melvin Wells", "melvin.wells@gmail.com", "sha1$hjGbxCae$2792266283158ad41d593517bef81c7ce1a87e92");
INSERT INTO Athlete VALUES (124, 74, 228);
INSERT INTO User VALUES (125, "Alfred Webb", "alfred.webb@gmail.com", "sha1$ijkQRZ7a$e7cab278d13892b7ac72e26b58e32589adc3af66");
INSERT INTO Athlete VALUES (125, 72, 167);
INSERT INTO User VALUES (126, "Kyle Simpson", "kyle.simpson@gmail.com", "sha1$kSnCQ7Nr$d2f7b83de60f59c9eb2144fc48b17c1eea9c5930");
INSERT INTO Athlete VALUES (126, 77, 170);
INSERT INTO User VALUES (127, "Francis Stevens", "francis.stevens@gmail.com", "sha1$rQZ6Ja9k$96881664e5079d44198a28e49874579f2950bed9");
INSERT INTO Athlete VALUES (127, 78, 173);
INSERT INTO User VALUES (128, "Bradley Tucker", "bradley.tucker@gmail.com", "sha1$ghL5UcA7$ad0ade4b221a77f7238346d532f615752fa96950");
INSERT INTO Athlete VALUES (128, 76, 151);
INSERT INTO User VALUES (129, "Jesus Porter", "jesus.porter@gmail.com", "sha1$l1MVOeXt$b2c97d32e24e0debc705e1470542fb97e9978382");
INSERT INTO Athlete VALUES (129, 78, 230);
INSERT INTO User VALUES (130, "Herbert Hunter", "herbert.hunter@gmail.com", "sha1$oGaWbCXR$50e2fbf81d26393e5c8f2dd29d26291ecad385d8");
INSERT INTO Athlete VALUES (130, 80, 183);
INSERT INTO User VALUES (131, "Frederick Hicks", "frederick.hicks@gmail.com", "sha1$qPxomvFH$a79abf04165f182a9e94488988d1b04a3c6c6515");
INSERT INTO Athlete VALUES (131, 69, 169);
INSERT INTO User VALUES (132, "Ray Crawford", "ray.crawford@gmail.com", "sha1$YLUOT4pF$b9a5a32f52b28a2993a29f2cf3f75648da025310");
INSERT INTO Athlete VALUES (132, 72, 224);
INSERT INTO User VALUES (133, "Joel Henry", "joel.henry@gmail.com", "sha1$bPh5k8PC$56060898569d95fdcf9c726815366aefd1aa892f");
INSERT INTO Athlete VALUES (133, 70, 166);
INSERT INTO User VALUES (134, "Edwin Boyd", "edwin.boyd@gmail.com", "sha1$vU7nSA5o$186b2c71b2d28166e1263ba5f580a482d7c77816");
INSERT INTO Athlete VALUES (134, 74, 168);
INSERT INTO User VALUES (135, "Don Mason", "don.mason@gmail.com", "sha1$CJ6BduId$7d5a9d943f1dde0b1d508a5f799ce38e40e47d70");
INSERT INTO Athlete VALUES (135, 65, 192);
INSERT INTO User VALUES (136, "Eddie Morales", "eddie.morales@gmail.com", "sha1$5E71fBtj$baa4976a66bc3ea9c1d51e1012292a3273dfa6f7");
INSERT INTO Athlete VALUES (136, 71, 169);
INSERT INTO User VALUES (137, "Ricky Kennedy", "ricky.kennedy@gmail.com", "sha1$JsHI83Cc$f7d72b7d2c18b26b8b18799c61a5da906d51dc79");
INSERT INTO Athlete VALUES (137, 79, 250);
INSERT INTO User VALUES (138, "Troy Warren", "troy.warren@gmail.com", "sha1$uZeVdxQz$ce9ecc0d3fb6006b0516e427e25dc8f740737e23");
INSERT INTO Athlete VALUES (138, 71, 232);
INSERT INTO User VALUES (139, "Randall Dixon", "randall.dixon@gmail.com", "sha1$0BOox8w9$744de439fed61072fe1cf086a0207be6ea3414ea");
INSERT INTO Athlete VALUES (139, 69, 184);
INSERT INTO User VALUES (140, "Barry Ramos", "barry.ramos@gmail.com", "sha1$u3isu7Jx$f271568f85b5329ae7472935bb8661785d360b94");
INSERT INTO Athlete VALUES (140, 67, 202);
INSERT INTO User VALUES (141, "Alexander Reyes", "alexander.reyes@gmail.com", "sha1$cy6Yl77O$ebd5e66fc123ecb92d4037d666aa1aebaa8ddd5e");
INSERT INTO Athlete VALUES (141, 78, 201);
INSERT INTO User VALUES (142, "Bernard Burns", "bernard.burns@gmail.com", "sha1$aS54b2ff$8d14bcb751d944c8b7fb7a734dd3aad60c765107");
INSERT INTO Athlete VALUES (142, 71, 170);
INSERT INTO User VALUES (143, "Mario Gordon", "mario.gordon@gmail.com", "sha1$3GrwE0oB$53be2aa5f15b2c3594e6d7bbc99d096597b014e0");
INSERT INTO Athlete VALUES (143, 68, 185);
INSERT INTO User VALUES (144, "Leroy Shaw", "leroy.shaw@gmail.com", "sha1$gkURCQZU$b23bd0452d7e34a974944123a11e39fa02ac2651");
INSERT INTO Athlete VALUES (144, 78, 157);
INSERT INTO User VALUES (145, "Francisco Holmes", "francisco.holmes@gmail.com", "sha1$MVVF4WC2$78971524d2ed7080acf767018900eea1b4ab39ed");
INSERT INTO Athlete VALUES (145, 74, 186);
INSERT INTO User VALUES (146, "Marcus Rice", "marcus.rice@gmail.com", "sha1$8hkCXmE5$4fca235f793ea0d3e369926278c779b375873cb6");
INSERT INTO Athlete VALUES (146, 79, 229);
INSERT INTO User VALUES (147, "Micheal Robertson", "micheal.robertson@gmail.com", "sha1$oapn2CMV$4cdb60806085e6451921a41c0a6130ad755553c8");
INSERT INTO Athlete VALUES (147, 67, 241);
INSERT INTO User VALUES (148, "Theodore Hunt", "theodore.hunt@gmail.com", "sha1$rWVO4TEr$871d4117e76f5af93c736f7bb593dabbddf81a32");
INSERT INTO Athlete VALUES (148, 80, 165);
INSERT INTO User VALUES (149, "Clifford Black", "clifford.black@gmail.com", "sha1$jMWJyrJn$06f7529cdadc56a3c7a8b30aa03378672082ce6d");
INSERT INTO Athlete VALUES (149, 65, 216);
INSERT INTO User VALUES (150, "Miguel Daniels", "miguel.daniels@gmail.com", "sha1$D9TIQ94z$08126798cbcbf794a66638ba3b3b15ae7269985a");
INSERT INTO Athlete VALUES (150, 73, 215);
INSERT INTO User VALUES (151, "Oscar Palmer", "oscar.palmer@gmail.com", "sha1$fbLouAU2$26bc47249e505934648d7e547215651b056de6df");
INSERT INTO Athlete VALUES (151, 78, 192);
INSERT INTO User VALUES (152, "Jay Mills", "jay.mills@gmail.com", "sha1$aLvIKoaK$cdf1b6a0abcb53e9c22e52326c6afe235bacbef3");
INSERT INTO Athlete VALUES (152, 70, 216);
INSERT INTO User VALUES (153, "Jim Nichols", "jim.nichols@gmail.com", "sha1$iRolbYfK$069b049f551dd354868bf23d3440ed356dde6947");
INSERT INTO Athlete VALUES (153, 68, 233);
INSERT INTO User VALUES (154, "Tom Grant", "tom.grant@gmail.com", "sha1$GM1xhuzr$5698889daa258d8dc55cfb158b4acc6c387af76c");
INSERT INTO Athlete VALUES (154, 67, 176);
INSERT INTO User VALUES (155, "Calvin Knight", "calvin.knight@gmail.com", "sha1$fGjrgXhE$12750e3538a257abb9ebc28a1b5883ebe3150303");
INSERT INTO Athlete VALUES (155, 76, 192);
INSERT INTO User VALUES (156, "Alex Ferguson", "alex.ferguson@gmail.com", "sha1$UeFOr3de$12a0d643e6a312ca806c3638ce20fcf718eeaac4");
INSERT INTO Athlete VALUES (156, 74, 201);
INSERT INTO User VALUES (157, "Jon Rose", "jon.rose@gmail.com", "sha1$4mbGytkr$a223b4156a307b718fbbeb3536cb7906a6af4046");
INSERT INTO Athlete VALUES (157, 67, 247);
INSERT INTO User VALUES (158, "Ronnie Stone", "ronnie.stone@gmail.com", "sha1$3pcoowRu$7a2ad92022ecf03c21771f7d5a0b2f31bf2033c7");
INSERT INTO Athlete VALUES (158, 77, 166);
INSERT INTO User VALUES (159, "Bill Hawkins", "bill.hawkins@gmail.com", "sha1$dQDZljdK$b93e1456be0e47fdc7526d8935167cebfeb3eedf");
INSERT INTO Athlete VALUES (159, 66, 170);
INSERT INTO User VALUES (160, "Lloyd Dunn", "lloyd.dunn@gmail.com", "sha1$aCnM2RRk$cfdd26f0ce2c3178c60a71cb8fdc0d48c48af2fe");
INSERT INTO Athlete VALUES (160, 71, 159);
INSERT INTO User VALUES (161, "Tommy Perkins", "tommy.perkins@gmail.com", "sha1$W0DdaMX1$88f3fee10b017b46e4d3985f8408ba6841311a5c");
INSERT INTO Athlete VALUES (161, 72, 222);
INSERT INTO User VALUES (162, "Leon Hudson", "leon.hudson@gmail.com", "sha1$BpNZXp8o$7a92702318cb82362ad40422413248104ea4667d");
INSERT INTO Athlete VALUES (162, 66, 193);
INSERT INTO User VALUES (163, "Derek Spencer", "derek.spencer@gmail.com", "sha1$engJEWsv$c119df33d52176eeda5c5ff75cb9e6b0cce9647e");
INSERT INTO Athlete VALUES (163, 77, 183);
INSERT INTO User VALUES (164, "Warren Gardner", "warren.gardner@gmail.com", "sha1$FbEfLxjp$c3aad524020e91212463a23c5028f5d0c917b256");
INSERT INTO Athlete VALUES (164, 66, 177);
INSERT INTO User VALUES (165, "Darrell Stephens", "darrell.stephens@gmail.com", "sha1$AaBMkeUt$09affa80c96e41383dc44b2ad0a3e25b2de740bb");
INSERT INTO Athlete VALUES (165, 72, 210);
INSERT INTO User VALUES (166, "Jerome Payne", "jerome.payne@gmail.com", "sha1$KOxeQbR0$61e8466e2fb23f97d4bc3aa4aaa5775825af03b8");
INSERT INTO Athlete VALUES (166, 77, 202);
INSERT INTO User VALUES (167, "Floyd Pierce", "floyd.pierce@gmail.com", "sha1$HVxbvwpF$a4db30cf4d794ca9f1eaf4e18a10b2200269439b");
INSERT INTO Athlete VALUES (167, 73, 234);
INSERT INTO User VALUES (168, "Leo Berry", "leo.berry@gmail.com", "sha1$yOZD565X$8e1b07c05b5c40c7ba33d9fa2709eebc092beb9f");
INSERT INTO Athlete VALUES (168, 78, 227);
INSERT INTO User VALUES (169, "Alvin Matthews", "alvin.matthews@gmail.com", "sha1$ZnyWmPRV$7b89b1ef3466d87a02483bbacc0512d6cff2d5b1");
INSERT INTO Athlete VALUES (169, 71, 208);
INSERT INTO User VALUES (170, "Tim Arnold", "tim.arnold@gmail.com", "sha1$5CfDyelN$c86dc8d58ace2701dd5e79c209a619dbba38529c");
INSERT INTO Athlete VALUES (170, 78, 183);
INSERT INTO User VALUES (171, "Wesley Wagner", "wesley.wagner@gmail.com", "sha1$uMnvxhPQ$807cecce037809bd85e7ec59a6fa160af0352665");
INSERT INTO Athlete VALUES (171, 67, 215);
INSERT INTO User VALUES (172, "Gordon Willis", "gordon.willis@gmail.com", "sha1$zZUBT8GO$cabd08c71b8f7858fdb56e83b9a1950e40b70891");
INSERT INTO Athlete VALUES (172, 78, 189);
INSERT INTO User VALUES (173, "Dean Ray", "dean.ray@gmail.com", "sha1$1F1lIUho$fc77606ae8a0bffeddccd54c4f59646481d17596");
INSERT INTO Athlete VALUES (173, 74, 213);
INSERT INTO User VALUES (174, "Greg Watkins", "greg.watkins@gmail.com", "sha1$IX5Xiab3$d6650c522f873ba6287de8b103a82655e3ca8727");
INSERT INTO Athlete VALUES (174, 74, 158);
INSERT INTO User VALUES (175, "Jorge Olson", "jorge.olson@gmail.com", "sha1$T6LiFIvl$7e771a9806d553e91a51668dbe2f146858218c65");
INSERT INTO Athlete VALUES (175, 68, 193);
INSERT INTO User VALUES (176, "Dustin Carroll", "dustin.carroll@gmail.com", "sha1$nNd28PiY$466d97000fb058bc5199cfc3c9d698ee21fd7af1");
INSERT INTO Athlete VALUES (176, 66, 213);
INSERT INTO User VALUES (177, "Pedro Duncan", "pedro.duncan@gmail.com", "sha1$f4fmd93D$118791392d2b2a4e93e75a538f0d04912f9b8fac");
INSERT INTO Athlete VALUES (177, 67, 153);
INSERT INTO User VALUES (178, "Derrick Snyder", "derrick.snyder@gmail.com", "sha1$dgH9DLST$c99715263043f66e464c66db781af4af7eeccc4e");
INSERT INTO Athlete VALUES (178, 69, 193);
INSERT INTO User VALUES (179, "Dan Hart", "dan.hart@gmail.com", "sha1$oipCr1ps$20858761748782933ff99335d2261855b0e78c52");
INSERT INTO Athlete VALUES (179, 79, 157);
INSERT INTO User VALUES (180, "Lewis Cunningham", "lewis.cunningham@gmail.com", "sha1$Mq4kr4KT$ee1964c15040f907214cb3078cd54d06b8eef33b");
INSERT INTO Athlete VALUES (180, 77, 182);
INSERT INTO User VALUES (181, "Zachary Bradley", "zachary.bradley@gmail.com", "sha1$p0x9Fm0x$6ed674281de0c3d7c1a9af88dba995094a9af37c");
INSERT INTO Athlete VALUES (181, 76, 246);
INSERT INTO User VALUES (182, "Corey Lane", "corey.lane@gmail.com", "sha1$uCutGMPZ$1c4ea31dcd445196b3e3dd0a468d9267183903fe");
INSERT INTO Athlete VALUES (182, 69, 222);
INSERT INTO User VALUES (183, "Herman Andrews", "herman.andrews@gmail.com", "sha1$6zdSUHet$9c357aa807ae9bb2262204e64461de926f7160e7");
INSERT INTO Athlete VALUES (183, 73, 218);
INSERT INTO User VALUES (184, "Maurice Ruiz", "maurice.ruiz@gmail.com", "sha1$Ml957DWZ$85c22682de2e4ae818748c93150d093b1aa492bc");
INSERT INTO Athlete VALUES (184, 79, 216);
INSERT INTO User VALUES (185, "Vernon Harper", "vernon.harper@gmail.com", "sha1$clUVbAxL$bd12980d9cfcfa8ef96dd388514f8891c1aecb4e");
INSERT INTO Athlete VALUES (185, 68, 226);
INSERT INTO User VALUES (186, "Roberto Fox", "roberto.fox@gmail.com", "sha1$ESQ8DBjL$6d7c2ba5fae95b4568f78bc1b41b388abb0a4686");
INSERT INTO Athlete VALUES (186, 77, 154);
INSERT INTO User VALUES (187, "Clyde Riley", "clyde.riley@gmail.com", "sha1$HBQFnXaN$cdf1ae293073fa060f253e1394d12937a8f7a521");
INSERT INTO Athlete VALUES (187, 67, 190);
INSERT INTO User VALUES (188, "Glen Armstrong", "glen.armstrong@gmail.com", "sha1$CIcM4fJg$e4ca6047a66467195af447d5f3629569f966e5d3");
INSERT INTO Athlete VALUES (188, 76, 171);
INSERT INTO User VALUES (189, "Hector Carpenter", "hector.carpenter@gmail.com", "sha1$ScikgHwi$07224b32cbdd62b9a42ae05714cbd441b168b441");
INSERT INTO Athlete VALUES (189, 79, 239);
INSERT INTO User VALUES (190, "Shane Weaver", "shane.weaver@gmail.com", "sha1$4g5Yf041$9ccfb74e795acae2eadf2184f5fc5e8b95660638");
INSERT INTO Athlete VALUES (190, 72, 214);
INSERT INTO User VALUES (191, "Ricardo Greene", "ricardo.greene@gmail.com", "sha1$KKHoV7lG$9da717802fd8fa249668759a7a3e0b463419a8be");
INSERT INTO Athlete VALUES (191, 67, 187);
INSERT INTO User VALUES (192, "Sam Lawrence", "sam.lawrence@gmail.com", "sha1$ds0LAAmI$f334ffa84a29ab091c129f919711b561f9886d7c");
INSERT INTO Athlete VALUES (192, 79, 187);
INSERT INTO User VALUES (193, "Rick Elliott", "rick.elliott@gmail.com", "sha1$9m6x8Puw$ceedd91722ca767e05c7e3034b86eee513ce1265");
INSERT INTO Athlete VALUES (193, 65, 234);
INSERT INTO User VALUES (194, "Lester Chavez", "lester.chavez@gmail.com", "sha1$GVyFQNxh$7576e26eb526241720c96e458e9ac6a685af191f");
INSERT INTO Athlete VALUES (194, 65, 200);
INSERT INTO User VALUES (195, "Brent Sims", "brent.sims@gmail.com", "sha1$OfE8ELLU$d9de189be69e2d529a0ac3361e6b8f501413d33b");
INSERT INTO Athlete VALUES (195, 71, 174);
INSERT INTO User VALUES (196, "Ramon Austin", "ramon.austin@gmail.com", "sha1$ICvdxMUj$aec41828193df6d38c2e1c7fdb9454fac2b5e42e");
INSERT INTO Athlete VALUES (196, 72, 162);
INSERT INTO User VALUES (197, "Charlie Peters", "charlie.peters@gmail.com", "sha1$2cJyHHXv$c8ef53b33f0fcf9d69ed26fca1e52a86596c2807");
INSERT INTO Athlete VALUES (197, 65, 180);
INSERT INTO User VALUES (198, "Tyler Kelley", "tyler.kelley@gmail.com", "sha1$cZMqYesg$99510d65e5be36d8fb48fc0f5f6dd6eebaf745e6");
INSERT INTO Athlete VALUES (198, 67, 170);
INSERT INTO User VALUES (199, "Gilbert Franklin", "gilbert.franklin@gmail.com", "sha1$ugv081Cs$e5c1451cb73d07a57695f8395dc4d0df7ff64f06");
INSERT INTO Athlete VALUES (199, 71, 186);
INSERT INTO User VALUES (200, "Gene Lawson", "gene.lawson@gmail.com", "sha1$sZk6msGw$4e4b170de77ae1860d0524441aaf58496801acc2");
INSERT INTO Athlete VALUES (200, 65, 181);
INSERT INTO User VALUES (201, "Marc Fields", "marc.fields@gmail.com", "sha1$M7K0RihO$6acc9ca9a5db1688a61353250af14f488de51d0a");
INSERT INTO Athlete VALUES (201, 76, 201);
INSERT INTO User VALUES (202, "Reginald Gutierrez", "reginald.gutierrez@gmail.com", "sha1$aXXDlpgQ$ca1baa028ebf3967449d176302c348360e732280");
INSERT INTO Athlete VALUES (202, 74, 188);
INSERT INTO User VALUES (203, "Ruben Ryan", "ruben.ryan@gmail.com", "sha1$O6NzCQhd$7ab2d5c5176b4a486e05295f1eb6afbb0efc69bd");
INSERT INTO Athlete VALUES (203, 65, 179);
INSERT INTO User VALUES (204, "Brett Schmidt", "brett.schmidt@gmail.com", "sha1$qWSP8yYk$066308ffc2cb072c024bf5cedb9a34a2b58f2a01");
INSERT INTO Athlete VALUES (204, 74, 184);
INSERT INTO User VALUES (205, "Angel Carr", "angel.carr@gmail.com", "sha1$gtFzPEL4$99e10706011f230a77527a3f0600593f96fd9c9a");
INSERT INTO Athlete VALUES (205, 74, 232);
INSERT INTO User VALUES (206, "Nathaniel Vasquez", "nathaniel.vasquez@gmail.com", "sha1$PLVl0Xn9$67496eda2e683aa0e8d86389994b3cdbdb04db71");
INSERT INTO Athlete VALUES (206, 72, 199);
INSERT INTO User VALUES (207, "Rafael Castillo", "rafael.castillo@gmail.com", "sha1$apxi762d$9d230f9880e50cf47827f17ef3032d6f61e10ed7");
INSERT INTO Athlete VALUES (207, 65, 150);
INSERT INTO User VALUES (208, "Leslie Wheeler", "leslie.wheeler@gmail.com", "sha1$7Vg7Mm5t$2b012e35a2dcef27d141a4b032f72c10e052023e");
INSERT INTO Athlete VALUES (208, 69, 197);
INSERT INTO User VALUES (209, "Edgar Chapman", "edgar.chapman@gmail.com", "sha1$AtO72F6Z$cd50100be7ad48a4624e0f2e31b6b7a07092a0ae");
INSERT INTO Athlete VALUES (209, 68, 176);
INSERT INTO User VALUES (210, "Milton Oliver", "milton.oliver@gmail.com", "sha1$DHQ5WiPJ$51a394a05f29eb8c29e960361c6e3b8f92d0c34a");
INSERT INTO Athlete VALUES (210, 69, 217);
INSERT INTO User VALUES (211, "Raul Montgomery", "raul.montgomery@gmail.com", "sha1$yiXmtijO$322ad2e3c00bec7dfb682942628533e110669c08");
INSERT INTO Athlete VALUES (211, 72, 206);
INSERT INTO User VALUES (212, "Ben Richards", "ben.richards@gmail.com", "sha1$F15mwm7Q$549803e2e80b118578835f275528c7183e27aa12");
INSERT INTO Athlete VALUES (212, 78, 190);
INSERT INTO User VALUES (213, "Chester Williamson", "chester.williamson@gmail.com", "sha1$DhenV14o$79c5f3ade5cc3229e1267701c7d316925c0c673d");
INSERT INTO Athlete VALUES (213, 65, 237);
INSERT INTO User VALUES (214, "Cecil Johnston", "cecil.johnston@gmail.com", "sha1$WQWObsGg$e9e6a70f5177fad3f18c166df3f0af6cc77b5a17");
INSERT INTO Athlete VALUES (214, 73, 194);
INSERT INTO User VALUES (215, "Duane Banks", "duane.banks@gmail.com", "sha1$UPfEfP16$b714f745343bf0d26e3416ed3608ac9f24ddb216");
INSERT INTO Athlete VALUES (215, 75, 169);
INSERT INTO User VALUES (216, "Franklin Meyer", "franklin.meyer@gmail.com", "sha1$6QsygQzm$1c13a57588576f30d09c098e37b20c1cff2f7c29");
INSERT INTO Athlete VALUES (216, 74, 191);
INSERT INTO User VALUES (217, "Andre Bishop", "andre.bishop@gmail.com", "sha1$QqHLiwY4$4b272f9fda658f21ff5efb813428d5c4549c423b");
INSERT INTO Athlete VALUES (217, 69, 235);
INSERT INTO User VALUES (218, "Elmer Mccoy", "elmer.mccoy@gmail.com", "sha1$RYObqTJ6$8e9dc6d16f593ae0aba2359437acc1ba910a1a89");
INSERT INTO Athlete VALUES (218, 67, 190);
INSERT INTO User VALUES (219, "Brad Howell", "brad.howell@gmail.com", "sha1$S9RYmgj7$3d38086ab29b3f44d3b2ada77b18b580c24c6860");
INSERT INTO Athlete VALUES (219, 69, 212);
INSERT INTO User VALUES (220, "Gabriel Alvarez", "gabriel.alvarez@gmail.com", "sha1$dXAfq3Wb$249180b911013ef4070a6cc6165f151a0327bfcc");
INSERT INTO Athlete VALUES (220, 70, 222);
INSERT INTO User VALUES (221, "Ron Morrison", "ron.morrison@gmail.com", "sha1$X8W5yXfb$c4a0a7b42b14bb0e51ca935c26eefd0f32c23a0c");
INSERT INTO Athlete VALUES (221, 78, 236);
INSERT INTO User VALUES (222, "Mitchell Hansen", "mitchell.hansen@gmail.com", "sha1$b0jMvGaD$c2e74844450d84cd2694c21963d7fe74cf18de96");
INSERT INTO Athlete VALUES (222, 66, 184);
INSERT INTO User VALUES (223, "Roland Fernandez", "roland.fernandez@gmail.com", "sha1$ssbqclw4$70c306189c82ea89d888bb3644c4367ab0811cc3");
INSERT INTO Athlete VALUES (223, 73, 174);
INSERT INTO User VALUES (224, "Arnold Garza", "arnold.garza@gmail.com", "sha1$g7wRweVg$7d20c0a80ff8f671366b0da76937c39f86d9ee26");
INSERT INTO Athlete VALUES (224, 71, 170);
INSERT INTO User VALUES (225, "Harvey Harvey", "harvey.harvey@gmail.com", "sha1$v6ItWtjw$f1e5f6caba03705150dc345d5265688983813dbc");
INSERT INTO Athlete VALUES (225, 80, 177);
INSERT INTO User VALUES (226, "Jared Little", "jared.little@gmail.com", "sha1$7qmwTeUt$5eb685bfd159a25abf200c3d9f3dd5dc552e3cbf");
INSERT INTO Athlete VALUES (226, 70, 156);
INSERT INTO User VALUES (227, "Adrian Burton", "adrian.burton@gmail.com", "sha1$pia8uyPi$ba899270316e2816e6102e28bd323125ca7d0107");
INSERT INTO Athlete VALUES (227, 70, 239);
INSERT INTO User VALUES (228, "Karl Stanley", "karl.stanley@gmail.com", "sha1$QYObVvkB$8983e5339767e57ddf31c9872db978181a69a82d");
INSERT INTO Athlete VALUES (228, 76, 232);
INSERT INTO User VALUES (229, "Cory Nguyen", "cory.nguyen@gmail.com", "sha1$LkrAjqKW$9ff9edb45c14aaf1358ddb6d0d900e1e08d2d3f3");
INSERT INTO Athlete VALUES (229, 68, 241);
INSERT INTO User VALUES (230, "Claude George", "claude.george@gmail.com", "sha1$3dq9DQ4D$deca460c8a90565e78b2816899b9808ce5bae009");
INSERT INTO Athlete VALUES (230, 79, 172);
INSERT INTO User VALUES (231, "Erik Jacobs", "erik.jacobs@gmail.com", "sha1$ZQ5CJ0kg$efe89b84361ecf7eb35e96747493f806da088e8a");
INSERT INTO Athlete VALUES (231, 78, 198);
INSERT INTO User VALUES (232, "Darryl Reid", "darryl.reid@gmail.com", "sha1$zTqgRTj4$2ef316aea20de7cd30e74755da0c805b9d9511e4");
INSERT INTO Athlete VALUES (232, 70, 172);
INSERT INTO User VALUES (233, "Jamie Kim", "jamie.kim@gmail.com", "sha1$iazuVaQr$9dc084466a781d8315e64adb82e9d63af5959853");
INSERT INTO Athlete VALUES (233, 69, 234);
INSERT INTO User VALUES (234, "Neil Fuller", "neil.fuller@gmail.com", "sha1$UjrM6Hei$a47b216921dd8e433953f5f43e1ac9e09dd9c453");
INSERT INTO Athlete VALUES (234, 71, 186);
INSERT INTO User VALUES (235, "Jessie Lynch", "jessie.lynch@gmail.com", "sha1$6NxUmFxr$4fa0731b44c088966c1ddac8345721eb6dd4748b");
INSERT INTO Athlete VALUES (235, 65, 221);
INSERT INTO User VALUES (236, "Christian Dean", "christian.dean@gmail.com", "sha1$tzS5Mg1t$80a4cd938aa3e5a3b43b654e104c58195c8d1e03");
INSERT INTO Athlete VALUES (236, 75, 234);
INSERT INTO User VALUES (237, "Javier Gilbert", "javier.gilbert@gmail.com", "sha1$yYKUIctG$8c13ebcdc24dbfa71e89c55f5c8b8cf2d1746da5");
INSERT INTO Athlete VALUES (237, 71, 202);
INSERT INTO User VALUES (238, "Fernando Garrett", "fernando.garrett@gmail.com", "sha1$TwACh9E0$bf5310c0a92885d366957bcb27cacc6d68a5a8fa");
INSERT INTO Athlete VALUES (238, 80, 156);
INSERT INTO User VALUES (239, "Clinton Romero", "clinton.romero@gmail.com", "sha1$ZBy8PHtp$ab573a0e93ad284f17d5b1ae8fc388a4314bb3d9");
INSERT INTO Athlete VALUES (239, 67, 214);
INSERT INTO User VALUES (240, "Ted Welch", "ted.welch@gmail.com", "sha1$HiklAhuw$d5a038027a4a4310cc7d29850c54f95b848d1f8f");
INSERT INTO Athlete VALUES (240, 76, 167);
INSERT INTO User VALUES (241, "Mathew Larson", "mathew.larson@gmail.com", "sha1$WPZa7eV4$cd3b4a68e76af4e710544fd91e0efab4b360fae7");
INSERT INTO Athlete VALUES (241, 69, 212);
INSERT INTO User VALUES (242, "Tyrone Frazier", "tyrone.frazier@gmail.com", "sha1$yb063Hsl$2e060e8eb7d2149ce8c15d73437e874c9ee061b7");
INSERT INTO Athlete VALUES (242, 80, 226);
INSERT INTO User VALUES (243, "Darren Burke", "darren.burke@gmail.com", "sha1$rrfMMJ1n$827ddc3841f9c4a2744656f934c299efae7270d7");
INSERT INTO Athlete VALUES (243, 78, 163);
INSERT INTO User VALUES (244, "Lonnie Hanson", "lonnie.hanson@gmail.com", "sha1$tLn5rXVR$97228e0c8413e70c311fe747afe36981b199c2eb");
INSERT INTO Athlete VALUES (244, 65, 204);
INSERT INTO User VALUES (245, "Lance Day", "lance.day@gmail.com", "sha1$ij02Yvnh$8152ee6f3d901de9c998041f9ad87d77818061bd");
INSERT INTO Athlete VALUES (245, 66, 247);
INSERT INTO User VALUES (246, "Cody Mendoza", "cody.mendoza@gmail.com", "sha1$JvXEVxla$d70f33fec1674df414724cedaac7279b215abea5");
INSERT INTO Athlete VALUES (246, 78, 201);
INSERT INTO User VALUES (247, "Julio Moreno", "julio.moreno@gmail.com", "sha1$fiJuOtSO$05123e265e445279523e34805d7af863efbcfd5e");
INSERT INTO Athlete VALUES (247, 80, 167);
INSERT INTO User VALUES (248, "Kelly Bowman", "kelly.bowman@gmail.com", "sha1$xV0AzrGx$39ad357564cf0f8c3ef3074b2252e347df3259df");
INSERT INTO Athlete VALUES (248, 67, 213);
INSERT INTO User VALUES (249, "Kurt Medina", "kurt.medina@gmail.com", "sha1$d3jxNCgH$eec5e438887c3745ce017bbc264e3b3c40bed024");
INSERT INTO Athlete VALUES (249, 71, 193);
INSERT INTO User VALUES (250, "Allan Fowler", "allan.fowler@gmail.com", "sha1$F1EDiwpN$17ccc61afecf3b1680113bc974826c80f4260277");
INSERT INTO Athlete VALUES (250, 76, 174);
INSERT INTO User VALUES (251, "Nelson Brewer", "nelson.brewer@gmail.com", "sha1$gDuksoFc$6cc51e7af5ddf2beabf14ce53c1bd6b0033ae369");
INSERT INTO Athlete VALUES (251, 65, 246);
INSERT INTO User VALUES (252, "Guy Hoffman", "guy.hoffman@gmail.com", "sha1$995kHEvN$c7e1c8daf5b7feac0cbc7b9e614d5520cf14db2f");
INSERT INTO Athlete VALUES (252, 66, 171);
INSERT INTO User VALUES (253, "Clayton Carlson", "clayton.carlson@gmail.com", "sha1$S9pkeft7$2bd0698f8ebe43c463a12a19224421e89bac6d3a");
INSERT INTO Athlete VALUES (253, 67, 199);
INSERT INTO User VALUES (254, "Hugh Silva", "hugh.silva@gmail.com", "sha1$tOkcIOi4$08a26178c13a5afbb5321e482eb8920006081ac6");
INSERT INTO Athlete VALUES (254, 75, 231);
INSERT INTO User VALUES (255, "Max Pearson", "max.pearson@gmail.com", "sha1$6FIKAwYr$bec52a2a07ea43937451b4664547405f58b7f9aa");
INSERT INTO Athlete VALUES (255, 76, 191);
INSERT INTO User VALUES (256, "Dwayne Holland", "dwayne.holland@gmail.com", "sha1$JxrFjaxo$1aaafff98642148ac3b0c7664a41a763bc4d5b27");
INSERT INTO Athlete VALUES (256, 80, 189);
INSERT INTO User VALUES (257, "Dwight Douglas", "dwight.douglas@gmail.com", "sha1$YVcqbhuq$99774b7686bf95afb40e5b42560a9e31d8b6935d");
INSERT INTO Athlete VALUES (257, 69, 214);
INSERT INTO User VALUES (258, "Armando Fleming", "armando.fleming@gmail.com", "sha1$gI9vuqCr$d71fddf549756375bc1326d6aba04ee4a589eac0");
INSERT INTO Athlete VALUES (258, 69, 243);
INSERT INTO User VALUES (259, "Felix Jensen", "felix.jensen@gmail.com", "sha1$nBA41Uoc$9c83f49147e572397eac450210f8cb1a6d9aa0ec");
INSERT INTO Athlete VALUES (259, 69, 205);
INSERT INTO User VALUES (260, "Jimmie Vargas", "jimmie.vargas@gmail.com", "sha1$JMdRxud9$0aa374b7ea6c833f3546204a24598e80b407f2f0");
INSERT INTO Athlete VALUES (260, 72, 225);
INSERT INTO User VALUES (261, "Everett Byrd", "everett.byrd@gmail.com", "sha1$Erbt0A6S$a4aa6ce4bfbd1ce2054d0263e6af46994c2e0bb5");
INSERT INTO Athlete VALUES (261, 75, 232);
INSERT INTO User VALUES (262, "Jordan Davidson", "jordan.davidson@gmail.com", "sha1$NAm75HFC$f06445654af84cedf7300c77aa08ae49afb5cd03");
INSERT INTO Athlete VALUES (262, 74, 234);
INSERT INTO User VALUES (263, "Ian Hopkins", "ian.hopkins@gmail.com", "sha1$miB8j3wZ$3c4711c02185524681bb9a53760c8d60e55dce22");
INSERT INTO Athlete VALUES (263, 65, 174);
INSERT INTO User VALUES (264, "Wallace May", "wallace.may@gmail.com", "sha1$WVQZuo1J$72ef0173b81ba93534b063ff4513af37ec41e12a");
INSERT INTO Athlete VALUES (264, 68, 227);
INSERT INTO User VALUES (265, "Ken Terry", "ken.terry@gmail.com", "sha1$l956PPxj$29b052e8dc4f883adf96e3a480f94684d49c3a26");
INSERT INTO Athlete VALUES (265, 74, 218);
INSERT INTO User VALUES (266, "Bob Herrera", "bob.herrera@gmail.com", "sha1$wNkQQUbX$723d97c6e53d5866f783d209452a3b3c24bfba76");
INSERT INTO Athlete VALUES (266, 69, 219);
INSERT INTO User VALUES (267, "Jaime Wade", "jaime.wade@gmail.com", "sha1$zqv2Ck8a$e0c58c3a5e59ab9be54a2df9b67960544aa95585");
INSERT INTO Athlete VALUES (267, 66, 217);
INSERT INTO User VALUES (268, "Casey Soto", "casey.soto@gmail.com", "sha1$gyl7EXIS$f1592f29d85ade62f43db71bec09206d04d12acd");
INSERT INTO Athlete VALUES (268, 79, 201);
INSERT INTO User VALUES (269, "Alfredo Walters", "alfredo.walters@gmail.com", "sha1$ETL1svp5$a35eb6903aef9a0abb544f15dfae79cbc1541b72");
INSERT INTO Athlete VALUES (269, 68, 187);
INSERT INTO User VALUES (270, "Alberto Curtis", "alberto.curtis@gmail.com", "sha1$Fla6FGfO$2421c2fe93e33327e66c1b9322a04eaec3f01342");
INSERT INTO Athlete VALUES (270, 69, 229);
INSERT INTO User VALUES (271, "Dave Neal", "dave.neal@gmail.com", "sha1$7bAcZYrv$3af1458647211b11065fab3367204da52f5aac87");
INSERT INTO Athlete VALUES (271, 66, 233);
INSERT INTO User VALUES (272, "Ivan Caldwell", "ivan.caldwell@gmail.com", "sha1$IGQROuqA$a42f7cccf2b5426db538f417e9cb69a9175f9362");
INSERT INTO Athlete VALUES (272, 75, 219);
INSERT INTO User VALUES (273, "Johnnie Lowe", "johnnie.lowe@gmail.com", "sha1$3ZENwwem$edf55fa110cfcf8ab365ea9bde0429a4e6b40dc3");
INSERT INTO Athlete VALUES (273, 80, 237);
INSERT INTO User VALUES (274, "Sidney Jennings", "sidney.jennings@gmail.com", "sha1$nfm6OBge$6be6892fa6756c81212fd46afc1fc11cad5073a0");
INSERT INTO Athlete VALUES (274, 66, 212);
INSERT INTO User VALUES (275, "Byron Barnett", "byron.barnett@gmail.com", "sha1$OGkUwo9p$6919485de10b8c91c75a72847627fc95ffeedf3a");
INSERT INTO Athlete VALUES (275, 76, 201);
INSERT INTO User VALUES (276, "Julian Graves", "julian.graves@gmail.com", "sha1$EXDIyO7l$7441f27a7c9c3fc685c96991dc4fe636bacb44a1");
INSERT INTO Athlete VALUES (276, 71, 176);
INSERT INTO User VALUES (277, "Isaac Jimenez", "isaac.jimenez@gmail.com", "sha1$Un5HqGUm$f1654eaedd57ac5f3adfffbd2820c73b8bf8ac2b");
INSERT INTO Athlete VALUES (277, 69, 216);
INSERT INTO User VALUES (278, "Morris Horton", "morris.horton@gmail.com", "sha1$VaKX3xZZ$1d0f952b4f541441e121846c8835660944f3e200");
INSERT INTO Athlete VALUES (278, 73, 225);
INSERT INTO User VALUES (279, "Clifton Shelton", "clifton.shelton@gmail.com", "sha1$6QP8G26T$fd0a7eaf0298697eb8ebc524c525e59a195c67ab");
INSERT INTO Athlete VALUES (279, 78, 184);
INSERT INTO User VALUES (280, "Willard Barrett", "willard.barrett@gmail.com", "sha1$aRsCIFb3$f0c3bce627390229e36d7add3c80046b3a789630");
INSERT INTO Athlete VALUES (280, 67, 214);
INSERT INTO User VALUES (281, "Daryl Obrien", "daryl.obrien@gmail.com", "sha1$LDY9zjSK$ee7f012e4b0938e49baf62d7c9c5318311cdeace");
INSERT INTO Athlete VALUES (281, 65, 219);
INSERT INTO User VALUES (282, "Ross Castro", "ross.castro@gmail.com", "sha1$SFFQWoHK$e8e244f3a1bdd892c972e4c1acca9d7c9a8b03de");
INSERT INTO Athlete VALUES (282, 72, 170);
INSERT INTO User VALUES (283, "Virgil Sutton", "virgil.sutton@gmail.com", "sha1$BKSmx4fF$a1a94c85554f72bcc219bf140641d1413707e231");
INSERT INTO Athlete VALUES (283, 69, 207);
INSERT INTO User VALUES (284, "Andy Gregory", "andy.gregory@gmail.com", "sha1$HLVNhLFf$355cf77a6d10885a302153d3cef22ef94d88d29a");
INSERT INTO Athlete VALUES (284, 69, 161);
INSERT INTO User VALUES (285, "Marshall Mckinney", "marshall.mckinney@gmail.com", "sha1$w0v3KlOm$740c528df47c01cb9a9193ed36e4a1060cb53437");
INSERT INTO Athlete VALUES (285, 78, 168);
INSERT INTO User VALUES (286, "Salvador Lucas", "salvador.lucas@gmail.com", "sha1$A4JOwory$a557b13400722f7f33ff8b1f6095febb267773b3");
INSERT INTO Athlete VALUES (286, 70, 240);
INSERT INTO User VALUES (287, "Perry Miles", "perry.miles@gmail.com", "sha1$NZ3vNAKu$d5fb23c9a8d76735e107d640414e218fc515d50a");
INSERT INTO Athlete VALUES (287, 76, 210);
INSERT INTO User VALUES (288, "Kirk Craig", "kirk.craig@gmail.com", "sha1$NMrqfzFK$fab5e15f81ba58edfd332270d4d0f75c0391c203");
INSERT INTO Athlete VALUES (288, 76, 192);
INSERT INTO User VALUES (289, "Sergio Rodriquez", "sergio.rodriquez@gmail.com", "sha1$ddKXqX5P$caf1d59f91eac6679069e82953bb8e1ed7da5517");
INSERT INTO Athlete VALUES (289, 73, 177);
INSERT INTO User VALUES (290, "Marion Chambers", "marion.chambers@gmail.com", "sha1$bLcpfHkL$7198a2ebbf4df37c5bf587c812601bf9f502f24b");
INSERT INTO Athlete VALUES (290, 65, 242);
INSERT INTO User VALUES (291, "Tracy Holt", "tracy.holt@gmail.com", "sha1$5mSoL0EF$338808368a0e96a2201651e4b706a547cfd092d3");
INSERT INTO Athlete VALUES (291, 80, 189);
INSERT INTO User VALUES (292, "Seth Lambert", "seth.lambert@gmail.com", "sha1$b6DDJSwH$67818ade47f30fc605b212de2b3f44778af1a27d");
INSERT INTO Athlete VALUES (292, 72, 166);
INSERT INTO User VALUES (293, "Kent Fletcher", "kent.fletcher@gmail.com", "sha1$Dqkyi2rS$530ea2ffc0c1c5b517f7a9a7011019c24f2ff117");
INSERT INTO Athlete VALUES (293, 77, 151);
INSERT INTO User VALUES (294, "Terrance Watts", "terrance.watts@gmail.com", "sha1$jBT8pKKQ$24482a39f3181eb0533dbad30dd610a3d9d8f102");
INSERT INTO Athlete VALUES (294, 69, 167);
INSERT INTO User VALUES (295, "Rene Bates", "rene.bates@gmail.com", "sha1$LeUiht6o$5275ce9b33944397b41da2fb63fece9e034338f8");
INSERT INTO Athlete VALUES (295, 71, 156);
INSERT INTO User VALUES (296, "Eduardo Hale", "eduardo.hale@gmail.com", "sha1$KwjB5Mqm$04177d3b2354553da07bed3c9f027da9829df98a");
INSERT INTO Athlete VALUES (296, 79, 221);
INSERT INTO User VALUES (297, "Terrence Rhodes", "terrence.rhodes@gmail.com", "sha1$Iqhv9Azw$79815088f699c9cc73a95357af16f8c36b733446");
INSERT INTO Athlete VALUES (297, 76, 203);
INSERT INTO User VALUES (298, "Enrique Pena", "enrique.pena@gmail.com", "sha1$ZeuI2Y8I$cc726ed0ac98872bdb77a585572efe8e8d41315a");
INSERT INTO Athlete VALUES (298, 80, 160);
INSERT INTO User VALUES (299, "Freddie Beck", "freddie.beck@gmail.com", "sha1$1bZELRk8$ade807efc09504558edfdf23dd906a46eda205cc");
INSERT INTO Athlete VALUES (299, 76, 158);
INSERT INTO User VALUES (300, "Wade Newman", "wade.newman@gmail.com", "sha1$WSpTwufW$9f3c8f361beebb258bed45a71cce1d2bfe72743e");
INSERT INTO Athlete VALUES (300, 80, 216);
INSERT INTO User VALUES (301, "Austin Haynes", "austin.haynes@gmail.com", "sha1$J3cJKEdV$3f6749562d101f62b23f7a82f9923a503233f73c");
INSERT INTO Athlete VALUES (301, 78, 180);
INSERT INTO User VALUES (302, "Stuart Mcdaniel", "stuart.mcdaniel@gmail.com", "sha1$EN888T4Y$2b60d26d64229efc5e383b68f73466b262ea64d3");
INSERT INTO Athlete VALUES (302, 73, 242);
INSERT INTO User VALUES (303, "Fredrick Mendez", "fredrick.mendez@gmail.com", "sha1$VxVgPdKD$ecdeebdbc541d3c082ea83c19683a19ee68837b8");
INSERT INTO Athlete VALUES (303, 66, 219);
INSERT INTO User VALUES (304, "Arturo Bush", "arturo.bush@gmail.com", "sha1$YcDhXE9G$80e8dc8b04f6e86cb8348ddcdf2a41015e2e31a5");
INSERT INTO Athlete VALUES (304, 72, 176);
INSERT INTO User VALUES (305, "Alejandro Vaughn", "alejandro.vaughn@gmail.com", "sha1$eNEG3RM2$080ca592f55b8dd1d32799773880a4dcd039bbcf");
INSERT INTO Athlete VALUES (305, 78, 210);
INSERT INTO User VALUES (306, "Jackie Parks", "jackie.parks@gmail.com", "sha1$mL8ZXXSO$dee01e12944a38f630167ab1de5cc509a214c44c");
INSERT INTO Athlete VALUES (306, 75, 220);
INSERT INTO User VALUES (307, "Joey Dawson", "joey.dawson@gmail.com", "sha1$7QNYPvtv$cae839bf223890958c0bef599872e22c9ed21308");
INSERT INTO Athlete VALUES (307, 70, 208);
INSERT INTO User VALUES (308, "Nick Santiago", "nick.santiago@gmail.com", "sha1$rXZqIP5j$72b5f0aa47a2276d557105459fcf60bd372edef9");
INSERT INTO Athlete VALUES (308, 70, 217);
INSERT INTO User VALUES (309, "Luther Norris", "luther.norris@gmail.com", "sha1$pBZYEviJ$e3886a3d8e6a7dbb0b66cd8b7011839276839b42");
INSERT INTO Athlete VALUES (309, 75, 156);
INSERT INTO User VALUES (310, "Wendell Hardy", "wendell.hardy@gmail.com", "sha1$mh9azmeR$4dd07717c29e4e31b0c35df226d8a8bb2ce9774e");
INSERT INTO Athlete VALUES (310, 73, 181);
INSERT INTO User VALUES (311, "Jeremiah Love", "jeremiah.love@gmail.com", "sha1$0GvMWZWr$d867670981952328357babf747bfdbb1f967a9ef");
INSERT INTO Athlete VALUES (311, 65, 173);
INSERT INTO User VALUES (312, "Evan Steele", "evan.steele@gmail.com", "sha1$Lf0YapI7$37476ecab398877bc582c38137ed7b7ad293e372");
INSERT INTO Athlete VALUES (312, 76, 151);
INSERT INTO User VALUES (313, "Julius Curry", "julius.curry@gmail.com", "sha1$4KRMHjgC$7e501f79d7cfd13c556c18cbba1e9de6794f4aac");
INSERT INTO Athlete VALUES (313, 76, 210);
INSERT INTO User VALUES (314, "Dana Powers", "dana.powers@gmail.com", "sha1$t287Lk3o$994207ca24ba7837af2f211bcb45f05a00d7382d");
INSERT INTO Athlete VALUES (314, 79, 212);
INSERT INTO User VALUES (315, "Donnie Schultz", "donnie.schultz@gmail.com", "sha1$6WuOsoIy$986d2f0dfa66696caf8da2912eed8d52d5677281");
INSERT INTO Athlete VALUES (315, 76, 232);
INSERT INTO User VALUES (316, "Otis Barker", "otis.barker@gmail.com", "sha1$DqMsJ6A8$62a661902b021a20223faf47f566607c04800063");
INSERT INTO Athlete VALUES (316, 77, 154);
INSERT INTO User VALUES (317, "Shannon Guzman", "shannon.guzman@gmail.com", "sha1$HPG6x63o$529470e36bcaa38b8ba519b55a6624074c6968f9");
INSERT INTO Athlete VALUES (317, 78, 229);
INSERT INTO User VALUES (318, "Trevor Page", "trevor.page@gmail.com", "sha1$Ibg6kkic$7d81f9bd54b69df91b500986ab412aec9353e66b");
INSERT INTO Athlete VALUES (318, 68, 176);
INSERT INTO User VALUES (319, "Oliver Munoz", "oliver.munoz@gmail.com", "sha1$VNjufkhy$6e149647e176f77bbd86f5ff78af0e03383a16ff");
INSERT INTO Athlete VALUES (319, 73, 156);
INSERT INTO User VALUES (320, "Luke Ball", "luke.ball@gmail.com", "sha1$4LX0ZoYC$f6391f1e9f10787afe6e3fe63449e506de39f061");
INSERT INTO Athlete VALUES (320, 74, 216);
INSERT INTO User VALUES (321, "Homer Keller", "homer.keller@gmail.com", "sha1$wSfRxaLn$4e12b67237260f5eaedb41e1b0b8c93a7e9ff726");
INSERT INTO Athlete VALUES (321, 74, 163);
INSERT INTO User VALUES (322, "Gerard Chandler", "gerard.chandler@gmail.com", "sha1$GEJhIBMX$4b7752240473c2fa28e5cf43b48129be0c4fb3ee");
INSERT INTO Athlete VALUES (322, 74, 161);
INSERT INTO User VALUES (323, "Doug Weber", "doug.weber@gmail.com", "sha1$y4lLZ7pJ$0e4a1d4b2f7b82a29683c94a547534db59599e39");
INSERT INTO Athlete VALUES (323, 79, 233);
INSERT INTO User VALUES (324, "Kenny Leonard", "kenny.leonard@gmail.com", "sha1$0ciZBXwF$860b5ef7a5d14c25596806cc427e67f590e15506");
INSERT INTO Athlete VALUES (324, 71, 213);
INSERT INTO User VALUES (325, "Hubert Walsh", "hubert.walsh@gmail.com", "sha1$E7VqVrgP$e134def7f6e9b9be0a8b79dbf0dce8d1bb266328");
INSERT INTO Athlete VALUES (325, 67, 166);
INSERT INTO User VALUES (326, "Angelo Lyons", "angelo.lyons@gmail.com", "sha1$jmrIet8J$873151c18532b62d8b99f46f0cc297de03f252d8");
INSERT INTO Athlete VALUES (326, 74, 151);
INSERT INTO User VALUES (327, "Shaun Ramsey", "shaun.ramsey@gmail.com", "sha1$rl4tgQd8$f7a5e4089135a370f453e63716d664b92ad20350");
INSERT INTO Athlete VALUES (327, 71, 195);
INSERT INTO User VALUES (328, "Lyle Wolfe", "lyle.wolfe@gmail.com", "sha1$XlUfOjvq$e2f785e88bc0246ae7f962fdd25b376851ef9664");
INSERT INTO Athlete VALUES (328, 78, 151);
INSERT INTO User VALUES (329, "Matt Schneider", "matt.schneider@gmail.com", "sha1$4E76bSjD$8cf1e3cb88ae49e61d95a8a455970c20c6672dfa");
INSERT INTO Athlete VALUES (329, 70, 200);
INSERT INTO User VALUES (330, "Lynn Mullins", "lynn.mullins@gmail.com", "sha1$Uius9XSf$378e366f35a41ef638b9e0c0107f42cd97fa4778");
INSERT INTO Athlete VALUES (330, 69, 237);
INSERT INTO User VALUES (331, "Alfonso Benson", "alfonso.benson@gmail.com", "sha1$pDoAY5Zs$48da0de4ce7bf8da36f46a2367e86fa76aaa4ffd");
INSERT INTO Athlete VALUES (331, 77, 185);
INSERT INTO User VALUES (332, "Orlando Sharp", "orlando.sharp@gmail.com", "sha1$N9x1qDQf$ae401d61b979e88244092dd119e3f647c53ecc29");
INSERT INTO Athlete VALUES (332, 72, 236);
INSERT INTO User VALUES (333, "Rex Bowen", "rex.bowen@gmail.com", "sha1$em5vCnAt$06273216d94ef568837df80729476ed70ae0aa48");
INSERT INTO Athlete VALUES (333, 79, 226);
INSERT INTO User VALUES (334, "Carlton Daniel", "carlton.daniel@gmail.com", "sha1$lIUsFASG$dff222a70b6532af4615bf34f22082ab9f9c0d0d");
INSERT INTO Athlete VALUES (334, 74, 226);
INSERT INTO User VALUES (335, "Ernesto Barber", "ernesto.barber@gmail.com", "sha1$M6qaukMb$95294420ca2bda8649c7bafbcc4d1cfb00781d13");
INSERT INTO Athlete VALUES (335, 70, 160);
INSERT INTO User VALUES (336, "Cameron Cummings", "cameron.cummings@gmail.com", "sha1$IAyyR8Pl$857f36648a85bebc41ccdfb9b2fd8f61fa9e5e3a");
INSERT INTO Athlete VALUES (336, 80, 156);
INSERT INTO User VALUES (337, "Neal Hines", "neal.hines@gmail.com", "sha1$P3FG0cLy$f8af90349d7c7934965b2ccb947bd36e34ec42de");
INSERT INTO Athlete VALUES (337, 77, 218);
INSERT INTO User VALUES (338, "Pablo Baldwin", "pablo.baldwin@gmail.com", "sha1$zaAJDmMr$61b3f165c84fd54a715ccc7cad3470a821c4476b");
INSERT INTO Athlete VALUES (338, 70, 231);
INSERT INTO User VALUES (339, "Lorenzo Griffith", "lorenzo.griffith@gmail.com", "sha1$Y4YriMhe$e234a8e9f48f7c4a2ac6328423192915a99a75dc");
INSERT INTO Athlete VALUES (339, 68, 216);
INSERT INTO User VALUES (340, "Omar Valdez", "omar.valdez@gmail.com", "sha1$3izV80Ha$7a79dcb48028be8f99854b9054de0d4454e90c7f");
INSERT INTO Athlete VALUES (340, 78, 183);
INSERT INTO User VALUES (341, "Wilbur Hubbard", "wilbur.hubbard@gmail.com", "sha1$s3i7dWCd$dd13db284404af592caf03bfcad4949f9ab9874e");
INSERT INTO Athlete VALUES (341, 74, 172);
INSERT INTO User VALUES (342, "Blake Salazar", "blake.salazar@gmail.com", "sha1$im2I6QzE$422d01c4596811308c2b533b734e103f4593bd73");
INSERT INTO Athlete VALUES (342, 79, 161);
INSERT INTO User VALUES (343, "Grant Reeves", "grant.reeves@gmail.com", "sha1$d9eHhmB7$3c223a89c31532bbe9b17488125da61bab66094b");
INSERT INTO Athlete VALUES (343, 65, 246);
INSERT INTO User VALUES (344, "Horace Warner", "horace.warner@gmail.com", "sha1$UZR0UYWD$24365ebac97ac2c7070ae263a4ac838d0341270e");
INSERT INTO Athlete VALUES (344, 67, 239);
INSERT INTO User VALUES (345, "Roderick Stevenson", "roderick.stevenson@gmail.com", "sha1$7740Jk04$89a83ed04dfba1ba8d435febc631bfa3a75a5cdd");
INSERT INTO Athlete VALUES (345, 66, 191);
INSERT INTO User VALUES (346, "Kerry Burgess", "kerry.burgess@gmail.com", "sha1$l3IID6PO$9caf64d883a33649ef206875cd68ceddf29e0075");
INSERT INTO Athlete VALUES (346, 70, 210);
INSERT INTO User VALUES (347, "Abraham Santos", "abraham.santos@gmail.com", "sha1$immXpjuI$4089a354e0ea370d18f1e99df8ce2295fd62204d");
INSERT INTO Athlete VALUES (347, 75, 154);
INSERT INTO User VALUES (348, "Willis Tate", "willis.tate@gmail.com", "sha1$swnX9VBa$a7b010b4b80650654aed0ec9de0f6086ae3e622b");
INSERT INTO Athlete VALUES (348, 77, 239);
INSERT INTO User VALUES (349, "Rickey Cross", "rickey.cross@gmail.com", "sha1$YKbwChQd$401dd866dfdfed6e0644c0d747daf34394f7d3b3");
INSERT INTO Athlete VALUES (349, 70, 244);
INSERT INTO User VALUES (350, "Jean Garner", "jean.garner@gmail.com", "sha1$02rJB0lX$2bff0f79e52adccbaeafc4fec90dd671bda127e0");
INSERT INTO Athlete VALUES (350, 65, 203);
INSERT INTO User VALUES (351, "Ira Mann", "ira.mann@gmail.com", "sha1$YUER5fji$b01d62fe359122a48d67d9e63a763150f450e6bd");
INSERT INTO Athlete VALUES (351, 74, 158);
INSERT INTO User VALUES (352, "Andres Mack", "andres.mack@gmail.com", "sha1$MsZqSrkb$a84296f88bc4d40f13ff1bdaeef45acca26fd544");
INSERT INTO Athlete VALUES (352, 73, 175);
INSERT INTO User VALUES (353, "Cesar Moss", "cesar.moss@gmail.com", "sha1$TMZmXIiE$e41cb91243900434613f9e59d59ea9543541d497");
INSERT INTO Athlete VALUES (353, 72, 238);
INSERT INTO User VALUES (354, "Johnathan Thornton", "johnathan.thornton@gmail.com", "sha1$1TvApxSx$d8b509c68492f1c02c7cbb99b558401f6c3ccfec");
INSERT INTO Athlete VALUES (354, 79, 156);
INSERT INTO User VALUES (355, "Malcolm Dennis", "malcolm.dennis@gmail.com", "sha1$2ZinYotb$add5a80aaf6c4e880e6ff999479f49fc13166fe8");
INSERT INTO Athlete VALUES (355, 78, 207);
INSERT INTO User VALUES (356, "Rudolph Mcgee", "rudolph.mcgee@gmail.com", "sha1$n8lbMeBo$4eb7db14afe84c0aeb760cfa56dc4eebd72a8f18");
INSERT INTO Athlete VALUES (356, 80, 190);
INSERT INTO User VALUES (357, "Damon Farmer", "damon.farmer@gmail.com", "sha1$WsB2jCX2$3ef0a8da51d2c879e9276fd187c01f43e7ba3de4");
INSERT INTO Athlete VALUES (357, 66, 168);
INSERT INTO User VALUES (358, "Kelvin Delgado", "kelvin.delgado@gmail.com", "sha1$LGe5fWeS$6769dcf4d6746323b738c578208d8fc603f863d2");
INSERT INTO Athlete VALUES (358, 76, 238);
INSERT INTO User VALUES (359, "Rudy Aguilar", "rudy.aguilar@gmail.com", "sha1$KX6eBNVQ$95ee2f0353caf365e35c6689f188408a2ca755c4");
INSERT INTO Athlete VALUES (359, 78, 196);
INSERT INTO User VALUES (360, "Preston Vega", "preston.vega@gmail.com", "sha1$8RcACUBm$45615a44ec073fdb2043c2c415709059132511ba");
INSERT INTO Athlete VALUES (360, 80, 192);
INSERT INTO User VALUES (361, "Alton Glover", "alton.glover@gmail.com", "sha1$e73E5Jdx$4ab7626a37728eb42babf3281ed78c4f9b369b3e");
INSERT INTO Athlete VALUES (361, 68, 220);
INSERT INTO User VALUES (362, "Archie Manning", "archie.manning@gmail.com", "sha1$kFmLTTbD$b19f9bf2ae657104843a9341d2823112c0b210b7");
INSERT INTO Athlete VALUES (362, 65, 210);
INSERT INTO User VALUES (363, "Marco Cohen", "marco.cohen@gmail.com", "sha1$7vrJsmC9$4ca48239d411a44d5feee3bf11eb5ffffaef8506");
INSERT INTO Athlete VALUES (363, 73, 233);
INSERT INTO User VALUES (364, "Wm Harmon", "wm.harmon@gmail.com", "sha1$NCbi6g7h$0535cd5e1b8bf0ad623d80b4c9f56747f9eb5fac");
INSERT INTO Athlete VALUES (364, 69, 195);
INSERT INTO User VALUES (365, "Pete Rodgers", "pete.rodgers@gmail.com", "sha1$yu9QB4ut$047ccf26401f8b2255619fcbe996944a8e66a06c");
INSERT INTO Athlete VALUES (365, 79, 233);
INSERT INTO User VALUES (366, "Randolph Robbins", "randolph.robbins@gmail.com", "sha1$E5qX6EBW$2b6290902bf17d4499c282fa07e9dac29ffd0031");
INSERT INTO Athlete VALUES (366, 74, 246);
INSERT INTO User VALUES (367, "Garry Newton", "garry.newton@gmail.com", "sha1$xONa2PTr$6e967ad26e0e8a28ed9e1c49aeb3158e2ecdd6cf");
INSERT INTO Athlete VALUES (367, 66, 177);
INSERT INTO User VALUES (368, "Geoffrey Todd", "geoffrey.todd@gmail.com", "sha1$Jhg2EDW3$2cd885ff631f1ea9cdfaea4900825b54ec25f293");
INSERT INTO Athlete VALUES (368, 80, 195);
INSERT INTO User VALUES (369, "Jonathon Blair", "jonathon.blair@gmail.com", "sha1$6ZupqcPl$33b6f886ca96b766ed84637dd6354ae29e623d97");
INSERT INTO Athlete VALUES (369, 73, 188);
INSERT INTO User VALUES (370, "Felipe Higgins", "felipe.higgins@gmail.com", "sha1$RD78jUor$f3b4c39c66ab445538bada1ce3061fc14d289232");
INSERT INTO Athlete VALUES (370, 73, 241);
INSERT INTO User VALUES (371, "Bennie Ingram", "bennie.ingram@gmail.com", "sha1$mh6S7dX5$1954ab3cafdabe454622d801c060a94527d7b9ba");
INSERT INTO Athlete VALUES (371, 76, 211);
INSERT INTO User VALUES (372, "Gerardo Reese", "gerardo.reese@gmail.com", "sha1$BoZ3wOS7$a62230dfc0f20b7c80bdfbfcf794135d33187fc5");
INSERT INTO Athlete VALUES (372, 72, 180);
INSERT INTO User VALUES (373, "Ed Cannon", "ed.cannon@gmail.com", "sha1$WsqpPy1w$03351990e846dfcb514774a7a1b8b564a85ac1de");
INSERT INTO Athlete VALUES (373, 74, 160);
INSERT INTO User VALUES (374, "Dominic Strickland", "dominic.strickland@gmail.com", "sha1$kiIomjOS$35293cf9258cb0fddac193aed1a32aa54ba36649");
INSERT INTO Athlete VALUES (374, 78, 202);
INSERT INTO User VALUES (375, "Robin Townsend", "robin.townsend@gmail.com", "sha1$HI7ZOCY4$a86d68d86864da95be75e0f1006b68fe8a5d2b04");
INSERT INTO Athlete VALUES (375, 74, 235);
INSERT INTO User VALUES (376, "Loren Potter", "loren.potter@gmail.com", "sha1$iIcKrtzJ$1642e1e28ca264d37c829668b08326254e6e66b8");
INSERT INTO Athlete VALUES (376, 70, 187);
INSERT INTO User VALUES (377, "Delbert Goodwin", "delbert.goodwin@gmail.com", "sha1$lw3fAT9x$0dfd587c7e014747bef37d341c48e54449453843");
INSERT INTO Athlete VALUES (377, 66, 205);
INSERT INTO User VALUES (378, "Colin Walton", "colin.walton@gmail.com", "sha1$xakMbKHS$9d333c23e19545f63e2d748b0cbc826e8beb276d");
INSERT INTO Athlete VALUES (378, 66, 163);
INSERT INTO User VALUES (379, "Guillermo Rowe", "guillermo.rowe@gmail.com", "sha1$sX0bF4zi$51dffe46cc40592d83521d5c250f9d659e7e3e92");
INSERT INTO Athlete VALUES (379, 78, 192);
INSERT INTO User VALUES (380, "Earnest Hampton", "earnest.hampton@gmail.com", "sha1$oMeREt0W$428019593c10436da112ad1b22cdc996539dad9b");
INSERT INTO Athlete VALUES (380, 76, 152);
INSERT INTO User VALUES (381, "Lucas Ortega", "lucas.ortega@gmail.com", "sha1$VJpYX8Yi$ae4ce83adcc021e6249741159d6bf30adda4e023");
INSERT INTO Athlete VALUES (381, 71, 196);
INSERT INTO User VALUES (382, "Benny Patton", "benny.patton@gmail.com", "sha1$Xxfq5NGA$fa239a872c3d9606fe28512325ed459858ed9de5");
INSERT INTO Athlete VALUES (382, 75, 156);
INSERT INTO User VALUES (383, "Noel Swanson", "noel.swanson@gmail.com", "sha1$SpkI9mD9$361164eff977ed03d20032fe205152b8d6208b66");
INSERT INTO Athlete VALUES (383, 80, 174);
INSERT INTO User VALUES (384, "Spencer Joseph", "spencer.joseph@gmail.com", "sha1$bEXU4pJF$ecc3012be85808db826f67a80ed81fd8a58e1e9b");
INSERT INTO Athlete VALUES (384, 65, 174);
INSERT INTO User VALUES (385, "Rodolfo Francis", "rodolfo.francis@gmail.com", "sha1$wiSMixaf$70cd66cee1bc327301875582b8d1ebea3a21a463");
INSERT INTO Athlete VALUES (385, 78, 200);
INSERT INTO User VALUES (386, "Myron Goodman", "myron.goodman@gmail.com", "sha1$J3IuDRIx$d38344ae1442bb5aee6537269ad9b8ec548d73b1");
INSERT INTO Athlete VALUES (386, 77, 166);
INSERT INTO User VALUES (387, "Edmund Maldonado", "edmund.maldonado@gmail.com", "sha1$0GeW1s0c$a737c845aa43480c0bcc075a99bbacb6125f6364");
INSERT INTO Athlete VALUES (387, 79, 157);
INSERT INTO User VALUES (388, "Garrett Yates", "garrett.yates@gmail.com", "sha1$f1xlhdpr$3f6afbc39a1ff72d8cdf0b4f36a4439e6ca61c16");
INSERT INTO Athlete VALUES (388, 70, 216);
INSERT INTO User VALUES (389, "Salvatore Becker", "salvatore.becker@gmail.com", "sha1$T4llOG2x$7c17bb6dc26d3ccbd619e9b26bcb95d2f2a16287");
INSERT INTO Athlete VALUES (389, 75, 156);
INSERT INTO User VALUES (390, "Cedric Erickson", "cedric.erickson@gmail.com", "sha1$3Z6G3jGZ$f3a17d8a1f594d6c9b84420afa277a0a1aa9bfab");
INSERT INTO Athlete VALUES (390, 69, 159);
INSERT INTO User VALUES (391, "Lowell Hodges", "lowell.hodges@gmail.com", "sha1$FjyLBCva$eb93ad1a44c47de0eb6a0950e6e5eae30430b15f");
INSERT INTO Athlete VALUES (391, 80, 202);
INSERT INTO User VALUES (392, "Gregg Rios", "gregg.rios@gmail.com", "sha1$NgG7FacZ$6353c894883859bc489fb9e38587d7061e4772a6");
INSERT INTO Athlete VALUES (392, 74, 160);
INSERT INTO User VALUES (393, "Sherman Conner", "sherman.conner@gmail.com", "sha1$vZvtDFsT$c9798e49faaae56e9db9786cc354ec3fe66d61e0");
INSERT INTO Athlete VALUES (393, 67, 216);
INSERT INTO User VALUES (394, "Wilson Adkins", "wilson.adkins@gmail.com", "sha1$g6qCMGIV$7a81db9b0eecc3f8457c3db1811077e98e241fcb");
INSERT INTO Athlete VALUES (394, 67, 171);
INSERT INTO User VALUES (395, "Devin Webster", "devin.webster@gmail.com", "sha1$iqzlKLY0$998e2898a026a4449e9366003e7411bdf03b523d");
INSERT INTO Athlete VALUES (395, 67, 199);
INSERT INTO User VALUES (396, "Sylvester Norman", "sylvester.norman@gmail.com", "sha1$q20zFpbu$b6c397bad104f0279fad91a0bca10e5330fb482b");
INSERT INTO Athlete VALUES (396, 80, 168);
INSERT INTO User VALUES (397, "Kim Malone", "kim.malone@gmail.com", "sha1$tjsicglu$dd3b1dcfc9ce3ea29e193fbefb35119fbb8bc4c8");
INSERT INTO Athlete VALUES (397, 78, 161);
INSERT INTO User VALUES (398, "Roosevelt Hammond", "roosevelt.hammond@gmail.com", "sha1$LvB8Hty3$bbe60ab75cf5d29ef4e75ef25a106c836eaf2cbc");
INSERT INTO Athlete VALUES (398, 77, 189);
INSERT INTO User VALUES (399, "Israel Flowers", "israel.flowers@gmail.com", "sha1$8K3q1QWJ$fca3d4de590966550ce803991a428d5227253849");
INSERT INTO Athlete VALUES (399, 79, 237);
INSERT INTO User VALUES (400, "Jermaine Cobb", "jermaine.cobb@gmail.com", "sha1$cjqYILDj$a550069052f172c402f09ec30b03f1bfe0b2381c");
INSERT INTO Athlete VALUES (400, 71, 226);
INSERT INTO User VALUES (401, "Forrest Moody", "forrest.moody@gmail.com", "sha1$QroHoeDi$e53bf0af695d64d76326f08485220ec79f4da851");
INSERT INTO Athlete VALUES (401, 70, 182);
INSERT INTO User VALUES (402, "Wilbert Quinn", "wilbert.quinn@gmail.com", "sha1$2YqKuLjN$b0cba00cc407d9e3ffe9ea7de773e8489890cb43");
INSERT INTO Athlete VALUES (402, 71, 193);
INSERT INTO User VALUES (403, "Leland Blake", "leland.blake@gmail.com", "sha1$X4XO3Dbn$1b92a968af76a8577b14a81650145e21872d8757");
INSERT INTO Athlete VALUES (403, 72, 250);
INSERT INTO User VALUES (404, "Simon Maxwell", "simon.maxwell@gmail.com", "sha1$o55pvUkl$772b0089540c8f8955f008328ff47cbcc498db02");
INSERT INTO Athlete VALUES (404, 75, 173);
INSERT INTO User VALUES (405, "Guadalupe Pope", "guadalupe.pope@gmail.com", "sha1$9rS2PvCr$9acafbec50c147028ec87a8e5d4859c1989bd666");
INSERT INTO Athlete VALUES (405, 76, 177);
INSERT INTO User VALUES (406, "Clark Floyd", "clark.floyd@gmail.com", "sha1$rcxez37k$695dd5baf762d33106bf22f1efe6866777e1c01d");
INSERT INTO Athlete VALUES (406, 77, 163);
INSERT INTO User VALUES (407, "Irving Osborne", "irving.osborne@gmail.com", "sha1$8GTlVN9c$971ef10fec1e16dcd583417b2e42e4f8219601ae");
INSERT INTO Athlete VALUES (407, 67, 211);
INSERT INTO User VALUES (408, "Carroll Paul", "carroll.paul@gmail.com", "sha1$yLjHZaSN$8c6d56715e1e0416b16c83ebf158aa951b54dc70");
INSERT INTO Athlete VALUES (408, 72, 209);
INSERT INTO User VALUES (409, "Bryant Mccarthy", "bryant.mccarthy@gmail.com", "sha1$nfBCavAN$33f3e550f5ef3e77ed73de3a97dafb0edbf05471");
INSERT INTO Athlete VALUES (409, 73, 199);
INSERT INTO User VALUES (410, "Owen Guerrero", "owen.guerrero@gmail.com", "sha1$fjfh3xdz$38d3a3edb1b9908e44f424090b85ada7c641beaa");
INSERT INTO Athlete VALUES (410, 78, 193);
INSERT INTO User VALUES (411, "Rufus Lindsey", "rufus.lindsey@gmail.com", "sha1$SZV8j874$07df2356581481942b0eba2951f747c945490b52");
INSERT INTO Athlete VALUES (411, 76, 243);
INSERT INTO User VALUES (412, "Woodrow Estrada", "woodrow.estrada@gmail.com", "sha1$kTjt2cEu$7f409fe010c4625a6bdf75b5b21fb49ad0741854");
INSERT INTO Athlete VALUES (412, 75, 177);
INSERT INTO User VALUES (413, "Sammy Sandoval", "sammy.sandoval@gmail.com", "sha1$Gcpf1kJJ$fc33433f2dc461f9bb129787031f3f77133f7225");
INSERT INTO Athlete VALUES (413, 66, 241);
INSERT INTO User VALUES (414, "Kristopher Gibbs", "kristopher.gibbs@gmail.com", "sha1$m5d7fRym$451009512875881e16bece256b327ea858940ea5");
INSERT INTO Athlete VALUES (414, 78, 221);
INSERT INTO User VALUES (415, "Mack Tyler", "mack.tyler@gmail.com", "sha1$XE6jKKya$a58391c33ffb0a1c591306cad82b1dd31f743758");
INSERT INTO Athlete VALUES (415, 77, 170);
INSERT INTO User VALUES (416, "Levi Gross", "levi.gross@gmail.com", "sha1$IDa6llgA$fd476eb22e481df8aa9e1ae1de0a1e0897b746f8");
INSERT INTO Athlete VALUES (416, 67, 193);
INSERT INTO User VALUES (417, "Marcos Fitzgerald", "marcos.fitzgerald@gmail.com", "sha1$JxzjdR9e$0c4c8e1169e0525d4413ea959f6865d116928ec5");
INSERT INTO Athlete VALUES (417, 72, 238);
INSERT INTO User VALUES (418, "Gustavo Stokes", "gustavo.stokes@gmail.com", "sha1$9WBZDEqG$76e0bcd071e18d94208457877b93286c090c6958");
INSERT INTO Athlete VALUES (418, 76, 190);
INSERT INTO User VALUES (419, "Jake Doyle", "jake.doyle@gmail.com", "sha1$RmVQu4zf$43de4ec364719d41cbae651ed3b89a8709816d25");
INSERT INTO Athlete VALUES (419, 73, 227);
INSERT INTO User VALUES (420, "Lionel Sherman", "lionel.sherman@gmail.com", "sha1$ac0dp3sR$6379940e895894f7caf3c2c0d99c213e67b64da0");
INSERT INTO Athlete VALUES (420, 75, 225);
INSERT INTO User VALUES (421, "Marty Saunders", "marty.saunders@gmail.com", "sha1$nd1CNI7J$3a0d49928877ed460ce8842a6a95ea9ea0d3b0a1");
INSERT INTO Athlete VALUES (421, 80, 190);
INSERT INTO User VALUES (422, "Taylor Wise", "taylor.wise@gmail.com", "sha1$QEf2xBsk$9754bb38c861dcffda99cbefa00f93a4c79b7640");
INSERT INTO Athlete VALUES (422, 79, 223);
INSERT INTO User VALUES (423, "Ellis Colon", "ellis.colon@gmail.com", "sha1$opt9GAO4$8fd2ceccaa821ee2212ca9245bcb3003951aaf39");
INSERT INTO Athlete VALUES (423, 79, 153);
INSERT INTO User VALUES (424, "Dallas Gill", "dallas.gill@gmail.com", "sha1$bE2qIdMl$94b0cfecae45ad8dbd34934fa438f15fb830c1c2");
INSERT INTO Athlete VALUES (424, 67, 249);
INSERT INTO User VALUES (425, "Gilberto Alvarado", "gilberto.alvarado@gmail.com", "sha1$hWf6vncX$8020becc5ae2626eb72f9e304e88b3937542645a");
INSERT INTO Athlete VALUES (425, 79, 210);
INSERT INTO User VALUES (426, "Clint Greer", "clint.greer@gmail.com", "sha1$h61UaDFq$ed109843ca4da3b932c9cc25535490c0976a2e13");
INSERT INTO Athlete VALUES (426, 67, 153);
INSERT INTO User VALUES (427, "Nicolas Padilla", "nicolas.padilla@gmail.com", "sha1$R3FDSkVb$aa43b8af018091fb108da026fe7e73468b4d6ffe");
INSERT INTO Athlete VALUES (427, 75, 208);
INSERT INTO User VALUES (428, "Laurence Simon", "laurence.simon@gmail.com", "sha1$Qcupyv2l$e1131c39b34864bcab281e44712cbfc8b40b51ff");
INSERT INTO Athlete VALUES (428, 68, 238);
INSERT INTO User VALUES (429, "Ismael Waters", "ismael.waters@gmail.com", "sha1$StTpulzH$1bf3aa5b7b29d3594e0adce0feaecdc3c4c2a4d3");
INSERT INTO Athlete VALUES (429, 69, 226);
INSERT INTO User VALUES (430, "Orville Nunez", "orville.nunez@gmail.com", "sha1$9THtMzxS$cc3b624dbf04afedac758592fb5a1d20c2eccbe5");
INSERT INTO Athlete VALUES (430, 70, 216);
INSERT INTO User VALUES (431, "Drew Ballard", "drew.ballard@gmail.com", "sha1$T3plQzGQ$243b511aad2aa95de97a4f615698cc0b3aba0137");
INSERT INTO Athlete VALUES (431, 72, 229);
INSERT INTO User VALUES (432, "Jody Schwartz", "jody.schwartz@gmail.com", "sha1$blJfPjJb$e82cd76af5ce20a6ddea883ce0b72307d73a27c5");
INSERT INTO Athlete VALUES (432, 79, 188);
INSERT INTO User VALUES (433, "Ervin Mcbride", "ervin.mcbride@gmail.com", "sha1$6kxE4WEs$d0f3ada0dd31ede753326cc91ce7d1b293bd994b");
INSERT INTO Athlete VALUES (433, 76, 162);
INSERT INTO User VALUES (434, "Dewey Houston", "dewey.houston@gmail.com", "sha1$1HMmpdDy$fc46b9dbc2fea69327783a943b8b490fd10b59d0");
INSERT INTO Athlete VALUES (434, 65, 178);
INSERT INTO User VALUES (435, "Al Christensen", "al.christensen@gmail.com", "sha1$SoHTHYqb$f6e45c54a10a5b8782df8f37d869565a79bd8e10");
INSERT INTO Athlete VALUES (435, 72, 182);
INSERT INTO User VALUES (436, "Wilfred Klein", "wilfred.klein@gmail.com", "sha1$rQiB2dhP$b28824cc6a1128fabe2c7494f7e1c825403f8022");
INSERT INTO Athlete VALUES (436, 69, 184);
INSERT INTO User VALUES (437, "Josh Pratt", "josh.pratt@gmail.com", "sha1$RUgqCbMJ$aa37a0d80c96c88611863934367ffbbcfd1b4b6f");
INSERT INTO Athlete VALUES (437, 72, 246);
INSERT INTO User VALUES (438, "Hugo Briggs", "hugo.briggs@gmail.com", "sha1$iH2znVOz$319109b823566f4f48474cca538b0434b3331e7f");
INSERT INTO Athlete VALUES (438, 72, 170);
INSERT INTO User VALUES (439, "Ignacio Parsons", "ignacio.parsons@gmail.com", "sha1$pBlu34ZD$5aa53148256697c8972aea2e072938afbe4a87ef");
INSERT INTO Athlete VALUES (439, 70, 208);
INSERT INTO User VALUES (440, "Caleb Mclaughlin", "caleb.mclaughlin@gmail.com", "sha1$QWBUe9UO$a83253302c922d130b64d81420eeedfa086523f5");
INSERT INTO Athlete VALUES (440, 78, 232);
INSERT INTO User VALUES (441, "Tomas Zimmerman", "tomas.zimmerman@gmail.com", "sha1$00SLHprQ$eae9fa9ae90c1eed157eacaaad049f737d7f407b");
INSERT INTO Athlete VALUES (441, 77, 225);
INSERT INTO User VALUES (442, "Sheldon French", "sheldon.french@gmail.com", "sha1$dH7IHIDp$0794bc34e062c7c84f8bb3f8db3d4d4b0f2403c0");
INSERT INTO Athlete VALUES (442, 68, 172);
INSERT INTO User VALUES (443, "Erick Buchanan", "erick.buchanan@gmail.com", "sha1$tYjlPhXu$322cead457f867ac7957b848868ef7e19582373d");
INSERT INTO Athlete VALUES (443, 67, 248);
INSERT INTO User VALUES (444, "Frankie Moran", "frankie.moran@gmail.com", "sha1$4KWYUBjP$1b89b082ed3fb24bf30c8a0a14ecb584d6d12015");
INSERT INTO Athlete VALUES (444, 69, 228);
INSERT INTO User VALUES (445, "Stewart Copeland", "stewart.copeland@gmail.com", "sha1$RAwQfOPN$2c3f93e029a19cfd336bba5bb7fef3f16fd59d90");
INSERT INTO Athlete VALUES (445, 77, 230);
INSERT INTO User VALUES (446, "Doyle Roy", "doyle.roy@gmail.com", "sha1$eW23qjml$fece111199ab889b844f680abc56d6829756be23");
INSERT INTO Athlete VALUES (446, 73, 206);
INSERT INTO User VALUES (447, "Darrel Pittman", "darrel.pittman@gmail.com", "sha1$bgLCzHEQ$67ddff4a82e7ef2736594af8c0b3459afbad63b7");
INSERT INTO Athlete VALUES (447, 70, 243);
INSERT INTO User VALUES (448, "Rogelio Brady", "rogelio.brady@gmail.com", "sha1$62IiMqhr$7baaa50a7743a564ff36f2317a18aed5a9bae6ed");
INSERT INTO Athlete VALUES (448, 73, 202);
INSERT INTO User VALUES (449, "Terence Mccormick", "terence.mccormick@gmail.com", "sha1$foSJlE08$57f12200a9b0eb051152e9d17a8806fb6662d7d6");
INSERT INTO Athlete VALUES (449, 78, 186);
INSERT INTO User VALUES (450, "Santiago Holloway", "santiago.holloway@gmail.com", "sha1$OA2z6CLV$31f36e6a2b47e683a9831b7cf5e1a4c51e30e7f8");
INSERT INTO Athlete VALUES (450, 73, 175);
INSERT INTO User VALUES (451, "Alonzo Brock", "alonzo.brock@gmail.com", "sha1$gruQivK7$fd6270713e7810c3cdec9c67d5672f9551514880");
INSERT INTO Athlete VALUES (451, 71, 224);
INSERT INTO User VALUES (452, "Elias Poole", "elias.poole@gmail.com", "sha1$lJdvOM6U$7194ba8a62fdcadc6b64e53652e5c892fa69ff22");
INSERT INTO Athlete VALUES (452, 79, 232);
INSERT INTO User VALUES (453, "Bert Frank", "bert.frank@gmail.com", "sha1$7Ms9o0Hh$185659debd30f6d5a775a637eb8d0f21a247e056");
INSERT INTO Athlete VALUES (453, 79, 207);
INSERT INTO User VALUES (454, "Elbert Logan", "elbert.logan@gmail.com", "sha1$xp1ppBVK$61fef02f7444fda24f5674631f270797fa7e04ac");
INSERT INTO Athlete VALUES (454, 67, 225);
INSERT INTO User VALUES (455, "Ramiro Owen", "ramiro.owen@gmail.com", "sha1$WQQAOuRG$72b2d9588b00044e1bc7303b5f2a21ee93b59cb9");
INSERT INTO Athlete VALUES (455, 68, 231);
INSERT INTO User VALUES (456, "Conrad Bass", "conrad.bass@gmail.com", "sha1$5HIebs4S$860cac0b9327b1886bb3777e32e40201253a119b");
INSERT INTO Athlete VALUES (456, 68, 195);
INSERT INTO User VALUES (457, "Pat Marsh", "pat.marsh@gmail.com", "sha1$dQH0rTir$3b9185edbce1ecccfee17ae0185617270d38c890");
INSERT INTO Athlete VALUES (457, 76, 200);
INSERT INTO User VALUES (458, "Noah Drake", "noah.drake@gmail.com", "sha1$Cm93pJVq$247dcce3583bc94f05eb86e8ad49fb36a2960ff6");
INSERT INTO Athlete VALUES (458, 71, 206);
INSERT INTO User VALUES (459, "Grady Wong", "grady.wong@gmail.com", "sha1$jziXytRG$4b75449d45c8c4d23ba4ec4e7cb7a09b21292b74");
INSERT INTO Athlete VALUES (459, 79, 198);
INSERT INTO User VALUES (460, "Phil Jefferson", "phil.jefferson@gmail.com", "sha1$o4vPPJpM$eb86ed28507b92e93b8ef1df2dfeee1224af08dc");
INSERT INTO Athlete VALUES (460, 68, 226);
INSERT INTO User VALUES (461, "Cornelius Park", "cornelius.park@gmail.com", "sha1$3iULNetV$c42d316ed4f747f2c4e90fa1bdf9fd69646ab882");
INSERT INTO Athlete VALUES (461, 76, 207);
INSERT INTO User VALUES (462, "Lamar Morton", "lamar.morton@gmail.com", "sha1$YHn4owif$3d562dce647a3cc5e52e5ed863e89643f260977d");
INSERT INTO Athlete VALUES (462, 66, 206);
INSERT INTO User VALUES (463, "Rolando Abbott", "rolando.abbott@gmail.com", "sha1$IU1b2vBG$781ee91b6c8232bf99e2d15204921ec71dd55457");
INSERT INTO Athlete VALUES (463, 72, 198);
INSERT INTO User VALUES (464, "Clay Sparks", "clay.sparks@gmail.com", "sha1$M5zpGoro$285959c87128f4eb3abc89daf9eac6c44ab4e0b8");
INSERT INTO Athlete VALUES (464, 71, 208);
INSERT INTO User VALUES (465, "Percy Patrick", "percy.patrick@gmail.com", "sha1$o64BOgFV$eab9ac4c63354637ea09168fba864f3d04c3fcca");
INSERT INTO Athlete VALUES (465, 69, 151);
INSERT INTO User VALUES (466, "Dexter Norton", "dexter.norton@gmail.com", "sha1$e8a7uiyh$bde85283f226cc637d8417a68dc6f79af4e379a2");
INSERT INTO Athlete VALUES (466, 72, 189);
INSERT INTO User VALUES (467, "Bradford Huff", "bradford.huff@gmail.com", "sha1$tFGAKMrR$0e0c69035768ee7f8178ebb386ce09de9ad200d0");
INSERT INTO Athlete VALUES (467, 80, 190);
INSERT INTO User VALUES (468, "Merle Clayton", "merle.clayton@gmail.com", "sha1$Irul4lnd$254e7da476c65289eba1efd46cb5b4e22a667cc9");
INSERT INTO Athlete VALUES (468, 80, 224);
INSERT INTO User VALUES (469, "Darin Massey", "darin.massey@gmail.com", "sha1$v0OZ0Uzc$a1f1edf43f0bcb2a17e8ba3b02ee5df5fe8dbc7e");
INSERT INTO Athlete VALUES (469, 68, 176);
INSERT INTO User VALUES (470, "Amos Lloyd", "amos.lloyd@gmail.com", "sha1$kTxreuhH$b629e5010a5566d72b0ae5c7da1702cf37c66945");
INSERT INTO Athlete VALUES (470, 73, 164);
INSERT INTO User VALUES (471, "Terrell Figueroa", "terrell.figueroa@gmail.com", "sha1$PI3GxluJ$f4902bfb3d77cc800feee02af4e4c3a00300c332");
INSERT INTO Athlete VALUES (471, 76, 216);
INSERT INTO User VALUES (472, "Moses Carson", "moses.carson@gmail.com", "sha1$heLuIpUK$5ddec9bd8970d17227068678f27fde3c918b5a80");
INSERT INTO Athlete VALUES (472, 66, 208);
INSERT INTO User VALUES (473, "Irvin Bowers", "irvin.bowers@gmail.com", "sha1$rUJCszRN$de0b802b24ba41b2efed25e7d2d32511d97148d5");
INSERT INTO Athlete VALUES (473, 72, 212);
INSERT INTO User VALUES (474, "Saul Roberson", "saul.roberson@gmail.com", "sha1$Lf02W6uP$dae9fe83206804d9953d6b3784801d4cc97dfef3");
INSERT INTO Athlete VALUES (474, 66, 241);
INSERT INTO User VALUES (475, "Roman Barton", "roman.barton@gmail.com", "sha1$iesm3xSc$b9181a8858753cde70422d99bd921963a44b49fb");
INSERT INTO Athlete VALUES (475, 79, 154);
INSERT INTO User VALUES (476, "Darnell Tran", "darnell.tran@gmail.com", "sha1$n8zYYuGE$347f0c3fd0944c8efe08ebdac3c1f9b670064ecf");
INSERT INTO Athlete VALUES (476, 72, 214);
INSERT INTO User VALUES (477, "Randal Lamb", "randal.lamb@gmail.com", "sha1$RW49rYHY$491c0ea86c7237a37fcdf0093917b0ef2fd21d13");
INSERT INTO Athlete VALUES (477, 71, 241);
INSERT INTO User VALUES (478, "Tommie Harrington", "tommie.harrington@gmail.com", "sha1$S1swDzXy$3f6828d61c43b738bc17abacdd06a64420729560");
INSERT INTO Athlete VALUES (478, 68, 218);
INSERT INTO User VALUES (479, "Timmy Casey", "timmy.casey@gmail.com", "sha1$1vrLD18R$b92535f747fb27527545ef33e9c089acfe9f0b09");
INSERT INTO Athlete VALUES (479, 75, 171);
INSERT INTO User VALUES (480, "Darrin Boone", "darrin.boone@gmail.com", "sha1$Fun9z1Oo$b4f998af4edca1bb58d69b68b906f54978c41996");
INSERT INTO Athlete VALUES (480, 76, 185);
INSERT INTO User VALUES (481, "Winston Cortez", "winston.cortez@gmail.com", "sha1$P6KWY0uv$704bb0adce0d9e125608033e7c5cefb45d459b18");
INSERT INTO Athlete VALUES (481, 80, 200);
INSERT INTO User VALUES (482, "Brendan Clarke", "brendan.clarke@gmail.com", "sha1$c1IlvG4r$fece08cdd557b56dd7937bc6d211f10eb9b3c854");
INSERT INTO Athlete VALUES (482, 74, 173);
INSERT INTO User VALUES (483, "Toby Mathis", "toby.mathis@gmail.com", "sha1$K8nN9uJC$a30eb46c3ac3f0435b0ddfe3809b6736186b2e37");
INSERT INTO Athlete VALUES (483, 80, 229);
INSERT INTO User VALUES (484, "Van Singleton", "van.singleton@gmail.com", "sha1$DTpd9Tz2$3e62df3164cd02603fcb67810c2190e575631ddb");
INSERT INTO Athlete VALUES (484, 78, 229);
INSERT INTO User VALUES (485, "Abel Wilkins", "abel.wilkins@gmail.com", "sha1$n1vYemu9$86327990c9b6b6e130dd0811c9450782e00ce314");
INSERT INTO Athlete VALUES (485, 73, 236);
INSERT INTO User VALUES (486, "Dominick Cain", "dominick.cain@gmail.com", "sha1$EERUEiat$16a080fd98b2044368fde66b89a145154a8302ca");
INSERT INTO Athlete VALUES (486, 79, 209);
INSERT INTO User VALUES (487, "Boyd Bryan", "boyd.bryan@gmail.com", "sha1$1OTDm1zY$afc8f332faf180f0fc45bb2fb0003eb8797fcf50");
INSERT INTO Athlete VALUES (487, 75, 154);
INSERT INTO User VALUES (488, "Courtney Underwood", "courtney.underwood@gmail.com", "sha1$5c5UDjqt$5406e5b87ed774911b7da0c081a86641c9c3ce1c");
INSERT INTO Athlete VALUES (488, 80, 250);
INSERT INTO User VALUES (489, "Jan Hogan", "jan.hogan@gmail.com", "sha1$aUlQnLu9$28a6dcd69d90ff84658ac32b9762fe06fd800728");
INSERT INTO Athlete VALUES (489, 67, 205);
INSERT INTO User VALUES (490, "Emilio Mckenzie", "emilio.mckenzie@gmail.com", "sha1$eXXMXcu0$fa15c4a527c1be02b5dc763b148c3e6e9bfc8e4a");
INSERT INTO Athlete VALUES (490, 78, 196);
INSERT INTO User VALUES (491, "Elijah Collier", "elijah.collier@gmail.com", "sha1$rpn4uChK$01ba7505f7c06c5bdd3f5619b5988a2ce52e206d");
INSERT INTO Athlete VALUES (491, 76, 200);
INSERT INTO User VALUES (492, "Cary Luna", "cary.luna@gmail.com", "sha1$2SNWTiWE$d5b9442799629e53d5c47adb6a517e9729950754");
INSERT INTO Athlete VALUES (492, 71, 205);
INSERT INTO User VALUES (493, "Domingo Phelps", "domingo.phelps@gmail.com", "sha1$3DcrmI3Z$a02923787c2c453c26651a8ce78cb47639ad16f9");
INSERT INTO Athlete VALUES (493, 66, 204);
INSERT INTO User VALUES (494, "Santos Mcguire", "santos.mcguire@gmail.com", "sha1$OuF8Imxy$f0e3380fb2818d5518a087ebe8095f285eedcdd5");
INSERT INTO Athlete VALUES (494, 72, 250);
INSERT INTO User VALUES (495, "Aubrey Allison", "aubrey.allison@gmail.com", "sha1$2kzrJfeX$21c31296c4d875f01df4e3a79e6a4eee00cc0d6a");
INSERT INTO Athlete VALUES (495, 80, 199);
INSERT INTO User VALUES (496, "Emmett Bridges", "emmett.bridges@gmail.com", "sha1$yKAiHOal$62135f0a2c92f4e259a0c8409b68e07bd9bd0d75");
INSERT INTO Athlete VALUES (496, 76, 170);
INSERT INTO User VALUES (497, "Marlon Wilkerson", "marlon.wilkerson@gmail.com", "sha1$npEIfZnL$61c779555c2848e56272c66f65dfb4c388a73ae0");
INSERT INTO Athlete VALUES (497, 74, 245);
INSERT INTO User VALUES (498, "Emanuel Nash", "emanuel.nash@gmail.com", "sha1$A8KMgKht$b78507ff60902487946010fd1436a2cc098fa839");
INSERT INTO Athlete VALUES (498, 71, 155);
INSERT INTO User VALUES (499, "Jerald Summers", "jerald.summers@gmail.com", "sha1$AlLQx5Oq$a353683a370e50d287a9bbace31810663704060d");
INSERT INTO Athlete VALUES (499, 69, 250);
INSERT INTO User VALUES (500, "Edmond Atkins", "edmond.atkins@gmail.com", "sha1$a2eli7Jg$c96fdb11a2c142837066f8723cc8c8dda1c1f41e");
INSERT INTO Athlete VALUES (500, 70, 165);
INSERT INTO TeamMascot VALUES ("Thousand Oaks College", "Lions");
INSERT INTO TeamMascot VALUES ("Covina College", "Tigers");
INSERT INTO TeamMascot VALUES ("Pasadena College", "Bears");
INSERT INTO TeamMascot VALUES ("Long Beach College", "Spartans");
INSERT INTO TeamMascot VALUES ("Chino College", "Warriors");
INSERT INTO TeamMascot VALUES ("Hawthorne College", "Giants");
INSERT INTO TeamMascot VALUES ("Watts College", "Cardinals");
INSERT INTO TeamMascot VALUES ("Lomita College", "Anteaters");
INSERT INTO TeamMascot VALUES ("Pomona-Pitzer College", "Sagehens");
INSERT INTO TeamMascot VALUES ("Anaheim College", "Willows");
INSERT INTO TeamMascot VALUES ("Torrance College", "Tridents");
INSERT INTO TeamMascot VALUES ("Compton College", "Creatures");
INSERT INTO TeamMascot VALUES ("Whittier College", "Poets");
INSERT INTO TeamMascot VALUES ("Venice College", "Aardvarks");
INSERT INTO TeamMascot VALUES ("Orange College", "Mascots");
INSERT INTO TeamMascot VALUES ("Riverside College", "Doors");
INSERT INTO TeamMascot VALUES ("San Bernadino College", "Turnips");
INSERT INTO TeamMascot VALUES ("Loyola College", "Trumpets");
INSERT INTO TeamMascot VALUES ("Claremont College", "Snakes");
INSERT INTO TeamMascot VALUES ("Berkeley College", "Griffins");
INSERT INTO TeamMascot VALUES ("Hollywood College", "Hounds");
INSERT INTO TeamMascot VALUES ("Downey College", "Dragons");
INSERT INTO Team VALUES (1, "Thousand Oaks College", "San Francisco");
INSERT INTO Team VALUES (2, "Covina College", "Claremont");
INSERT INTO Team VALUES (3, "Pasadena College", "Chicago");
INSERT INTO Team VALUES (4, "Long Beach College", "New York");
INSERT INTO Team VALUES (5, "Chino College", "Tuscaloosa");
INSERT INTO Team VALUES (6, "Hawthorne College", "Milwaukee");
INSERT INTO Team VALUES (7, "Watts College", "Oakland");
INSERT INTO Team VALUES (8, "Lomita College", "Los Angeles");
INSERT INTO Team VALUES (9, "Pomona-Pitzer College", "Boston");
INSERT INTO Team VALUES (10, "Anaheim College", "Seattle");
INSERT INTO Team VALUES (11, "Torrance College", "Portland");
INSERT INTO Team VALUES (12, "Compton College", "Richmond");
INSERT INTO Team VALUES (13, "Whittier College", "Dallas");
INSERT INTO Team VALUES (14, "Venice College", "Houston");
INSERT INTO Team VALUES (15, "Orange College", "Denver");
INSERT INTO Team VALUES (16, "Riverside College", "Compton");
INSERT INTO Team VALUES (17, "San Bernadino College", "San Francisco");
INSERT INTO Team VALUES (18, "Loyola College", "Claremont");
INSERT INTO Team VALUES (19, "Claremont College", "Chicago");
INSERT INTO Team VALUES (20, "Berkeley College", "New York");
INSERT INTO Team VALUES (21, "Hollywood College", "Tuscaloosa");
INSERT INTO Team VALUES (22, "Downey College", "Milwaukee");
INSERT INTO Team VALUES (23, "Thousand Oaks College", "Oakland");
INSERT INTO Team VALUES (24, "Covina College", "Los Angeles");
INSERT INTO Team VALUES (25, "Pasadena College", "Boston");
INSERT INTO Team VALUES (26, "Long Beach College", "Seattle");
INSERT INTO Team VALUES (27, "Chino College", "Portland");
INSERT INTO Team VALUES (28, "Hawthorne College", "Richmond");
INSERT INTO Team VALUES (29, "Watts College", "Dallas");
INSERT INTO Team VALUES (30, "Lomita College", "Houston");
INSERT INTO Team VALUES (31, "Pomona-Pitzer College", "Denver");
INSERT INTO Team VALUES (32, "Anaheim College", "Compton");
INSERT INTO Team VALUES (33, "Torrance College", "San Francisco");
INSERT INTO Team VALUES (34, "Compton College", "Claremont");
INSERT INTO Team VALUES (35, "Whittier College", "Chicago");

INSERT INTO SportSeason VALUES ("Football", "Fall");
INSERT INTO Sport(name) VALUES ("Football");
INSERT INTO SportSeason VALUES ("Basketball", "Winter");
INSERT INTO Sport(name) VALUES ("Basketball");
INSERT INTO SportSeason VALUES ("Baseball", "Spring");
INSERT INTO Sport(name) VALUES ("Baseball");
INSERT INTO SportSeason VALUES ("Soccer", "Fall");
INSERT INTO Sport(name) VALUES ("Soccer");
INSERT INTO SportSeason VALUES ("Water Polo", "Fall");
INSERT INTO Sport(name) VALUES ("Water Polo");
INSERT INTO SportSeason VALUES ("Track", "Spring");
INSERT INTO Sport(name) VALUES ("Track");
INSERT INTO SportSeason VALUES ("Cross Country", "Fall");
INSERT INTO Sport(name) VALUES ("Cross Country");
INSERT INTO SportSeason VALUES ("Swimming", "Winter");
INSERT INTO Sport(name) VALUES ("Swimming");
INSERT INTO SportSeason VALUES ("Rugby", "Spring");
INSERT INTO Sport(name) VALUES ("Rugby");
INSERT INTO SportSeason VALUES ("Tennis", "Summer");
INSERT INTO Sport(name) VALUES ("Tennis");
INSERT INTO member_of VALUES (11, 1, "Forward", 1);
INSERT INTO member_of VALUES (12, 2, "Center", 1);
INSERT INTO member_of VALUES (13, 3, "Back", 1);
INSERT INTO member_of VALUES (14, 4, "Left", 1);
INSERT INTO member_of VALUES (15, 5, "Right", 1);
INSERT INTO member_of VALUES (16, 6, "Goalie", 1);
INSERT INTO member_of VALUES (17, 7, "Forward", 1);
INSERT INTO member_of VALUES (18, 8, "Center", 1);
INSERT INTO member_of VALUES (19, 9, "Back", 1);
INSERT INTO member_of VALUES (20, 10, "Left", 1);
INSERT INTO member_of VALUES (21, 11, "Right", 1);
INSERT INTO member_of VALUES (22, 12, "Goalie", 1);
INSERT INTO member_of VALUES (23, 13, "Forward", 1);
INSERT INTO member_of VALUES (24, 14, "Center", 1);
INSERT INTO member_of VALUES (25, 15, "Back", 1);
INSERT INTO member_of VALUES (26, 16, "Left", 1);
INSERT INTO member_of VALUES (27, 17, "Right", 1);
INSERT INTO member_of VALUES (28, 18, "Goalie", 1);
INSERT INTO member_of VALUES (29, 19, "Forward", 1);
INSERT INTO member_of VALUES (30, 20, "Center", 1);
INSERT INTO member_of VALUES (31, 21, "Back", 1);
INSERT INTO member_of VALUES (32, 22, "Left", 1);
INSERT INTO member_of VALUES (33, 23, "Right", 1);
INSERT INTO member_of VALUES (34, 24, "Goalie", 1);
INSERT INTO member_of VALUES (35, 25, "Forward", 1);
INSERT INTO member_of VALUES (36, 26, "Center", 1);
INSERT INTO member_of VALUES (37, 27, "Back", 1);
INSERT INTO member_of VALUES (38, 28, "Left", 1);
INSERT INTO member_of VALUES (39, 29, "Right", 1);
INSERT INTO member_of VALUES (40, 30, "Goalie", 1);
INSERT INTO member_of VALUES (41, 31, "Forward", 1);
INSERT INTO member_of VALUES (42, 32, "Center", 1);
INSERT INTO member_of VALUES (43, 33, "Back", 1);
INSERT INTO member_of VALUES (44, 34, "Left", 1);
INSERT INTO member_of VALUES (45, 35, "Right", 1);
INSERT INTO member_of VALUES (46, 1, "Goalie", 2);
INSERT INTO member_of VALUES (47, 2, "Forward", 2);
INSERT INTO member_of VALUES (48, 3, "Center", 2);
INSERT INTO member_of VALUES (49, 4, "Back", 2);
INSERT INTO member_of VALUES (50, 5, "Left", 2);
INSERT INTO member_of VALUES (51, 6, "Right", 2);
INSERT INTO member_of VALUES (52, 7, "Goalie", 2);
INSERT INTO member_of VALUES (53, 8, "Forward", 2);
INSERT INTO member_of VALUES (54, 9, "Center", 2);
INSERT INTO member_of VALUES (55, 10, "Back", 2);
INSERT INTO member_of VALUES (56, 11, "Left", 2);
INSERT INTO member_of VALUES (57, 12, "Right", 2);
INSERT INTO member_of VALUES (58, 13, "Goalie", 2);
INSERT INTO member_of VALUES (59, 14, "Forward", 2);
INSERT INTO member_of VALUES (60, 15, "Center", 2);
INSERT INTO member_of VALUES (61, 16, "Back", 2);
INSERT INTO member_of VALUES (62, 17, "Left", 2);
INSERT INTO member_of VALUES (63, 18, "Right", 2);
INSERT INTO member_of VALUES (64, 19, "Goalie", 2);
INSERT INTO member_of VALUES (65, 20, "Forward", 2);
INSERT INTO member_of VALUES (66, 21, "Center", 2);
INSERT INTO member_of VALUES (67, 22, "Back", 2);
INSERT INTO member_of VALUES (68, 23, "Left", 2);
INSERT INTO member_of VALUES (69, 24, "Right", 2);
INSERT INTO member_of VALUES (70, 25, "Goalie", 2);
INSERT INTO member_of VALUES (71, 26, "Forward", 2);
INSERT INTO member_of VALUES (72, 27, "Center", 2);
INSERT INTO member_of VALUES (73, 28, "Back", 2);
INSERT INTO member_of VALUES (74, 29, "Left", 2);
INSERT INTO member_of VALUES (75, 30, "Right", 2);
INSERT INTO member_of VALUES (76, 31, "Goalie", 2);
INSERT INTO member_of VALUES (77, 32, "Forward", 2);
INSERT INTO member_of VALUES (78, 33, "Center", 2);
INSERT INTO member_of VALUES (79, 34, "Back", 2);
INSERT INTO member_of VALUES (80, 35, "Left", 2);
INSERT INTO member_of VALUES (81, 1, "Right", 3);
INSERT INTO member_of VALUES (82, 2, "Goalie", 3);
INSERT INTO member_of VALUES (83, 3, "Forward", 3);
INSERT INTO member_of VALUES (84, 4, "Center", 3);
INSERT INTO member_of VALUES (85, 5, "Back", 3);
INSERT INTO member_of VALUES (86, 6, "Left", 3);
INSERT INTO member_of VALUES (87, 7, "Right", 3);
INSERT INTO member_of VALUES (88, 8, "Goalie", 3);
INSERT INTO member_of VALUES (89, 9, "Forward", 3);
INSERT INTO member_of VALUES (90, 10, "Center", 3);
INSERT INTO member_of VALUES (91, 11, "Back", 3);
INSERT INTO member_of VALUES (92, 12, "Left", 3);
INSERT INTO member_of VALUES (93, 13, "Right", 3);
INSERT INTO member_of VALUES (94, 14, "Goalie", 3);
INSERT INTO member_of VALUES (95, 15, "Forward", 3);
INSERT INTO member_of VALUES (96, 16, "Center", 3);
INSERT INTO member_of VALUES (97, 17, "Back", 3);
INSERT INTO member_of VALUES (98, 18, "Left", 3);
INSERT INTO member_of VALUES (99, 19, "Right", 3);
INSERT INTO member_of VALUES (100, 20, "Goalie", 3);
INSERT INTO member_of VALUES (101, 21, "Forward", 3);
INSERT INTO member_of VALUES (102, 22, "Center", 3);
INSERT INTO member_of VALUES (103, 23, "Back", 3);
INSERT INTO member_of VALUES (104, 24, "Left", 3);
INSERT INTO member_of VALUES (105, 25, "Right", 3);
INSERT INTO member_of VALUES (106, 26, "Goalie", 3);
INSERT INTO member_of VALUES (107, 27, "Forward", 3);
INSERT INTO member_of VALUES (108, 28, "Center", 3);
INSERT INTO member_of VALUES (109, 29, "Back", 3);
INSERT INTO member_of VALUES (110, 30, "Left", 3);
INSERT INTO member_of VALUES (111, 31, "Right", 3);
INSERT INTO member_of VALUES (112, 32, "Goalie", 3);
INSERT INTO member_of VALUES (113, 33, "Forward", 3);
INSERT INTO member_of VALUES (114, 34, "Center", 3);
INSERT INTO member_of VALUES (115, 35, "Back", 3);
INSERT INTO member_of VALUES (116, 1, "Left", 4);
INSERT INTO member_of VALUES (117, 2, "Right", 4);
INSERT INTO member_of VALUES (118, 3, "Goalie", 4);
INSERT INTO member_of VALUES (119, 4, "Forward", 4);
INSERT INTO member_of VALUES (120, 5, "Center", 4);
INSERT INTO member_of VALUES (121, 6, "Back", 4);
INSERT INTO member_of VALUES (122, 7, "Left", 4);
INSERT INTO member_of VALUES (123, 8, "Right", 4);
INSERT INTO member_of VALUES (124, 9, "Goalie", 4);
INSERT INTO member_of VALUES (125, 10, "Forward", 4);
INSERT INTO member_of VALUES (126, 11, "Center", 4);
INSERT INTO member_of VALUES (127, 12, "Back", 4);
INSERT INTO member_of VALUES (128, 13, "Left", 4);
INSERT INTO member_of VALUES (129, 14, "Right", 4);
INSERT INTO member_of VALUES (130, 15, "Goalie", 4);
INSERT INTO member_of VALUES (131, 16, "Forward", 4);
INSERT INTO member_of VALUES (132, 17, "Center", 4);
INSERT INTO member_of VALUES (133, 18, "Back", 4);
INSERT INTO member_of VALUES (134, 19, "Left", 4);
INSERT INTO member_of VALUES (135, 20, "Right", 4);
INSERT INTO member_of VALUES (136, 21, "Goalie", 4);
INSERT INTO member_of VALUES (137, 22, "Forward", 4);
INSERT INTO member_of VALUES (138, 23, "Center", 4);
INSERT INTO member_of VALUES (139, 24, "Back", 4);
INSERT INTO member_of VALUES (140, 25, "Left", 4);
INSERT INTO member_of VALUES (141, 26, "Right", 4);
INSERT INTO member_of VALUES (142, 27, "Goalie", 4);
INSERT INTO member_of VALUES (143, 28, "Forward", 4);
INSERT INTO member_of VALUES (144, 29, "Center", 4);
INSERT INTO member_of VALUES (145, 30, "Back", 4);
INSERT INTO member_of VALUES (146, 31, "Left", 4);
INSERT INTO member_of VALUES (147, 32, "Right", 4);
INSERT INTO member_of VALUES (148, 33, "Goalie", 4);
INSERT INTO member_of VALUES (149, 34, "Forward", 4);
INSERT INTO member_of VALUES (150, 35, "Center", 4);
INSERT INTO member_of VALUES (151, 1, "Back", 5);
INSERT INTO member_of VALUES (152, 2, "Left", 5);
INSERT INTO member_of VALUES (153, 3, "Right", 5);
INSERT INTO member_of VALUES (154, 4, "Goalie", 5);
INSERT INTO member_of VALUES (155, 5, "Forward", 5);
INSERT INTO member_of VALUES (156, 6, "Center", 5);
INSERT INTO member_of VALUES (157, 7, "Back", 5);
INSERT INTO member_of VALUES (158, 8, "Left", 5);
INSERT INTO member_of VALUES (159, 9, "Right", 5);
INSERT INTO member_of VALUES (160, 10, "Goalie", 5);
INSERT INTO member_of VALUES (161, 11, "Forward", 5);
INSERT INTO member_of VALUES (162, 12, "Center", 5);
INSERT INTO member_of VALUES (163, 13, "Back", 5);
INSERT INTO member_of VALUES (164, 14, "Left", 5);
INSERT INTO member_of VALUES (165, 15, "Right", 5);
INSERT INTO member_of VALUES (166, 16, "Goalie", 5);
INSERT INTO member_of VALUES (167, 17, "Forward", 5);
INSERT INTO member_of VALUES (168, 18, "Center", 5);
INSERT INTO member_of VALUES (169, 19, "Back", 5);
INSERT INTO member_of VALUES (170, 20, "Left", 5);
INSERT INTO member_of VALUES (171, 21, "Right", 5);
INSERT INTO member_of VALUES (172, 22, "Goalie", 5);
INSERT INTO member_of VALUES (173, 23, "Forward", 5);
INSERT INTO member_of VALUES (174, 24, "Center", 5);
INSERT INTO member_of VALUES (175, 25, "Back", 5);
INSERT INTO member_of VALUES (176, 26, "Left", 5);
INSERT INTO member_of VALUES (177, 27, "Right", 5);
INSERT INTO member_of VALUES (178, 28, "Goalie", 5);
INSERT INTO member_of VALUES (179, 29, "Forward", 5);
INSERT INTO member_of VALUES (180, 30, "Center", 5);
INSERT INTO member_of VALUES (181, 31, "Back", 5);
INSERT INTO member_of VALUES (182, 32, "Left", 5);
INSERT INTO member_of VALUES (183, 33, "Right", 5);
INSERT INTO member_of VALUES (184, 34, "Goalie", 5);
INSERT INTO member_of VALUES (185, 35, "Forward", 5);
INSERT INTO member_of VALUES (186, 1, "Center", 6);
INSERT INTO member_of VALUES (187, 2, "Back", 6);
INSERT INTO member_of VALUES (188, 3, "Left", 6);
INSERT INTO member_of VALUES (189, 4, "Right", 6);
INSERT INTO member_of VALUES (190, 5, "Goalie", 6);
INSERT INTO member_of VALUES (191, 6, "Forward", 6);
INSERT INTO member_of VALUES (192, 7, "Center", 6);
INSERT INTO member_of VALUES (193, 8, "Back", 6);
INSERT INTO member_of VALUES (194, 9, "Left", 6);
INSERT INTO member_of VALUES (195, 10, "Right", 6);
INSERT INTO member_of VALUES (196, 11, "Goalie", 6);
INSERT INTO member_of VALUES (197, 12, "Forward", 6);
INSERT INTO member_of VALUES (198, 13, "Center", 6);
INSERT INTO member_of VALUES (199, 14, "Back", 6);
INSERT INTO member_of VALUES (200, 15, "Left", 6);
INSERT INTO member_of VALUES (201, 16, "Right", 6);
INSERT INTO member_of VALUES (202, 17, "Goalie", 6);
INSERT INTO member_of VALUES (203, 18, "Forward", 6);
INSERT INTO member_of VALUES (204, 19, "Center", 6);
INSERT INTO member_of VALUES (205, 20, "Back", 6);
INSERT INTO member_of VALUES (206, 21, "Left", 6);
INSERT INTO member_of VALUES (207, 22, "Right", 6);
INSERT INTO member_of VALUES (208, 23, "Goalie", 6);
INSERT INTO member_of VALUES (209, 24, "Forward", 6);
INSERT INTO member_of VALUES (210, 25, "Center", 6);
INSERT INTO member_of VALUES (211, 26, "Back", 6);
INSERT INTO member_of VALUES (212, 27, "Left", 6);
INSERT INTO member_of VALUES (213, 28, "Right", 6);
INSERT INTO member_of VALUES (214, 29, "Goalie", 6);
INSERT INTO member_of VALUES (215, 30, "Forward", 6);
INSERT INTO member_of VALUES (216, 31, "Center", 6);
INSERT INTO member_of VALUES (217, 32, "Back", 6);
INSERT INTO member_of VALUES (218, 33, "Left", 6);
INSERT INTO member_of VALUES (219, 34, "Right", 6);
INSERT INTO member_of VALUES (220, 35, "Goalie", 6);
INSERT INTO member_of VALUES (221, 1, "Forward", 7);
INSERT INTO member_of VALUES (222, 2, "Center", 7);
INSERT INTO member_of VALUES (223, 3, "Back", 7);
INSERT INTO member_of VALUES (224, 4, "Left", 7);
INSERT INTO member_of VALUES (225, 5, "Right", 7);
INSERT INTO member_of VALUES (226, 6, "Goalie", 7);
INSERT INTO member_of VALUES (227, 7, "Forward", 7);
INSERT INTO member_of VALUES (228, 8, "Center", 7);
INSERT INTO member_of VALUES (229, 9, "Back", 7);
INSERT INTO member_of VALUES (230, 10, "Left", 7);
INSERT INTO member_of VALUES (231, 11, "Right", 7);
INSERT INTO member_of VALUES (232, 12, "Goalie", 7);
INSERT INTO member_of VALUES (233, 13, "Forward", 7);
INSERT INTO member_of VALUES (234, 14, "Center", 7);
INSERT INTO member_of VALUES (235, 15, "Back", 7);
INSERT INTO member_of VALUES (236, 16, "Left", 7);
INSERT INTO member_of VALUES (237, 17, "Right", 7);
INSERT INTO member_of VALUES (238, 18, "Goalie", 7);
INSERT INTO member_of VALUES (239, 19, "Forward", 7);
INSERT INTO member_of VALUES (240, 20, "Center", 7);
INSERT INTO member_of VALUES (241, 21, "Back", 7);
INSERT INTO member_of VALUES (242, 22, "Left", 7);
INSERT INTO member_of VALUES (243, 23, "Right", 7);
INSERT INTO member_of VALUES (244, 24, "Goalie", 7);
INSERT INTO member_of VALUES (245, 25, "Forward", 7);
INSERT INTO member_of VALUES (246, 26, "Center", 7);
INSERT INTO member_of VALUES (247, 27, "Back", 7);
INSERT INTO member_of VALUES (248, 28, "Left", 7);
INSERT INTO member_of VALUES (249, 29, "Right", 7);
INSERT INTO member_of VALUES (250, 30, "Goalie", 7);
INSERT INTO member_of VALUES (251, 31, "Forward", 7);
INSERT INTO member_of VALUES (252, 32, "Center", 7);
INSERT INTO member_of VALUES (253, 33, "Back", 7);
INSERT INTO member_of VALUES (254, 34, "Left", 7);
INSERT INTO member_of VALUES (255, 35, "Right", 7);
INSERT INTO member_of VALUES (256, 1, "Goalie", 8);
INSERT INTO member_of VALUES (257, 2, "Forward", 8);
INSERT INTO member_of VALUES (258, 3, "Center", 8);
INSERT INTO member_of VALUES (259, 4, "Back", 8);
INSERT INTO member_of VALUES (260, 5, "Left", 8);
INSERT INTO member_of VALUES (261, 6, "Right", 8);
INSERT INTO member_of VALUES (262, 7, "Goalie", 8);
INSERT INTO member_of VALUES (263, 8, "Forward", 8);
INSERT INTO member_of VALUES (264, 9, "Center", 8);
INSERT INTO member_of VALUES (265, 10, "Back", 8);
INSERT INTO member_of VALUES (266, 11, "Left", 8);
INSERT INTO member_of VALUES (267, 12, "Right", 8);
INSERT INTO member_of VALUES (268, 13, "Goalie", 8);
INSERT INTO member_of VALUES (269, 14, "Forward", 8);
INSERT INTO member_of VALUES (270, 15, "Center", 8);
INSERT INTO member_of VALUES (271, 16, "Back", 8);
INSERT INTO member_of VALUES (272, 17, "Left", 8);
INSERT INTO member_of VALUES (273, 18, "Right", 8);
INSERT INTO member_of VALUES (274, 19, "Goalie", 8);
INSERT INTO member_of VALUES (275, 20, "Forward", 8);
INSERT INTO member_of VALUES (276, 21, "Center", 8);
INSERT INTO member_of VALUES (277, 22, "Back", 8);
INSERT INTO member_of VALUES (278, 23, "Left", 8);
INSERT INTO member_of VALUES (279, 24, "Right", 8);
INSERT INTO member_of VALUES (280, 25, "Goalie", 8);
INSERT INTO member_of VALUES (281, 26, "Forward", 8);
INSERT INTO member_of VALUES (282, 27, "Center", 8);
INSERT INTO member_of VALUES (283, 28, "Back", 8);
INSERT INTO member_of VALUES (284, 29, "Left", 8);
INSERT INTO member_of VALUES (285, 30, "Right", 8);
INSERT INTO member_of VALUES (286, 31, "Goalie", 8);
INSERT INTO member_of VALUES (287, 32, "Forward", 8);
INSERT INTO member_of VALUES (288, 33, "Center", 8);
INSERT INTO member_of VALUES (289, 34, "Back", 8);
INSERT INTO member_of VALUES (290, 35, "Left", 8);
INSERT INTO member_of VALUES (291, 1, "Right", 9);
INSERT INTO member_of VALUES (292, 2, "Goalie", 9);
INSERT INTO member_of VALUES (293, 3, "Forward", 9);
INSERT INTO member_of VALUES (294, 4, "Center", 9);
INSERT INTO member_of VALUES (295, 5, "Back", 9);
INSERT INTO member_of VALUES (296, 6, "Left", 9);
INSERT INTO member_of VALUES (297, 7, "Right", 9);
INSERT INTO member_of VALUES (298, 8, "Goalie", 9);
INSERT INTO member_of VALUES (299, 9, "Forward", 9);
INSERT INTO member_of VALUES (300, 10, "Center", 9);
INSERT INTO member_of VALUES (301, 11, "Back", 9);
INSERT INTO member_of VALUES (302, 12, "Left", 9);
INSERT INTO member_of VALUES (303, 13, "Right", 9);
INSERT INTO member_of VALUES (304, 14, "Goalie", 9);
INSERT INTO member_of VALUES (305, 15, "Forward", 9);
INSERT INTO member_of VALUES (306, 16, "Center", 9);
INSERT INTO member_of VALUES (307, 17, "Back", 9);
INSERT INTO member_of VALUES (308, 18, "Left", 9);
INSERT INTO member_of VALUES (309, 19, "Right", 9);
INSERT INTO member_of VALUES (310, 20, "Goalie", 9);
INSERT INTO member_of VALUES (311, 21, "Forward", 9);
INSERT INTO member_of VALUES (312, 22, "Center", 9);
INSERT INTO member_of VALUES (313, 23, "Back", 9);
INSERT INTO member_of VALUES (314, 24, "Left", 9);
INSERT INTO member_of VALUES (315, 25, "Right", 9);
INSERT INTO member_of VALUES (316, 26, "Goalie", 9);
INSERT INTO member_of VALUES (317, 27, "Forward", 9);
INSERT INTO member_of VALUES (318, 28, "Center", 9);
INSERT INTO member_of VALUES (319, 29, "Back", 9);
INSERT INTO member_of VALUES (320, 30, "Left", 9);
INSERT INTO member_of VALUES (321, 31, "Right", 9);
INSERT INTO member_of VALUES (322, 32, "Goalie", 9);
INSERT INTO member_of VALUES (323, 33, "Forward", 9);
INSERT INTO member_of VALUES (324, 34, "Center", 9);
INSERT INTO member_of VALUES (325, 35, "Back", 9);
INSERT INTO member_of VALUES (326, 1, "Left", 10);
INSERT INTO member_of VALUES (327, 2, "Right", 10);
INSERT INTO member_of VALUES (328, 3, "Goalie", 10);
INSERT INTO member_of VALUES (329, 4, "Forward", 10);
INSERT INTO member_of VALUES (330, 5, "Center", 10);
INSERT INTO member_of VALUES (331, 6, "Back", 10);
INSERT INTO member_of VALUES (332, 7, "Left", 10);
INSERT INTO member_of VALUES (333, 8, "Right", 10);
INSERT INTO member_of VALUES (334, 9, "Goalie", 10);
INSERT INTO member_of VALUES (335, 10, "Forward", 10);
INSERT INTO member_of VALUES (336, 11, "Center", 10);
INSERT INTO member_of VALUES (337, 12, "Back", 10);
INSERT INTO member_of VALUES (338, 13, "Left", 10);
INSERT INTO member_of VALUES (339, 14, "Right", 10);
INSERT INTO member_of VALUES (340, 15, "Goalie", 10);
INSERT INTO member_of VALUES (341, 16, "Forward", 10);
INSERT INTO member_of VALUES (342, 17, "Center", 10);
INSERT INTO member_of VALUES (343, 18, "Back", 10);
INSERT INTO member_of VALUES (344, 19, "Left", 10);
INSERT INTO member_of VALUES (345, 20, "Right", 10);
INSERT INTO member_of VALUES (346, 21, "Goalie", 10);
INSERT INTO member_of VALUES (347, 22, "Forward", 10);
INSERT INTO member_of VALUES (348, 23, "Center", 10);
INSERT INTO member_of VALUES (349, 24, "Back", 10);
INSERT INTO member_of VALUES (350, 25, "Left", 10);
INSERT INTO member_of VALUES (351, 26, "Right", 10);
INSERT INTO member_of VALUES (352, 27, "Goalie", 10);
INSERT INTO member_of VALUES (353, 28, "Forward", 10);
INSERT INTO member_of VALUES (354, 29, "Center", 10);
INSERT INTO member_of VALUES (355, 30, "Back", 10);
INSERT INTO member_of VALUES (356, 31, "Left", 10);
INSERT INTO member_of VALUES (357, 32, "Right", 10);
INSERT INTO member_of VALUES (358, 33, "Goalie", 10);
INSERT INTO member_of VALUES (359, 34, "Forward", 10);
INSERT INTO member_of VALUES (360, 35, "Center", 10);
INSERT INTO member_of VALUES (361, 1, "Back", 11);
INSERT INTO member_of VALUES (362, 2, "Left", 11);
INSERT INTO member_of VALUES (363, 3, "Right", 11);
INSERT INTO member_of VALUES (364, 4, "Goalie", 11);
INSERT INTO member_of VALUES (365, 5, "Forward", 11);
INSERT INTO member_of VALUES (366, 6, "Center", 11);
INSERT INTO member_of VALUES (367, 7, "Back", 11);
INSERT INTO member_of VALUES (368, 8, "Left", 11);
INSERT INTO member_of VALUES (369, 9, "Right", 11);
INSERT INTO member_of VALUES (370, 10, "Goalie", 11);
INSERT INTO member_of VALUES (371, 11, "Forward", 11);
INSERT INTO member_of VALUES (372, 12, "Center", 11);
INSERT INTO member_of VALUES (373, 13, "Back", 11);
INSERT INTO member_of VALUES (374, 14, "Left", 11);
INSERT INTO member_of VALUES (375, 15, "Right", 11);
INSERT INTO member_of VALUES (376, 16, "Goalie", 11);
INSERT INTO member_of VALUES (377, 17, "Forward", 11);
INSERT INTO member_of VALUES (378, 18, "Center", 11);
INSERT INTO member_of VALUES (379, 19, "Back", 11);
INSERT INTO member_of VALUES (380, 20, "Left", 11);
INSERT INTO member_of VALUES (381, 21, "Right", 11);
INSERT INTO member_of VALUES (382, 22, "Goalie", 11);
INSERT INTO member_of VALUES (383, 23, "Forward", 11);
INSERT INTO member_of VALUES (384, 24, "Center", 11);
INSERT INTO member_of VALUES (385, 25, "Back", 11);
INSERT INTO member_of VALUES (386, 26, "Left", 11);
INSERT INTO member_of VALUES (387, 27, "Right", 11);
INSERT INTO member_of VALUES (388, 28, "Goalie", 11);
INSERT INTO member_of VALUES (389, 29, "Forward", 11);
INSERT INTO member_of VALUES (390, 30, "Center", 11);
INSERT INTO member_of VALUES (391, 31, "Back", 11);
INSERT INTO member_of VALUES (392, 32, "Left", 11);
INSERT INTO member_of VALUES (393, 33, "Right", 11);
INSERT INTO member_of VALUES (394, 34, "Goalie", 11);
INSERT INTO member_of VALUES (395, 35, "Forward", 11);
INSERT INTO member_of VALUES (396, 1, "Center", 12);
INSERT INTO member_of VALUES (397, 2, "Back", 12);
INSERT INTO member_of VALUES (398, 3, "Left", 12);
INSERT INTO member_of VALUES (399, 4, "Right", 12);
INSERT INTO member_of VALUES (400, 5, "Goalie", 12);
INSERT INTO member_of VALUES (401, 6, "Forward", 12);
INSERT INTO member_of VALUES (402, 7, "Center", 12);
INSERT INTO member_of VALUES (403, 8, "Back", 12);
INSERT INTO member_of VALUES (404, 9, "Left", 12);
INSERT INTO member_of VALUES (405, 10, "Right", 12);
INSERT INTO member_of VALUES (406, 11, "Goalie", 12);
INSERT INTO member_of VALUES (407, 12, "Forward", 12);
INSERT INTO member_of VALUES (408, 13, "Center", 12);
INSERT INTO member_of VALUES (409, 14, "Back", 12);
INSERT INTO member_of VALUES (410, 15, "Left", 12);
INSERT INTO member_of VALUES (411, 16, "Right", 12);
INSERT INTO member_of VALUES (412, 17, "Goalie", 12);
INSERT INTO member_of VALUES (413, 18, "Forward", 12);
INSERT INTO member_of VALUES (414, 19, "Center", 12);
INSERT INTO member_of VALUES (415, 20, "Back", 12);
INSERT INTO member_of VALUES (416, 21, "Left", 12);
INSERT INTO member_of VALUES (417, 22, "Right", 12);
INSERT INTO member_of VALUES (418, 23, "Goalie", 12);
INSERT INTO member_of VALUES (419, 24, "Forward", 12);
INSERT INTO member_of VALUES (420, 25, "Center", 12);
INSERT INTO member_of VALUES (421, 26, "Back", 12);
INSERT INTO member_of VALUES (422, 27, "Left", 12);
INSERT INTO member_of VALUES (423, 28, "Right", 12);
INSERT INTO member_of VALUES (424, 29, "Goalie", 12);
INSERT INTO member_of VALUES (425, 30, "Forward", 12);
INSERT INTO member_of VALUES (426, 31, "Center", 12);
INSERT INTO member_of VALUES (427, 32, "Back", 12);
INSERT INTO member_of VALUES (428, 33, "Left", 12);
INSERT INTO member_of VALUES (429, 34, "Right", 12);
INSERT INTO member_of VALUES (430, 35, "Goalie", 12);
INSERT INTO member_of VALUES (431, 1, "Forward", 13);
INSERT INTO member_of VALUES (432, 2, "Center", 13);
INSERT INTO member_of VALUES (433, 3, "Back", 13);
INSERT INTO member_of VALUES (434, 4, "Left", 13);
INSERT INTO member_of VALUES (435, 5, "Right", 13);
INSERT INTO member_of VALUES (436, 6, "Goalie", 13);
INSERT INTO member_of VALUES (437, 7, "Forward", 13);
INSERT INTO member_of VALUES (438, 8, "Center", 13);
INSERT INTO member_of VALUES (439, 9, "Back", 13);
INSERT INTO member_of VALUES (440, 10, "Left", 13);
INSERT INTO member_of VALUES (441, 11, "Right", 13);
INSERT INTO member_of VALUES (442, 12, "Goalie", 13);
INSERT INTO member_of VALUES (443, 13, "Forward", 13);
INSERT INTO member_of VALUES (444, 14, "Center", 13);
INSERT INTO member_of VALUES (445, 15, "Back", 13);
INSERT INTO member_of VALUES (446, 16, "Left", 13);
INSERT INTO member_of VALUES (447, 17, "Right", 13);
INSERT INTO member_of VALUES (448, 18, "Goalie", 13);
INSERT INTO member_of VALUES (449, 19, "Forward", 13);
INSERT INTO member_of VALUES (450, 20, "Center", 13);
INSERT INTO member_of VALUES (451, 21, "Back", 13);
INSERT INTO member_of VALUES (452, 22, "Left", 13);
INSERT INTO member_of VALUES (453, 23, "Right", 13);
INSERT INTO member_of VALUES (454, 24, "Goalie", 13);
INSERT INTO member_of VALUES (455, 25, "Forward", 13);
INSERT INTO member_of VALUES (456, 26, "Center", 13);
INSERT INTO member_of VALUES (457, 27, "Back", 13);
INSERT INTO member_of VALUES (458, 28, "Left", 13);
INSERT INTO member_of VALUES (459, 29, "Right", 13);
INSERT INTO member_of VALUES (460, 30, "Goalie", 13);
INSERT INTO member_of VALUES (461, 31, "Forward", 13);
INSERT INTO member_of VALUES (462, 32, "Center", 13);
INSERT INTO member_of VALUES (463, 33, "Back", 13);
INSERT INTO member_of VALUES (464, 34, "Left", 13);
INSERT INTO member_of VALUES (465, 35, "Right", 13);
INSERT INTO member_of VALUES (466, 1, "Goalie", 14);
INSERT INTO member_of VALUES (467, 2, "Forward", 14);
INSERT INTO member_of VALUES (468, 3, "Center", 14);
INSERT INTO member_of VALUES (469, 4, "Back", 14);
INSERT INTO member_of VALUES (470, 5, "Left", 14);
INSERT INTO member_of VALUES (471, 6, "Right", 14);
INSERT INTO member_of VALUES (472, 7, "Goalie", 14);
INSERT INTO member_of VALUES (473, 8, "Forward", 14);
INSERT INTO member_of VALUES (474, 9, "Center", 14);
INSERT INTO member_of VALUES (475, 10, "Back", 14);
INSERT INTO member_of VALUES (476, 11, "Left", 14);
INSERT INTO member_of VALUES (477, 12, "Right", 14);
INSERT INTO member_of VALUES (478, 13, "Goalie", 14);
INSERT INTO member_of VALUES (479, 14, "Forward", 14);
INSERT INTO member_of VALUES (480, 15, "Center", 14);
INSERT INTO member_of VALUES (481, 16, "Back", 14);
INSERT INTO member_of VALUES (482, 17, "Left", 14);
INSERT INTO member_of VALUES (483, 18, "Right", 14);
INSERT INTO member_of VALUES (484, 19, "Goalie", 14);
INSERT INTO member_of VALUES (485, 20, "Forward", 14);
INSERT INTO member_of VALUES (486, 21, "Center", 14);
INSERT INTO member_of VALUES (487, 22, "Back", 14);
INSERT INTO member_of VALUES (488, 23, "Left", 14);
INSERT INTO member_of VALUES (489, 24, "Right", 14);
INSERT INTO member_of VALUES (490, 25, "Goalie", 14);
INSERT INTO member_of VALUES (491, 26, "Forward", 14);
INSERT INTO member_of VALUES (492, 27, "Center", 14);
INSERT INTO member_of VALUES (493, 28, "Back", 14);
INSERT INTO member_of VALUES (494, 29, "Left", 14);
INSERT INTO member_of VALUES (495, 30, "Right", 14);
INSERT INTO member_of VALUES (496, 31, "Goalie", 14);
INSERT INTO member_of VALUES (497, 32, "Forward", 14);
INSERT INTO member_of VALUES (498, 33, "Center", 14);
INSERT INTO member_of VALUES (499, 34, "Back", 14);
INSERT INTO member_of VALUES (500, 35, "Left", 14);
INSERT INTO plays VALUES (1, 1);
INSERT INTO coaches VALUES (1, 1, "2011-10-12");
INSERT INTO plays VALUES (2, 2);
INSERT INTO coaches VALUES (2, 2, "2010-10-27");
INSERT INTO plays VALUES (3, 3);
INSERT INTO coaches VALUES (3, 3, "2011-11-8");
INSERT INTO plays VALUES (4, 4);
INSERT INTO coaches VALUES (4, 4, "2011-09-12");
INSERT INTO plays VALUES (5, 5);
INSERT INTO coaches VALUES (5, 5, "2011-12-27");
INSERT INTO plays VALUES (6, 6);
INSERT INTO coaches VALUES (6, 6, "2011-10-27");
INSERT INTO plays VALUES (7, 7);
INSERT INTO coaches VALUES (7, 7, "2011-03-21");
INSERT INTO plays VALUES (8, 8);
INSERT INTO coaches VALUES (8, 8, "2010-08-22");
INSERT INTO plays VALUES (9, 9);
INSERT INTO coaches VALUES (9, 9, "2010-11-8");
INSERT INTO plays VALUES (10, 10);
INSERT INTO coaches VALUES (10, 10, "2011-10-25");
INSERT INTO plays VALUES (1, 11);
INSERT INTO coaches VALUES (1, 11, "2008-10-16");
INSERT INTO plays VALUES (2, 12);
INSERT INTO coaches VALUES (2, 12, "2010-03-12");
INSERT INTO plays VALUES (3, 13);
INSERT INTO coaches VALUES (3, 13, "2009-08-14");
INSERT INTO plays VALUES (4, 14);
INSERT INTO coaches VALUES (4, 14, "2008-03-12");
INSERT INTO plays VALUES (5, 15);
INSERT INTO coaches VALUES (5, 15, "2008-02-21");
INSERT INTO plays VALUES (6, 16);
INSERT INTO coaches VALUES (6, 16, "2011-08-12");
INSERT INTO plays VALUES (7, 17);
INSERT INTO coaches VALUES (7, 17, "2011-07-15");
INSERT INTO plays VALUES (8, 18);
INSERT INTO coaches VALUES (8, 18, "2009-10-14");
INSERT INTO plays VALUES (9, 19);
INSERT INTO coaches VALUES (9, 19, "2008-10-3");
INSERT INTO plays VALUES (10, 20);
INSERT INTO coaches VALUES (10, 20, "2008-06-30");
INSERT INTO plays VALUES (1, 21);
INSERT INTO coaches VALUES (1, 21, "2010-03-12");
INSERT INTO plays VALUES (2, 22);
INSERT INTO coaches VALUES (2, 22, "2011-07-17");
INSERT INTO plays VALUES (3, 23);
INSERT INTO coaches VALUES (3, 23, "2010-11-30");
INSERT INTO plays VALUES (4, 24);
INSERT INTO coaches VALUES (4, 24, "2010-09-21");
INSERT INTO plays VALUES (5, 25);
INSERT INTO coaches VALUES (5, 25, "2010-02-5");
INSERT INTO plays VALUES (6, 26);
INSERT INTO coaches VALUES (6, 26, "2009-01-5");
INSERT INTO plays VALUES (7, 27);
INSERT INTO coaches VALUES (7, 27, "2011-10-30");
INSERT INTO plays VALUES (8, 28);
INSERT INTO coaches VALUES (8, 28, "2011-12-3");
INSERT INTO plays VALUES (9, 29);
INSERT INTO coaches VALUES (9, 29, "2009-07-23");
INSERT INTO plays VALUES (10, 30);
INSERT INTO coaches VALUES (10, 30, "2008-03-1");
INSERT INTO plays VALUES (1, 31);
INSERT INTO coaches VALUES (1, 31, "2010-08-25");
INSERT INTO plays VALUES (2, 32);
INSERT INTO coaches VALUES (2, 32, "2008-07-4");
INSERT INTO plays VALUES (3, 33);
INSERT INTO coaches VALUES (3, 33, "2008-04-14");
INSERT INTO plays VALUES (4, 34);
INSERT INTO coaches VALUES (4, 34, "2011-05-22");
INSERT INTO plays VALUES (5, 35);
INSERT INTO coaches VALUES (5, 35, "2010-08-5");
INSERT INTO ExerciseMuscles VALUES ('Bench Press', 'Chest');
INSERT INTO Exercise VALUES (1, 'Bench Press');
INSERT INTO ExerciseMuscles VALUES ('Pushups', 'Chest');
INSERT INTO Exercise VALUES (2, 'Pushups');
INSERT INTO ExerciseMuscles VALUES ('Pullups', 'Chest');
INSERT INTO Exercise VALUES (3, 'Pullups');
INSERT INTO ExerciseMuscles VALUES ('Crunches', 'Core');
INSERT INTO Exercise VALUES (4, 'Crunches');
INSERT INTO ExerciseMuscles VALUES ('Planks', 'Core');
INSERT INTO Exercise VALUES (5, 'Planks');
INSERT INTO ExerciseMuscles VALUES ('Squats', 'Legs');
INSERT INTO Exercise VALUES (6, 'Squats');
INSERT INTO ExerciseMuscles VALUES ('Power Cleans', 'Full Body');
INSERT INTO Exercise VALUES (7, 'Power Cleans');
INSERT INTO ExerciseMuscles VALUES ('Lunges', 'Legs');
INSERT INTO Exercise VALUES (8, 'Lunges');
INSERT INTO ExerciseMuscles VALUES ('Side Lunges', 'Legs');
INSERT INTO Exercise VALUES (9, 'Side Lunges');
INSERT INTO ExerciseMuscles VALUES ('Power Jerks', 'Full Body');
INSERT INTO Exercise VALUES (10, 'Power Jerks');
INSERT INTO ExerciseMuscles VALUES ('Hang Cleans', 'Full Body');
INSERT INTO Exercise VALUES (11, 'Hang Cleans');
INSERT INTO ExerciseMuscles VALUES ('DB Squats', 'Legs');
INSERT INTO Exercise VALUES (12, 'DB Squats');
INSERT INTO ExerciseMuscles VALUES ('Incline Bench Press', 'Chest');
INSERT INTO Exercise VALUES (13, 'Incline Bench Press');
INSERT INTO ExerciseMuscles VALUES ('Decline Bench Press', 'Chest');
INSERT INTO Exercise VALUES (14, 'Decline Bench Press');
INSERT INTO ExerciseMuscles VALUES ('DB Bench Press', 'Chest');
INSERT INTO Exercise VALUES (15, 'DB Bench Press');
INSERT INTO ExerciseMuscles VALUES ('DB Cleans', 'Full Body');
INSERT INTO Exercise VALUES (16, 'DB Cleans');
INSERT INTO ExerciseMuscles VALUES ('Deadlift', 'Legs');
INSERT INTO Exercise VALUES (17, 'Deadlift');
INSERT INTO ExerciseMuscles VALUES ('Snatch', 'Full Body');
INSERT INTO Exercise VALUES (18, 'Snatch');
INSERT INTO ExerciseMuscles VALUES ('DB Snatch', 'Full Body');
INSERT INTO Exercise VALUES (19, 'DB Snatch');
INSERT INTO ExerciseMuscles VALUES ('Front Squats', 'Legs');
INSERT INTO Exercise VALUES (20, 'Front Squats');
INSERT INTO ExerciseMuscles VALUES ('Upright Rows', 'Chest');
INSERT INTO Exercise VALUES (21, 'Upright Rows');
INSERT INTO Workout VALUES (1, 1, '2012-01-04', 1);
INSERT INTO does VALUES (1, 11, '2012-01-04');
INSERT INTO does VALUES (1, 46, '2012-01-04');
INSERT INTO does VALUES (1, 81, '2012-01-04');
INSERT INTO does VALUES (1, 116, '2012-01-04');
INSERT INTO does VALUES (1, 151, '2012-01-04');
INSERT INTO does VALUES (1, 186, '2012-01-04');
INSERT INTO does VALUES (1, 221, '2012-01-04');
INSERT INTO does VALUES (1, 256, '2012-01-04');
INSERT INTO does VALUES (1, 291, '2012-01-04');
INSERT INTO does VALUES (1, 326, '2012-01-04');
INSERT INTO does VALUES (1, 361, '2012-01-04');
INSERT INTO does VALUES (1, 431, '2012-01-04');
INSERT INTO does VALUES (1, 466, '2012-01-04');
INSERT INTO consists_of VALUES (1, 11, 3, 10);
INSERT INTO performance VALUES (11, 11, 1, 10, 170);
INSERT INTO performance VALUES (11, 46, 1, 10, 150);
INSERT INTO performance VALUES (11, 81, 1, 10, 220);
INSERT INTO performance VALUES (11, 116, 1, 10, 220);
INSERT INTO performance VALUES (11, 151, 1, 10, 210);
INSERT INTO performance VALUES (11, 186, 1, 10, 240);
INSERT INTO performance VALUES (11, 221, 1, 10, 160);
INSERT INTO performance VALUES (11, 256, 1, 10, 240);
INSERT INTO performance VALUES (11, 291, 1, 10, 130);
INSERT INTO performance VALUES (11, 326, 1, 10, 170);
INSERT INTO performance VALUES (11, 361, 1, 10, 130);
INSERT INTO performance VALUES (11, 431, 1, 10, 220);
INSERT INTO performance VALUES (11, 466, 1, 10, 220);
INSERT INTO consists_of VALUES (1, 13, 2, 4);
INSERT INTO performance VALUES (13, 11, 1, 4, 160);
INSERT INTO performance VALUES (13, 46, 1, 4, 250);
INSERT INTO performance VALUES (13, 81, 1, 4, 230);
INSERT INTO performance VALUES (13, 116, 1, 4, 200);
INSERT INTO performance VALUES (13, 151, 1, 4, 230);
INSERT INTO performance VALUES (13, 186, 1, 4, 240);
INSERT INTO performance VALUES (13, 221, 1, 4, 250);
INSERT INTO performance VALUES (13, 256, 1, 4, 230);
INSERT INTO performance VALUES (13, 291, 1, 4, 200);
INSERT INTO performance VALUES (13, 326, 1, 4, 210);
INSERT INTO performance VALUES (13, 361, 1, 4, 210);
INSERT INTO performance VALUES (13, 431, 1, 4, 220);
INSERT INTO performance VALUES (13, 466, 1, 4, 240);
INSERT INTO consists_of VALUES (1, 16, 4, 6);
INSERT INTO performance VALUES (16, 11, 1, 6, 200);
INSERT INTO performance VALUES (16, 46, 1, 6, 170);
INSERT INTO performance VALUES (16, 81, 1, 6, 220);
INSERT INTO performance VALUES (16, 116, 1, 6, 170);
INSERT INTO performance VALUES (16, 151, 1, 6, 160);
INSERT INTO performance VALUES (16, 186, 1, 6, 240);
INSERT INTO performance VALUES (16, 221, 1, 6, 180);
INSERT INTO performance VALUES (16, 256, 1, 6, 220);
INSERT INTO performance VALUES (16, 291, 1, 6, 230);
INSERT INTO performance VALUES (16, 326, 1, 6, 210);
INSERT INTO performance VALUES (16, 361, 1, 6, 160);
INSERT INTO performance VALUES (16, 431, 1, 6, 210);
INSERT INTO performance VALUES (16, 466, 1, 6, 190);
INSERT INTO consists_of VALUES (1, 10, 4, 6);
INSERT INTO performance VALUES (10, 11, 1, 6, 230);
INSERT INTO performance VALUES (10, 46, 1, 6, 180);
INSERT INTO performance VALUES (10, 81, 1, 6, 220);
INSERT INTO performance VALUES (10, 116, 1, 6, 250);
INSERT INTO performance VALUES (10, 151, 1, 6, 170);
INSERT INTO performance VALUES (10, 186, 1, 6, 200);
INSERT INTO performance VALUES (10, 221, 1, 6, 170);
INSERT INTO performance VALUES (10, 256, 1, 6, 260);
INSERT INTO performance VALUES (10, 291, 1, 6, 170);
INSERT INTO performance VALUES (10, 326, 1, 6, 240);
INSERT INTO performance VALUES (10, 361, 1, 6, 200);
INSERT INTO performance VALUES (10, 431, 1, 6, 200);
INSERT INTO performance VALUES (10, 466, 1, 6, 230);
INSERT INTO consists_of VALUES (1, 15, 3, 8);
INSERT INTO performance VALUES (15, 11, 1, 8, 190);
INSERT INTO performance VALUES (15, 46, 1, 8, 160);
INSERT INTO performance VALUES (15, 81, 1, 8, 190);
INSERT INTO performance VALUES (15, 116, 1, 8, 180);
INSERT INTO performance VALUES (15, 151, 1, 8, 230);
INSERT INTO performance VALUES (15, 186, 1, 8, 230);
INSERT INTO performance VALUES (15, 221, 1, 8, 180);
INSERT INTO performance VALUES (15, 256, 1, 8, 140);
INSERT INTO performance VALUES (15, 291, 1, 8, 150);
INSERT INTO performance VALUES (15, 326, 1, 8, 210);
INSERT INTO performance VALUES (15, 361, 1, 8, 140);
INSERT INTO performance VALUES (15, 431, 1, 8, 140);
INSERT INTO performance VALUES (15, 466, 1, 8, 150);
INSERT INTO Workout VALUES (2, 1, '2012-01-11', 1);
INSERT INTO does VALUES (2, 11, '2012-01-11');
INSERT INTO does VALUES (2, 46, '2012-01-11');
INSERT INTO does VALUES (2, 81, '2012-01-11');
INSERT INTO does VALUES (2, 116, '2012-01-11');
INSERT INTO does VALUES (2, 151, '2012-01-11');
INSERT INTO does VALUES (2, 186, '2012-01-11');
INSERT INTO does VALUES (2, 221, '2012-01-11');
INSERT INTO does VALUES (2, 256, '2012-01-11');
INSERT INTO does VALUES (2, 291, '2012-01-11');
INSERT INTO does VALUES (2, 326, '2012-01-11');
INSERT INTO does VALUES (2, 361, '2012-01-11');
INSERT INTO does VALUES (2, 396, '2012-01-11');
INSERT INTO does VALUES (2, 431, '2012-01-11');
INSERT INTO does VALUES (2, 466, '2012-01-11');
INSERT INTO consists_of VALUES (2, 16, 2, 10);
INSERT INTO performance VALUES (16, 11, 2, 10, 160);
INSERT INTO performance VALUES (16, 46, 2, 10, 170);
INSERT INTO performance VALUES (16, 81, 2, 10, 130);
INSERT INTO performance VALUES (16, 116, 2, 10, 200);
INSERT INTO performance VALUES (16, 151, 2, 10, 210);
INSERT INTO performance VALUES (16, 186, 2, 10, 150);
INSERT INTO performance VALUES (16, 221, 2, 10, 140);
INSERT INTO performance VALUES (16, 256, 2, 10, 130);
INSERT INTO performance VALUES (16, 291, 2, 10, 200);
INSERT INTO performance VALUES (16, 326, 2, 10, 200);
INSERT INTO performance VALUES (16, 361, 2, 10, 220);
INSERT INTO performance VALUES (16, 431, 2, 10, 160);
INSERT INTO performance VALUES (16, 466, 2, 10, 140);
INSERT INTO consists_of VALUES (2, 15, 2, 5);
INSERT INTO performance VALUES (15, 11, 2, 5, 185);
INSERT INTO performance VALUES (15, 46, 2, 5, 185);
INSERT INTO performance VALUES (15, 81, 2, 5, 225);
INSERT INTO performance VALUES (15, 116, 2, 5, 235);
INSERT INTO performance VALUES (15, 151, 2, 5, 225);
INSERT INTO performance VALUES (15, 186, 2, 5, 155);
INSERT INTO performance VALUES (15, 221, 2, 5, 155);
INSERT INTO performance VALUES (15, 256, 2, 5, 165);
INSERT INTO performance VALUES (15, 291, 2, 5, 235);
INSERT INTO performance VALUES (15, 326, 2, 5, 195);
INSERT INTO performance VALUES (15, 361, 2, 5, 245);
INSERT INTO performance VALUES (15, 431, 2, 5, 155);
INSERT INTO performance VALUES (15, 466, 2, 5, 245);
INSERT INTO consists_of VALUES (2, 21, 3, 7);
INSERT INTO performance VALUES (21, 11, 2, 7, 215);
INSERT INTO performance VALUES (21, 46, 2, 7, 215);
INSERT INTO performance VALUES (21, 81, 2, 7, 195);
INSERT INTO performance VALUES (21, 116, 2, 7, 165);
INSERT INTO performance VALUES (21, 151, 2, 7, 205);
INSERT INTO performance VALUES (21, 186, 2, 7, 165);
INSERT INTO performance VALUES (21, 221, 2, 7, 185);
INSERT INTO performance VALUES (21, 256, 2, 7, 175);
INSERT INTO performance VALUES (21, 291, 2, 7, 155);
INSERT INTO performance VALUES (21, 326, 2, 7, 175);
INSERT INTO performance VALUES (21, 361, 2, 7, 155);
INSERT INTO performance VALUES (21, 431, 2, 7, 145);
INSERT INTO performance VALUES (21, 466, 2, 7, 215);
INSERT INTO consists_of VALUES (2, 19, 4, 3);
INSERT INTO performance VALUES (19, 11, 2, 3, 205);
INSERT INTO performance VALUES (19, 46, 2, 3, 255);
INSERT INTO performance VALUES (19, 81, 2, 3, 175);
INSERT INTO performance VALUES (19, 116, 2, 3, 225);
INSERT INTO performance VALUES (19, 151, 2, 3, 185);
INSERT INTO performance VALUES (19, 186, 2, 3, 195);
INSERT INTO performance VALUES (19, 221, 2, 3, 205);
INSERT INTO performance VALUES (19, 256, 2, 3, 165);
INSERT INTO performance VALUES (19, 291, 2, 3, 235);
INSERT INTO performance VALUES (19, 326, 2, 3, 185);
INSERT INTO performance VALUES (19, 361, 2, 3, 175);
INSERT INTO performance VALUES (19, 431, 2, 3, 175);
INSERT INTO performance VALUES (19, 466, 2, 3, 255);
INSERT INTO consists_of VALUES (2, 12, 2, 4);
INSERT INTO performance VALUES (12, 11, 2, 4, 200);
INSERT INTO performance VALUES (12, 46, 2, 4, 260);
INSERT INTO performance VALUES (12, 81, 2, 4, 240);
INSERT INTO performance VALUES (12, 116, 2, 4, 240);
INSERT INTO performance VALUES (12, 151, 2, 4, 210);
INSERT INTO performance VALUES (12, 186, 2, 4, 270);
INSERT INTO performance VALUES (12, 221, 2, 4, 160);
INSERT INTO performance VALUES (12, 256, 2, 4, 260);
INSERT INTO performance VALUES (12, 291, 2, 4, 160);
INSERT INTO performance VALUES (12, 326, 2, 4, 240);
INSERT INTO performance VALUES (12, 361, 2, 4, 210);
INSERT INTO performance VALUES (12, 431, 2, 4, 180);
INSERT INTO performance VALUES (12, 466, 2, 4, 220);
INSERT INTO Workout VALUES (3, 1, '2012-01-18', 1);
INSERT INTO does VALUES (3, 11, '2012-01-18');
INSERT INTO does VALUES (3, 46, '2012-01-18');
INSERT INTO does VALUES (3, 81, '2012-01-18');
INSERT INTO does VALUES (3, 116, '2012-01-18');
INSERT INTO does VALUES (3, 151, '2012-01-18');
INSERT INTO does VALUES (3, 186, '2012-01-18');
INSERT INTO does VALUES (3, 221, '2012-01-18');
INSERT INTO does VALUES (3, 256, '2012-01-18');
INSERT INTO does VALUES (3, 291, '2012-01-18');
INSERT INTO does VALUES (3, 361, '2012-01-18');
INSERT INTO does VALUES (3, 396, '2012-01-18');
INSERT INTO does VALUES (3, 431, '2012-01-18');
INSERT INTO does VALUES (3, 466, '2012-01-18');
INSERT INTO consists_of VALUES (3, 8, 2, 8);
INSERT INTO performance VALUES (8, 11, 3, 8, 200);
INSERT INTO performance VALUES (8, 46, 3, 8, 190);
INSERT INTO performance VALUES (8, 81, 3, 8, 190);
INSERT INTO performance VALUES (8, 116, 3, 8, 240);
INSERT INTO performance VALUES (8, 151, 3, 8, 150);
INSERT INTO performance VALUES (8, 186, 3, 8, 190);
INSERT INTO performance VALUES (8, 221, 3, 8, 170);
INSERT INTO performance VALUES (8, 256, 3, 8, 190);
INSERT INTO performance VALUES (8, 291, 3, 8, 150);
INSERT INTO performance VALUES (8, 361, 3, 8, 140);
INSERT INTO performance VALUES (8, 431, 3, 8, 230);
INSERT INTO performance VALUES (8, 466, 3, 8, 140);
INSERT INTO consists_of VALUES (3, 14, 3, 9);
INSERT INTO performance VALUES (14, 11, 3, 9, 215);
INSERT INTO performance VALUES (14, 46, 3, 9, 165);
INSERT INTO performance VALUES (14, 81, 3, 9, 185);
INSERT INTO performance VALUES (14, 116, 3, 9, 165);
INSERT INTO performance VALUES (14, 151, 3, 9, 145);
INSERT INTO performance VALUES (14, 186, 3, 9, 135);
INSERT INTO performance VALUES (14, 221, 3, 9, 205);
INSERT INTO performance VALUES (14, 256, 3, 9, 155);
INSERT INTO performance VALUES (14, 291, 3, 9, 135);
INSERT INTO performance VALUES (14, 361, 3, 9, 225);
INSERT INTO performance VALUES (14, 431, 3, 9, 225);
INSERT INTO performance VALUES (14, 466, 3, 9, 185);
INSERT INTO consists_of VALUES (3, 2, 3, 7);
INSERT INTO performance VALUES (2, 11, 3, 7, 235);
INSERT INTO performance VALUES (2, 46, 3, 7, 165);
INSERT INTO performance VALUES (2, 81, 3, 7, 215);
INSERT INTO performance VALUES (2, 116, 3, 7, 145);
INSERT INTO performance VALUES (2, 151, 3, 7, 185);
INSERT INTO performance VALUES (2, 186, 3, 7, 225);
INSERT INTO performance VALUES (2, 221, 3, 7, 225);
INSERT INTO performance VALUES (2, 256, 3, 7, 145);
INSERT INTO performance VALUES (2, 291, 3, 7, 155);
INSERT INTO performance VALUES (2, 361, 3, 7, 155);
INSERT INTO performance VALUES (2, 431, 3, 7, 185);
INSERT INTO performance VALUES (2, 466, 3, 7, 175);
INSERT INTO consists_of VALUES (3, 16, 2, 3);
INSERT INTO performance VALUES (16, 11, 3, 3, 205);
INSERT INTO performance VALUES (16, 46, 3, 3, 205);
INSERT INTO performance VALUES (16, 81, 3, 3, 255);
INSERT INTO performance VALUES (16, 116, 3, 3, 195);
INSERT INTO performance VALUES (16, 151, 3, 3, 215);
INSERT INTO performance VALUES (16, 186, 3, 3, 235);
INSERT INTO performance VALUES (16, 221, 3, 3, 245);
INSERT INTO performance VALUES (16, 256, 3, 3, 225);
INSERT INTO performance VALUES (16, 291, 3, 3, 185);
INSERT INTO performance VALUES (16, 361, 3, 3, 245);
INSERT INTO performance VALUES (16, 431, 3, 3, 235);
INSERT INTO performance VALUES (16, 466, 3, 3, 235);
INSERT INTO consists_of VALUES (3, 15, 4, 4);
INSERT INTO performance VALUES (15, 11, 3, 4, 180);
INSERT INTO performance VALUES (15, 46, 3, 4, 240);
INSERT INTO performance VALUES (15, 81, 3, 4, 250);
INSERT INTO performance VALUES (15, 116, 3, 4, 220);
INSERT INTO performance VALUES (15, 151, 3, 4, 170);
INSERT INTO performance VALUES (15, 186, 3, 4, 220);
INSERT INTO performance VALUES (15, 221, 3, 4, 170);
INSERT INTO performance VALUES (15, 256, 3, 4, 200);
INSERT INTO performance VALUES (15, 291, 3, 4, 160);
INSERT INTO performance VALUES (15, 361, 3, 4, 210);
INSERT INTO performance VALUES (15, 431, 3, 4, 200);
INSERT INTO performance VALUES (15, 466, 3, 4, 170);
INSERT INTO Workout VALUES (4, 1, '2012-01-25', 1);
INSERT INTO does VALUES (4, 11, '2012-01-25');
INSERT INTO does VALUES (4, 46, '2012-01-25');
INSERT INTO does VALUES (4, 81, '2012-01-25');
INSERT INTO does VALUES (4, 116, '2012-01-25');
INSERT INTO does VALUES (4, 151, '2012-01-25');
INSERT INTO does VALUES (4, 186, '2012-01-25');
INSERT INTO does VALUES (4, 221, '2012-01-25');
INSERT INTO does VALUES (4, 256, '2012-01-25');
INSERT INTO does VALUES (4, 291, '2012-01-25');
INSERT INTO does VALUES (4, 326, '2012-01-25');
INSERT INTO does VALUES (4, 361, '2012-01-25');
INSERT INTO does VALUES (4, 396, '2012-01-25');
INSERT INTO does VALUES (4, 431, '2012-01-25');
INSERT INTO does VALUES (4, 466, '2012-01-25');
INSERT INTO consists_of VALUES (4, 9, 2, 7);
INSERT INTO performance VALUES (9, 11, 4, 7, 225);
INSERT INTO performance VALUES (9, 46, 4, 7, 245);
INSERT INTO performance VALUES (9, 81, 4, 7, 145);
INSERT INTO performance VALUES (9, 116, 4, 7, 255);
INSERT INTO performance VALUES (9, 151, 4, 7, 145);
INSERT INTO performance VALUES (9, 186, 4, 7, 165);
INSERT INTO performance VALUES (9, 221, 4, 7, 175);
INSERT INTO performance VALUES (9, 256, 4, 7, 255);
INSERT INTO performance VALUES (9, 291, 4, 7, 235);
INSERT INTO performance VALUES (9, 361, 4, 7, 165);
INSERT INTO performance VALUES (9, 431, 4, 7, 155);
INSERT INTO performance VALUES (9, 466, 4, 7, 245);
INSERT INTO consists_of VALUES (4, 3, 4, 5);
INSERT INTO performance VALUES (3, 11, 4, 5, 225);
INSERT INTO performance VALUES (3, 46, 4, 5, 225);
INSERT INTO performance VALUES (3, 81, 4, 5, 185);
INSERT INTO performance VALUES (3, 116, 4, 5, 225);
INSERT INTO performance VALUES (3, 151, 4, 5, 175);
INSERT INTO performance VALUES (3, 186, 4, 5, 185);
INSERT INTO performance VALUES (3, 221, 4, 5, 235);
INSERT INTO performance VALUES (3, 256, 4, 5, 205);
INSERT INTO performance VALUES (3, 291, 4, 5, 245);
INSERT INTO performance VALUES (3, 361, 4, 5, 195);
INSERT INTO performance VALUES (3, 431, 4, 5, 235);
INSERT INTO performance VALUES (3, 466, 4, 5, 255);
INSERT INTO consists_of VALUES (4, 17, 2, 8);
INSERT INTO performance VALUES (17, 11, 4, 8, 200);
INSERT INTO performance VALUES (17, 46, 4, 8, 220);
INSERT INTO performance VALUES (17, 81, 4, 8, 160);
INSERT INTO performance VALUES (17, 116, 4, 8, 250);
INSERT INTO performance VALUES (17, 151, 4, 8, 230);
INSERT INTO performance VALUES (17, 186, 4, 8, 210);
INSERT INTO performance VALUES (17, 221, 4, 8, 180);
INSERT INTO performance VALUES (17, 256, 4, 8, 210);
INSERT INTO performance VALUES (17, 291, 4, 8, 180);
INSERT INTO performance VALUES (17, 361, 4, 8, 230);
INSERT INTO performance VALUES (17, 431, 4, 8, 210);
INSERT INTO performance VALUES (17, 466, 4, 8, 170);
INSERT INTO consists_of VALUES (4, 6, 2, 10);
INSERT INTO performance VALUES (6, 11, 4, 10, 160);
INSERT INTO performance VALUES (6, 46, 4, 10, 240);
INSERT INTO performance VALUES (6, 81, 4, 10, 160);
INSERT INTO performance VALUES (6, 116, 4, 10, 130);
INSERT INTO performance VALUES (6, 151, 4, 10, 160);
INSERT INTO performance VALUES (6, 186, 4, 10, 200);
INSERT INTO performance VALUES (6, 221, 4, 10, 200);
INSERT INTO performance VALUES (6, 256, 4, 10, 240);
INSERT INTO performance VALUES (6, 291, 4, 10, 180);
INSERT INTO performance VALUES (6, 361, 4, 10, 180);
INSERT INTO performance VALUES (6, 431, 4, 10, 130);
INSERT INTO performance VALUES (6, 466, 4, 10, 180);
INSERT INTO consists_of VALUES (4, 21, 4, 7);
INSERT INTO performance VALUES (21, 11, 4, 7, 235);
INSERT INTO performance VALUES (21, 46, 4, 7, 145);
INSERT INTO performance VALUES (21, 81, 4, 7, 185);
INSERT INTO performance VALUES (21, 116, 4, 7, 145);
INSERT INTO performance VALUES (21, 151, 4, 7, 235);
INSERT INTO performance VALUES (21, 186, 4, 7, 215);
INSERT INTO performance VALUES (21, 221, 4, 7, 185);
INSERT INTO performance VALUES (21, 256, 4, 7, 235);
INSERT INTO performance VALUES (21, 291, 4, 7, 165);
INSERT INTO performance VALUES (21, 361, 4, 7, 185);
INSERT INTO performance VALUES (21, 431, 4, 7, 195);
INSERT INTO performance VALUES (21, 466, 4, 7, 255);
INSERT INTO Workout VALUES (5, 2, '2012-02-04', 2);
INSERT INTO does VALUES (5, 12, '2012-02-04');
INSERT INTO does VALUES (5, 47, '2012-02-04');
INSERT INTO does VALUES (5, 82, '2012-02-04');
INSERT INTO does VALUES (5, 117, '2012-02-04');
INSERT INTO does VALUES (5, 152, '2012-02-04');
INSERT INTO does VALUES (5, 187, '2012-02-04');
INSERT INTO does VALUES (5, 222, '2012-02-04');
INSERT INTO does VALUES (5, 257, '2012-02-04');
INSERT INTO does VALUES (5, 292, '2012-02-04');
INSERT INTO does VALUES (5, 327, '2012-02-04');
INSERT INTO does VALUES (5, 362, '2012-02-04');
INSERT INTO does VALUES (5, 397, '2012-02-04');
INSERT INTO does VALUES (5, 432, '2012-02-04');
INSERT INTO does VALUES (5, 467, '2012-02-04');
INSERT INTO consists_of VALUES (5, 5, 3, 5);
INSERT INTO performance VALUES (5, 12, 5, 5, 205);
INSERT INTO performance VALUES (5, 47, 5, 5, 275);
INSERT INTO performance VALUES (5, 82, 5, 5, 155);
INSERT INTO performance VALUES (5, 117, 5, 5, 255);
INSERT INTO performance VALUES (5, 152, 5, 5, 245);
INSERT INTO performance VALUES (5, 187, 5, 5, 215);
INSERT INTO performance VALUES (5, 222, 5, 5, 245);
INSERT INTO performance VALUES (5, 257, 5, 5, 185);
INSERT INTO performance VALUES (5, 292, 5, 5, 155);
INSERT INTO performance VALUES (5, 327, 5, 5, 245);
INSERT INTO performance VALUES (5, 362, 5, 5, 225);
INSERT INTO performance VALUES (5, 397, 5, 5, 205);
INSERT INTO performance VALUES (5, 432, 5, 5, 225);
INSERT INTO performance VALUES (5, 467, 5, 5, 245);
INSERT INTO consists_of VALUES (5, 6, 2, 8);
INSERT INTO performance VALUES (6, 12, 5, 8, 150);
INSERT INTO performance VALUES (6, 47, 5, 8, 220);
INSERT INTO performance VALUES (6, 82, 5, 8, 190);
INSERT INTO performance VALUES (6, 117, 5, 8, 160);
INSERT INTO performance VALUES (6, 152, 5, 8, 230);
INSERT INTO performance VALUES (6, 187, 5, 8, 240);
INSERT INTO performance VALUES (6, 222, 5, 8, 210);
INSERT INTO performance VALUES (6, 257, 5, 8, 260);
INSERT INTO performance VALUES (6, 292, 5, 8, 170);
INSERT INTO performance VALUES (6, 327, 5, 8, 190);
INSERT INTO performance VALUES (6, 362, 5, 8, 210);
INSERT INTO performance VALUES (6, 397, 5, 8, 170);
INSERT INTO performance VALUES (6, 432, 5, 8, 190);
INSERT INTO performance VALUES (6, 467, 5, 8, 240);
INSERT INTO consists_of VALUES (5, 12, 3, 5);
INSERT INTO performance VALUES (12, 12, 5, 5, 195);
INSERT INTO performance VALUES (12, 47, 5, 5, 185);
INSERT INTO performance VALUES (12, 82, 5, 5, 245);
INSERT INTO performance VALUES (12, 117, 5, 5, 265);
INSERT INTO performance VALUES (12, 152, 5, 5, 245);
INSERT INTO performance VALUES (12, 187, 5, 5, 255);
INSERT INTO performance VALUES (12, 222, 5, 5, 235);
INSERT INTO performance VALUES (12, 257, 5, 5, 255);
INSERT INTO performance VALUES (12, 292, 5, 5, 225);
INSERT INTO performance VALUES (12, 327, 5, 5, 205);
INSERT INTO performance VALUES (12, 362, 5, 5, 195);
INSERT INTO performance VALUES (12, 397, 5, 5, 165);
INSERT INTO performance VALUES (12, 432, 5, 5, 245);
INSERT INTO performance VALUES (12, 467, 5, 5, 215);
INSERT INTO consists_of VALUES (5, 19, 3, 7);
INSERT INTO performance VALUES (19, 12, 5, 7, 155);
INSERT INTO performance VALUES (19, 47, 5, 7, 175);
INSERT INTO performance VALUES (19, 82, 5, 7, 155);
INSERT INTO performance VALUES (19, 117, 5, 7, 235);
INSERT INTO performance VALUES (19, 152, 5, 7, 155);
INSERT INTO performance VALUES (19, 187, 5, 7, 145);
INSERT INTO performance VALUES (19, 222, 5, 7, 195);
INSERT INTO performance VALUES (19, 257, 5, 7, 145);
INSERT INTO performance VALUES (19, 292, 5, 7, 165);
INSERT INTO performance VALUES (19, 327, 5, 7, 235);
INSERT INTO performance VALUES (19, 362, 5, 7, 195);
INSERT INTO performance VALUES (19, 397, 5, 7, 145);
INSERT INTO performance VALUES (19, 432, 5, 7, 195);
INSERT INTO performance VALUES (19, 467, 5, 7, 145);
INSERT INTO consists_of VALUES (5, 1, 3, 4);
INSERT INTO performance VALUES (1, 12, 5, 4, 230);
INSERT INTO performance VALUES (1, 47, 5, 4, 230);
INSERT INTO performance VALUES (1, 82, 5, 4, 210);
INSERT INTO performance VALUES (1, 117, 5, 4, 160);
INSERT INTO performance VALUES (1, 152, 5, 4, 200);
INSERT INTO performance VALUES (1, 187, 5, 4, 230);
INSERT INTO performance VALUES (1, 222, 5, 4, 160);
INSERT INTO performance VALUES (1, 257, 5, 4, 200);
INSERT INTO performance VALUES (1, 292, 5, 4, 250);
INSERT INTO performance VALUES (1, 327, 5, 4, 170);
INSERT INTO performance VALUES (1, 362, 5, 4, 230);
INSERT INTO performance VALUES (1, 397, 5, 4, 250);
INSERT INTO performance VALUES (1, 432, 5, 4, 250);
INSERT INTO performance VALUES (1, 467, 5, 4, 180);
INSERT INTO Workout VALUES (6, 2, '2012-02-11', 2);
INSERT INTO does VALUES (6, 12, '2012-02-11');
INSERT INTO does VALUES (6, 47, '2012-02-11');
INSERT INTO does VALUES (6, 82, '2012-02-11');
INSERT INTO does VALUES (6, 117, '2012-02-11');
INSERT INTO does VALUES (6, 152, '2012-02-11');
INSERT INTO does VALUES (6, 187, '2012-02-11');
INSERT INTO does VALUES (6, 257, '2012-02-11');
INSERT INTO does VALUES (6, 327, '2012-02-11');
INSERT INTO does VALUES (6, 362, '2012-02-11');
INSERT INTO does VALUES (6, 397, '2012-02-11');
INSERT INTO does VALUES (6, 432, '2012-02-11');
INSERT INTO does VALUES (6, 467, '2012-02-11');
INSERT INTO consists_of VALUES (6, 16, 3, 8);
INSERT INTO performance VALUES (16, 12, 6, 8, 220);
INSERT INTO performance VALUES (16, 47, 6, 8, 190);
INSERT INTO performance VALUES (16, 82, 6, 8, 160);
INSERT INTO performance VALUES (16, 117, 6, 8, 150);
INSERT INTO performance VALUES (16, 152, 6, 8, 170);
INSERT INTO performance VALUES (16, 187, 6, 8, 240);
INSERT INTO performance VALUES (16, 257, 6, 8, 230);
INSERT INTO performance VALUES (16, 327, 6, 8, 190);
INSERT INTO performance VALUES (16, 362, 6, 8, 230);
INSERT INTO performance VALUES (16, 397, 6, 8, 240);
INSERT INTO performance VALUES (16, 432, 6, 8, 160);
INSERT INTO performance VALUES (16, 467, 6, 8, 150);
INSERT INTO consists_of VALUES (6, 7, 3, 5);
INSERT INTO performance VALUES (7, 12, 6, 5, 175);
INSERT INTO performance VALUES (7, 47, 6, 5, 235);
INSERT INTO performance VALUES (7, 82, 6, 5, 205);
INSERT INTO performance VALUES (7, 117, 6, 5, 155);
INSERT INTO performance VALUES (7, 152, 6, 5, 195);
INSERT INTO performance VALUES (7, 187, 6, 5, 265);
INSERT INTO performance VALUES (7, 257, 6, 5, 245);
INSERT INTO performance VALUES (7, 327, 6, 5, 265);
INSERT INTO performance VALUES (7, 362, 6, 5, 155);
INSERT INTO performance VALUES (7, 397, 6, 5, 155);
INSERT INTO performance VALUES (7, 432, 6, 5, 195);
INSERT INTO performance VALUES (7, 467, 6, 5, 275);
INSERT INTO consists_of VALUES (6, 3, 4, 7);
INSERT INTO performance VALUES (3, 12, 6, 7, 195);
INSERT INTO performance VALUES (3, 47, 6, 7, 195);
INSERT INTO performance VALUES (3, 82, 6, 7, 195);
INSERT INTO performance VALUES (3, 117, 6, 7, 145);
INSERT INTO performance VALUES (3, 152, 6, 7, 145);
INSERT INTO performance VALUES (3, 187, 6, 7, 155);
INSERT INTO performance VALUES (3, 257, 6, 7, 215);
INSERT INTO performance VALUES (3, 327, 6, 7, 195);
INSERT INTO performance VALUES (3, 362, 6, 7, 195);
INSERT INTO performance VALUES (3, 397, 6, 7, 255);
INSERT INTO performance VALUES (3, 432, 6, 7, 155);
INSERT INTO performance VALUES (3, 467, 6, 7, 175);
INSERT INTO consists_of VALUES (6, 19, 2, 4);
INSERT INTO performance VALUES (19, 12, 6, 4, 210);
INSERT INTO performance VALUES (19, 47, 6, 4, 190);
INSERT INTO performance VALUES (19, 82, 6, 4, 160);
INSERT INTO performance VALUES (19, 117, 6, 4, 230);
INSERT INTO performance VALUES (19, 152, 6, 4, 210);
INSERT INTO performance VALUES (19, 187, 6, 4, 180);
INSERT INTO performance VALUES (19, 257, 6, 4, 220);
INSERT INTO performance VALUES (19, 327, 6, 4, 230);
INSERT INTO performance VALUES (19, 362, 6, 4, 200);
INSERT INTO performance VALUES (19, 397, 6, 4, 220);
INSERT INTO performance VALUES (19, 432, 6, 4, 160);
INSERT INTO performance VALUES (19, 467, 6, 4, 250);
INSERT INTO consists_of VALUES (6, 6, 3, 6);
INSERT INTO performance VALUES (6, 12, 6, 6, 240);
INSERT INTO performance VALUES (6, 47, 6, 6, 170);
INSERT INTO performance VALUES (6, 82, 6, 6, 230);
INSERT INTO performance VALUES (6, 117, 6, 6, 250);
INSERT INTO performance VALUES (6, 152, 6, 6, 200);
INSERT INTO performance VALUES (6, 187, 6, 6, 160);
INSERT INTO performance VALUES (6, 257, 6, 6, 160);
INSERT INTO performance VALUES (6, 327, 6, 6, 190);
INSERT INTO performance VALUES (6, 362, 6, 6, 150);
INSERT INTO performance VALUES (6, 397, 6, 6, 270);
INSERT INTO performance VALUES (6, 432, 6, 6, 210);
INSERT INTO performance VALUES (6, 467, 6, 6, 220);
INSERT INTO Workout VALUES (7, 2, '2012-02-18', 2);
INSERT INTO does VALUES (7, 12, '2012-02-18');
INSERT INTO does VALUES (7, 82, '2012-02-18');
INSERT INTO does VALUES (7, 117, '2012-02-18');
INSERT INTO does VALUES (7, 152, '2012-02-18');
INSERT INTO does VALUES (7, 187, '2012-02-18');
INSERT INTO does VALUES (7, 222, '2012-02-18');
INSERT INTO does VALUES (7, 257, '2012-02-18');
INSERT INTO does VALUES (7, 292, '2012-02-18');
INSERT INTO does VALUES (7, 327, '2012-02-18');
INSERT INTO does VALUES (7, 362, '2012-02-18');
INSERT INTO does VALUES (7, 397, '2012-02-18');
INSERT INTO does VALUES (7, 432, '2012-02-18');
INSERT INTO does VALUES (7, 467, '2012-02-18');
INSERT INTO consists_of VALUES (7, 18, 3, 9);
INSERT INTO performance VALUES (18, 12, 7, 9, 185);
INSERT INTO performance VALUES (18, 82, 7, 9, 145);
INSERT INTO performance VALUES (18, 117, 7, 9, 135);
INSERT INTO performance VALUES (18, 152, 7, 9, 175);
INSERT INTO performance VALUES (18, 187, 7, 9, 165);
INSERT INTO performance VALUES (18, 257, 7, 9, 175);
INSERT INTO performance VALUES (18, 327, 7, 9, 145);
INSERT INTO performance VALUES (18, 362, 7, 9, 175);
INSERT INTO performance VALUES (18, 397, 7, 9, 195);
INSERT INTO performance VALUES (18, 432, 7, 9, 205);
INSERT INTO performance VALUES (18, 467, 7, 9, 175);
INSERT INTO consists_of VALUES (7, 14, 2, 6);
INSERT INTO performance VALUES (14, 12, 7, 6, 170);
INSERT INTO performance VALUES (14, 82, 7, 6, 160);
INSERT INTO performance VALUES (14, 117, 7, 6, 240);
INSERT INTO performance VALUES (14, 152, 7, 6, 230);
INSERT INTO performance VALUES (14, 187, 7, 6, 270);
INSERT INTO performance VALUES (14, 257, 7, 6, 150);
INSERT INTO performance VALUES (14, 327, 7, 6, 250);
INSERT INTO performance VALUES (14, 362, 7, 6, 160);
INSERT INTO performance VALUES (14, 397, 7, 6, 250);
INSERT INTO performance VALUES (14, 432, 7, 6, 200);
INSERT INTO performance VALUES (14, 467, 7, 6, 180);
INSERT INTO consists_of VALUES (7, 16, 4, 4);
INSERT INTO performance VALUES (16, 12, 7, 4, 230);
INSERT INTO performance VALUES (16, 82, 7, 4, 250);
INSERT INTO performance VALUES (16, 117, 7, 4, 240);
INSERT INTO performance VALUES (16, 152, 7, 4, 190);
INSERT INTO performance VALUES (16, 187, 7, 4, 250);
INSERT INTO performance VALUES (16, 257, 7, 4, 270);
INSERT INTO performance VALUES (16, 327, 7, 4, 250);
INSERT INTO performance VALUES (16, 362, 7, 4, 220);
INSERT INTO performance VALUES (16, 397, 7, 4, 240);
INSERT INTO performance VALUES (16, 432, 7, 4, 250);
INSERT INTO performance VALUES (16, 467, 7, 4, 190);
INSERT INTO consists_of VALUES (7, 21, 2, 8);
INSERT INTO performance VALUES (21, 12, 7, 8, 230);
INSERT INTO performance VALUES (21, 82, 7, 8, 180);
INSERT INTO performance VALUES (21, 117, 7, 8, 220);
INSERT INTO performance VALUES (21, 152, 7, 8, 220);
INSERT INTO performance VALUES (21, 187, 7, 8, 160);
INSERT INTO performance VALUES (21, 257, 7, 8, 200);
INSERT INTO performance VALUES (21, 327, 7, 8, 190);
INSERT INTO performance VALUES (21, 362, 7, 8, 180);
INSERT INTO performance VALUES (21, 397, 7, 8, 170);
INSERT INTO performance VALUES (21, 432, 7, 8, 190);
INSERT INTO performance VALUES (21, 467, 7, 8, 180);
INSERT INTO consists_of VALUES (7, 20, 2, 7);
INSERT INTO performance VALUES (20, 12, 7, 7, 205);
INSERT INTO performance VALUES (20, 82, 7, 7, 235);
INSERT INTO performance VALUES (20, 117, 7, 7, 185);
INSERT INTO performance VALUES (20, 152, 7, 7, 185);
INSERT INTO performance VALUES (20, 187, 7, 7, 255);
INSERT INTO performance VALUES (20, 257, 7, 7, 235);
INSERT INTO performance VALUES (20, 327, 7, 7, 195);
INSERT INTO performance VALUES (20, 362, 7, 7, 185);
INSERT INTO performance VALUES (20, 397, 7, 7, 255);
INSERT INTO performance VALUES (20, 432, 7, 7, 185);
INSERT INTO performance VALUES (20, 467, 7, 7, 245);
INSERT INTO Workout VALUES (8, 2, '2012-02-25', 2);
INSERT INTO does VALUES (8, 12, '2012-02-25');
INSERT INTO does VALUES (8, 47, '2012-02-25');
INSERT INTO does VALUES (8, 82, '2012-02-25');
INSERT INTO does VALUES (8, 117, '2012-02-25');
INSERT INTO does VALUES (8, 152, '2012-02-25');
INSERT INTO does VALUES (8, 187, '2012-02-25');
INSERT INTO does VALUES (8, 292, '2012-02-25');
INSERT INTO does VALUES (8, 327, '2012-02-25');
INSERT INTO does VALUES (8, 362, '2012-02-25');
INSERT INTO does VALUES (8, 432, '2012-02-25');
INSERT INTO does VALUES (8, 467, '2012-02-25');
INSERT INTO consists_of VALUES (8, 1, 4, 10);
INSERT INTO performance VALUES (1, 12, 8, 10, 170);
INSERT INTO performance VALUES (1, 82, 8, 10, 190);
INSERT INTO performance VALUES (1, 117, 8, 10, 130);
INSERT INTO performance VALUES (1, 152, 8, 10, 220);
INSERT INTO performance VALUES (1, 187, 8, 10, 150);
INSERT INTO performance VALUES (1, 327, 8, 10, 250);
INSERT INTO performance VALUES (1, 362, 8, 10, 220);
INSERT INTO performance VALUES (1, 432, 8, 10, 140);
INSERT INTO performance VALUES (1, 467, 8, 10, 190);
INSERT INTO consists_of VALUES (8, 7, 3, 8);
INSERT INTO performance VALUES (7, 12, 8, 8, 180);
INSERT INTO performance VALUES (7, 82, 8, 8, 190);
INSERT INTO performance VALUES (7, 117, 8, 8, 230);
INSERT INTO performance VALUES (7, 152, 8, 8, 170);
INSERT INTO performance VALUES (7, 187, 8, 8, 180);
INSERT INTO performance VALUES (7, 327, 8, 8, 140);
INSERT INTO performance VALUES (7, 362, 8, 8, 200);
INSERT INTO performance VALUES (7, 432, 8, 8, 160);
INSERT INTO performance VALUES (7, 467, 8, 8, 230);
INSERT INTO consists_of VALUES (8, 19, 4, 10);
INSERT INTO performance VALUES (19, 12, 8, 10, 160);
INSERT INTO performance VALUES (19, 82, 8, 10, 200);
INSERT INTO performance VALUES (19, 117, 8, 10, 240);
INSERT INTO performance VALUES (19, 152, 8, 10, 180);
INSERT INTO performance VALUES (19, 187, 8, 10, 150);
INSERT INTO performance VALUES (19, 327, 8, 10, 130);
INSERT INTO performance VALUES (19, 362, 8, 10, 140);
INSERT INTO performance VALUES (19, 432, 8, 10, 220);
INSERT INTO performance VALUES (19, 467, 8, 10, 160);
INSERT INTO consists_of VALUES (8, 12, 4, 7);
INSERT INTO performance VALUES (12, 12, 8, 7, 175);
INSERT INTO performance VALUES (12, 82, 8, 7, 145);
INSERT INTO performance VALUES (12, 117, 8, 7, 175);
INSERT INTO performance VALUES (12, 152, 8, 7, 195);
INSERT INTO performance VALUES (12, 187, 8, 7, 175);
INSERT INTO performance VALUES (12, 327, 8, 7, 215);
INSERT INTO performance VALUES (12, 362, 8, 7, 175);
INSERT INTO performance VALUES (12, 432, 8, 7, 195);
INSERT INTO performance VALUES (12, 467, 8, 7, 155);
INSERT INTO consists_of VALUES (8, 21, 3, 9);
INSERT INTO performance VALUES (21, 12, 8, 9, 215);
INSERT INTO performance VALUES (21, 82, 8, 9, 225);
INSERT INTO performance VALUES (21, 117, 8, 9, 165);
INSERT INTO performance VALUES (21, 152, 8, 9, 155);
INSERT INTO performance VALUES (21, 187, 8, 9, 255);
INSERT INTO performance VALUES (21, 327, 8, 9, 185);
INSERT INTO performance VALUES (21, 362, 8, 9, 225);
INSERT INTO performance VALUES (21, 432, 8, 9, 135);
INSERT INTO performance VALUES (21, 467, 8, 9, 225);
INSERT INTO Workout VALUES (9, 3, '2012-03-04', 3);
INSERT INTO does VALUES (9, 13, '2012-03-04');
INSERT INTO does VALUES (9, 83, '2012-03-04');
INSERT INTO does VALUES (9, 118, '2012-03-04');
INSERT INTO does VALUES (9, 153, '2012-03-04');
INSERT INTO does VALUES (9, 223, '2012-03-04');
INSERT INTO does VALUES (9, 258, '2012-03-04');
INSERT INTO does VALUES (9, 293, '2012-03-04');
INSERT INTO does VALUES (9, 328, '2012-03-04');
INSERT INTO does VALUES (9, 363, '2012-03-04');
INSERT INTO does VALUES (9, 398, '2012-03-04');
INSERT INTO does VALUES (9, 433, '2012-03-04');
INSERT INTO does VALUES (9, 468, '2012-03-04');
INSERT INTO consists_of VALUES (9, 8, 2, 5);
INSERT INTO performance VALUES (8, 13, 9, 5, 165);
INSERT INTO performance VALUES (8, 83, 9, 5, 175);
INSERT INTO performance VALUES (8, 118, 9, 5, 215);
INSERT INTO performance VALUES (8, 153, 9, 5, 205);
INSERT INTO performance VALUES (8, 223, 9, 5, 165);
INSERT INTO performance VALUES (8, 258, 9, 5, 175);
INSERT INTO performance VALUES (8, 293, 9, 5, 215);
INSERT INTO performance VALUES (8, 328, 9, 5, 215);
INSERT INTO performance VALUES (8, 363, 9, 5, 255);
INSERT INTO performance VALUES (8, 398, 9, 5, 185);
INSERT INTO performance VALUES (8, 433, 9, 5, 255);
INSERT INTO performance VALUES (8, 468, 9, 5, 275);
INSERT INTO consists_of VALUES (9, 17, 2, 5);
INSERT INTO performance VALUES (17, 13, 9, 5, 175);
INSERT INTO performance VALUES (17, 83, 9, 5, 215);
INSERT INTO performance VALUES (17, 118, 9, 5, 165);
INSERT INTO performance VALUES (17, 153, 9, 5, 175);
INSERT INTO performance VALUES (17, 223, 9, 5, 235);
INSERT INTO performance VALUES (17, 258, 9, 5, 155);
INSERT INTO performance VALUES (17, 293, 9, 5, 215);
INSERT INTO performance VALUES (17, 328, 9, 5, 215);
INSERT INTO performance VALUES (17, 363, 9, 5, 255);
INSERT INTO performance VALUES (17, 398, 9, 5, 215);
INSERT INTO performance VALUES (17, 433, 9, 5, 165);
INSERT INTO performance VALUES (17, 468, 9, 5, 155);
INSERT INTO consists_of VALUES (9, 13, 4, 4);
INSERT INTO performance VALUES (13, 13, 9, 4, 250);
INSERT INTO performance VALUES (13, 83, 9, 4, 250);
INSERT INTO performance VALUES (13, 118, 9, 4, 250);
INSERT INTO performance VALUES (13, 153, 9, 4, 200);
INSERT INTO performance VALUES (13, 223, 9, 4, 240);
INSERT INTO performance VALUES (13, 258, 9, 4, 200);
INSERT INTO performance VALUES (13, 293, 9, 4, 250);
INSERT INTO performance VALUES (13, 328, 9, 4, 270);
INSERT INTO performance VALUES (13, 363, 9, 4, 180);
INSERT INTO performance VALUES (13, 398, 9, 4, 200);
INSERT INTO performance VALUES (13, 433, 9, 4, 260);
INSERT INTO performance VALUES (13, 468, 9, 4, 180);
INSERT INTO consists_of VALUES (9, 20, 2, 10);
INSERT INTO performance VALUES (20, 13, 9, 10, 140);
INSERT INTO performance VALUES (20, 83, 9, 10, 170);
INSERT INTO performance VALUES (20, 118, 9, 10, 180);
INSERT INTO performance VALUES (20, 153, 9, 10, 150);
INSERT INTO performance VALUES (20, 223, 9, 10, 210);
INSERT INTO performance VALUES (20, 258, 9, 10, 170);
INSERT INTO performance VALUES (20, 293, 9, 10, 200);
INSERT INTO performance VALUES (20, 328, 9, 10, 230);
INSERT INTO performance VALUES (20, 363, 9, 10, 200);
INSERT INTO performance VALUES (20, 398, 9, 10, 250);
INSERT INTO performance VALUES (20, 433, 9, 10, 150);
INSERT INTO performance VALUES (20, 468, 9, 10, 200);
INSERT INTO consists_of VALUES (9, 5, 3, 3);
INSERT INTO performance VALUES (5, 13, 9, 3, 225);
INSERT INTO performance VALUES (5, 83, 9, 3, 225);
INSERT INTO performance VALUES (5, 118, 9, 3, 215);
INSERT INTO performance VALUES (5, 153, 9, 3, 185);
INSERT INTO performance VALUES (5, 223, 9, 3, 235);
INSERT INTO performance VALUES (5, 258, 9, 3, 245);
INSERT INTO performance VALUES (5, 293, 9, 3, 175);
INSERT INTO performance VALUES (5, 328, 9, 3, 255);
INSERT INTO performance VALUES (5, 363, 9, 3, 205);
INSERT INTO performance VALUES (5, 398, 9, 3, 265);
INSERT INTO performance VALUES (5, 433, 9, 3, 265);
INSERT INTO performance VALUES (5, 468, 9, 3, 245);
INSERT INTO Workout VALUES (10, 3, '2012-03-11', 3);
INSERT INTO does VALUES (10, 13, '2012-03-11');
INSERT INTO does VALUES (10, 48, '2012-03-11');
INSERT INTO does VALUES (10, 83, '2012-03-11');
INSERT INTO does VALUES (10, 118, '2012-03-11');
INSERT INTO does VALUES (10, 153, '2012-03-11');
INSERT INTO does VALUES (10, 188, '2012-03-11');
INSERT INTO does VALUES (10, 223, '2012-03-11');
INSERT INTO does VALUES (10, 293, '2012-03-11');
INSERT INTO does VALUES (10, 328, '2012-03-11');
INSERT INTO does VALUES (10, 363, '2012-03-11');
INSERT INTO does VALUES (10, 398, '2012-03-11');
INSERT INTO does VALUES (10, 468, '2012-03-11');
INSERT INTO consists_of VALUES (10, 14, 3, 7);
INSERT INTO performance VALUES (14, 13, 10, 7, 195);
INSERT INTO performance VALUES (14, 83, 10, 7, 225);
INSERT INTO performance VALUES (14, 118, 10, 7, 265);
INSERT INTO performance VALUES (14, 153, 10, 7, 225);
INSERT INTO performance VALUES (14, 223, 10, 7, 185);
INSERT INTO performance VALUES (14, 293, 10, 7, 165);
INSERT INTO performance VALUES (14, 328, 10, 7, 215);
INSERT INTO performance VALUES (14, 363, 10, 7, 205);
INSERT INTO performance VALUES (14, 398, 10, 7, 265);
INSERT INTO performance VALUES (14, 468, 10, 7, 195);
INSERT INTO consists_of VALUES (10, 6, 4, 5);
INSERT INTO performance VALUES (6, 13, 10, 5, 245);
INSERT INTO performance VALUES (6, 83, 10, 5, 255);
INSERT INTO performance VALUES (6, 118, 10, 5, 255);
INSERT INTO performance VALUES (6, 153, 10, 5, 205);
INSERT INTO performance VALUES (6, 223, 10, 5, 175);
INSERT INTO performance VALUES (6, 293, 10, 5, 195);
INSERT INTO performance VALUES (6, 328, 10, 5, 275);
INSERT INTO performance VALUES (6, 363, 10, 5, 225);
INSERT INTO performance VALUES (6, 398, 10, 5, 185);
INSERT INTO performance VALUES (6, 468, 10, 5, 155);
INSERT INTO consists_of VALUES (10, 5, 4, 9);
INSERT INTO performance VALUES (5, 13, 10, 9, 185);
INSERT INTO performance VALUES (5, 83, 10, 9, 235);
INSERT INTO performance VALUES (5, 118, 10, 9, 235);
INSERT INTO performance VALUES (5, 153, 10, 9, 135);
INSERT INTO performance VALUES (5, 223, 10, 9, 185);
INSERT INTO performance VALUES (5, 293, 10, 9, 145);
INSERT INTO performance VALUES (5, 328, 10, 9, 185);
INSERT INTO performance VALUES (5, 363, 10, 9, 155);
INSERT INTO performance VALUES (5, 398, 10, 9, 175);
INSERT INTO performance VALUES (5, 468, 10, 9, 245);
INSERT INTO consists_of VALUES (10, 2, 4, 9);
INSERT INTO performance VALUES (2, 13, 10, 9, 145);
INSERT INTO performance VALUES (2, 83, 10, 9, 145);
INSERT INTO performance VALUES (2, 118, 10, 9, 245);
INSERT INTO performance VALUES (2, 153, 10, 9, 135);
INSERT INTO performance VALUES (2, 223, 10, 9, 155);
INSERT INTO performance VALUES (2, 293, 10, 9, 235);
INSERT INTO performance VALUES (2, 328, 10, 9, 235);
INSERT INTO performance VALUES (2, 363, 10, 9, 205);
INSERT INTO performance VALUES (2, 398, 10, 9, 145);
INSERT INTO performance VALUES (2, 468, 10, 9, 235);
INSERT INTO consists_of VALUES (10, 10, 3, 3);
INSERT INTO performance VALUES (10, 13, 10, 3, 225);
INSERT INTO performance VALUES (10, 83, 10, 3, 195);
INSERT INTO performance VALUES (10, 118, 10, 3, 265);
INSERT INTO performance VALUES (10, 153, 10, 3, 205);
INSERT INTO performance VALUES (10, 223, 10, 3, 185);
INSERT INTO performance VALUES (10, 293, 10, 3, 175);
INSERT INTO performance VALUES (10, 328, 10, 3, 245);
INSERT INTO performance VALUES (10, 363, 10, 3, 255);
INSERT INTO performance VALUES (10, 398, 10, 3, 205);
INSERT INTO performance VALUES (10, 468, 10, 3, 185);
INSERT INTO Workout VALUES (11, 3, '2012-03-18', 3);
INSERT INTO does VALUES (11, 13, '2012-03-18');
INSERT INTO does VALUES (11, 48, '2012-03-18');
INSERT INTO does VALUES (11, 83, '2012-03-18');
INSERT INTO does VALUES (11, 153, '2012-03-18');
INSERT INTO does VALUES (11, 223, '2012-03-18');
INSERT INTO does VALUES (11, 258, '2012-03-18');
INSERT INTO does VALUES (11, 293, '2012-03-18');
INSERT INTO does VALUES (11, 328, '2012-03-18');
INSERT INTO does VALUES (11, 363, '2012-03-18');
INSERT INTO does VALUES (11, 398, '2012-03-18');
INSERT INTO does VALUES (11, 433, '2012-03-18');
INSERT INTO does VALUES (11, 468, '2012-03-18');
INSERT INTO consists_of VALUES (11, 16, 2, 4);
INSERT INTO performance VALUES (16, 13, 11, 4, 260);
INSERT INTO performance VALUES (16, 83, 11, 4, 260);
INSERT INTO performance VALUES (16, 153, 11, 4, 180);
INSERT INTO performance VALUES (16, 223, 11, 4, 220);
INSERT INTO performance VALUES (16, 293, 11, 4, 250);
INSERT INTO performance VALUES (16, 328, 11, 4, 180);
INSERT INTO performance VALUES (16, 363, 11, 4, 180);
INSERT INTO performance VALUES (16, 398, 11, 4, 280);
INSERT INTO performance VALUES (16, 468, 11, 4, 250);
INSERT INTO consists_of VALUES (11, 19, 2, 5);
INSERT INTO performance VALUES (19, 13, 11, 5, 215);
INSERT INTO performance VALUES (19, 83, 11, 5, 185);
INSERT INTO performance VALUES (19, 153, 11, 5, 205);
INSERT INTO performance VALUES (19, 223, 11, 5, 225);
INSERT INTO performance VALUES (19, 293, 11, 5, 215);
INSERT INTO performance VALUES (19, 328, 11, 5, 165);
INSERT INTO performance VALUES (19, 363, 11, 5, 235);
INSERT INTO performance VALUES (19, 398, 11, 5, 245);
INSERT INTO performance VALUES (19, 468, 11, 5, 185);
INSERT INTO consists_of VALUES (11, 11, 2, 7);
INSERT INTO performance VALUES (11, 13, 11, 7, 205);
INSERT INTO performance VALUES (11, 83, 11, 7, 225);
INSERT INTO performance VALUES (11, 153, 11, 7, 205);
INSERT INTO performance VALUES (11, 223, 11, 7, 215);
INSERT INTO performance VALUES (11, 293, 11, 7, 205);
INSERT INTO performance VALUES (11, 328, 11, 7, 235);
INSERT INTO performance VALUES (11, 363, 11, 7, 165);
INSERT INTO performance VALUES (11, 398, 11, 7, 205);
INSERT INTO performance VALUES (11, 468, 11, 7, 255);
INSERT INTO consists_of VALUES (11, 17, 3, 9);
INSERT INTO performance VALUES (17, 13, 11, 9, 235);
INSERT INTO performance VALUES (17, 83, 11, 9, 135);
INSERT INTO performance VALUES (17, 153, 11, 9, 175);
INSERT INTO performance VALUES (17, 223, 11, 9, 175);
INSERT INTO performance VALUES (17, 293, 11, 9, 215);
INSERT INTO performance VALUES (17, 328, 11, 9, 205);
INSERT INTO performance VALUES (17, 363, 11, 9, 205);
INSERT INTO performance VALUES (17, 398, 11, 9, 235);
INSERT INTO performance VALUES (17, 468, 11, 9, 205);
INSERT INTO consists_of VALUES (11, 15, 3, 5);
INSERT INTO performance VALUES (15, 13, 11, 5, 155);
INSERT INTO performance VALUES (15, 83, 11, 5, 205);
INSERT INTO performance VALUES (15, 153, 11, 5, 215);
INSERT INTO performance VALUES (15, 223, 11, 5, 155);
INSERT INTO performance VALUES (15, 293, 11, 5, 255);
INSERT INTO performance VALUES (15, 328, 11, 5, 265);
INSERT INTO performance VALUES (15, 363, 11, 5, 255);
INSERT INTO performance VALUES (15, 398, 11, 5, 265);
INSERT INTO performance VALUES (15, 468, 11, 5, 265);
INSERT INTO Workout VALUES (12, 3, '2012-03-25', 3);
INSERT INTO does VALUES (12, 13, '2012-03-25');
INSERT INTO does VALUES (12, 48, '2012-03-25');
INSERT INTO does VALUES (12, 83, '2012-03-25');
INSERT INTO does VALUES (12, 118, '2012-03-25');
INSERT INTO does VALUES (12, 153, '2012-03-25');
INSERT INTO does VALUES (12, 188, '2012-03-25');
INSERT INTO does VALUES (12, 223, '2012-03-25');
INSERT INTO does VALUES (12, 293, '2012-03-25');
INSERT INTO does VALUES (12, 328, '2012-03-25');
INSERT INTO does VALUES (12, 363, '2012-03-25');
INSERT INTO does VALUES (12, 433, '2012-03-25');
INSERT INTO does VALUES (12, 468, '2012-03-25');
INSERT INTO consists_of VALUES (12, 5, 3, 4);
INSERT INTO performance VALUES (5, 13, 12, 4, 160);
INSERT INTO performance VALUES (5, 83, 12, 4, 160);
INSERT INTO performance VALUES (5, 153, 12, 4, 170);
INSERT INTO performance VALUES (5, 223, 12, 4, 180);
INSERT INTO performance VALUES (5, 293, 12, 4, 160);
INSERT INTO performance VALUES (5, 328, 12, 4, 230);
INSERT INTO performance VALUES (5, 363, 12, 4, 200);
INSERT INTO performance VALUES (5, 468, 12, 4, 180);
INSERT INTO consists_of VALUES (12, 1, 2, 4);
INSERT INTO performance VALUES (1, 13, 12, 4, 220);
INSERT INTO performance VALUES (1, 83, 12, 4, 230);
INSERT INTO performance VALUES (1, 153, 12, 4, 190);
INSERT INTO performance VALUES (1, 223, 12, 4, 160);
INSERT INTO performance VALUES (1, 293, 12, 4, 190);
INSERT INTO performance VALUES (1, 328, 12, 4, 190);
INSERT INTO performance VALUES (1, 363, 12, 4, 260);
INSERT INTO performance VALUES (1, 468, 12, 4, 280);
INSERT INTO consists_of VALUES (12, 7, 3, 7);
INSERT INTO performance VALUES (7, 13, 12, 7, 155);
INSERT INTO performance VALUES (7, 83, 12, 7, 195);
INSERT INTO performance VALUES (7, 153, 12, 7, 165);
INSERT INTO performance VALUES (7, 223, 12, 7, 165);
INSERT INTO performance VALUES (7, 293, 12, 7, 215);
INSERT INTO performance VALUES (7, 328, 12, 7, 145);
INSERT INTO performance VALUES (7, 363, 12, 7, 165);
INSERT INTO performance VALUES (7, 468, 12, 7, 205);
INSERT INTO consists_of VALUES (12, 9, 4, 3);
INSERT INTO performance VALUES (9, 13, 12, 3, 195);
INSERT INTO performance VALUES (9, 83, 12, 3, 225);
INSERT INTO performance VALUES (9, 153, 12, 3, 265);
INSERT INTO performance VALUES (9, 223, 12, 3, 265);
INSERT INTO performance VALUES (9, 293, 12, 3, 175);
INSERT INTO performance VALUES (9, 328, 12, 3, 175);
INSERT INTO performance VALUES (9, 363, 12, 3, 215);
INSERT INTO performance VALUES (9, 468, 12, 3, 245);
INSERT INTO consists_of VALUES (12, 16, 3, 8);
INSERT INTO performance VALUES (16, 13, 12, 8, 160);
INSERT INTO performance VALUES (16, 83, 12, 8, 160);
INSERT INTO performance VALUES (16, 153, 12, 8, 150);
INSERT INTO performance VALUES (16, 223, 12, 8, 150);
INSERT INTO performance VALUES (16, 293, 12, 8, 210);
INSERT INTO performance VALUES (16, 328, 12, 8, 240);
INSERT INTO performance VALUES (16, 363, 12, 8, 160);
INSERT INTO performance VALUES (16, 468, 12, 8, 260);
INSERT INTO Workout VALUES (13, 4, '2012-04-04', 4);
INSERT INTO does VALUES (13, 14, '2012-04-04');
INSERT INTO does VALUES (13, 49, '2012-04-04');
INSERT INTO does VALUES (13, 84, '2012-04-04');
INSERT INTO does VALUES (13, 119, '2012-04-04');
INSERT INTO does VALUES (13, 154, '2012-04-04');
INSERT INTO does VALUES (13, 189, '2012-04-04');
INSERT INTO does VALUES (13, 224, '2012-04-04');
INSERT INTO does VALUES (13, 294, '2012-04-04');
INSERT INTO does VALUES (13, 329, '2012-04-04');
INSERT INTO does VALUES (13, 364, '2012-04-04');
INSERT INTO does VALUES (13, 399, '2012-04-04');
INSERT INTO does VALUES (13, 469, '2012-04-04');
INSERT INTO consists_of VALUES (13, 17, 2, 5);
INSERT INTO performance VALUES (17, 14, 13, 5, 175);
INSERT INTO performance VALUES (17, 49, 13, 5, 165);
INSERT INTO performance VALUES (17, 84, 13, 5, 205);
INSERT INTO performance VALUES (17, 119, 13, 5, 225);
INSERT INTO performance VALUES (17, 154, 13, 5, 215);
INSERT INTO performance VALUES (17, 189, 13, 5, 205);
INSERT INTO performance VALUES (17, 224, 13, 5, 205);
INSERT INTO performance VALUES (17, 294, 13, 5, 155);
INSERT INTO performance VALUES (17, 329, 13, 5, 155);
INSERT INTO performance VALUES (17, 364, 13, 5, 175);
INSERT INTO performance VALUES (17, 399, 13, 5, 155);
INSERT INTO performance VALUES (17, 469, 13, 5, 185);
INSERT INTO consists_of VALUES (13, 18, 3, 7);
INSERT INTO performance VALUES (18, 14, 13, 7, 245);
INSERT INTO performance VALUES (18, 49, 13, 7, 175);
INSERT INTO performance VALUES (18, 84, 13, 7, 235);
INSERT INTO performance VALUES (18, 119, 13, 7, 155);
INSERT INTO performance VALUES (18, 154, 13, 7, 155);
INSERT INTO performance VALUES (18, 189, 13, 7, 215);
INSERT INTO performance VALUES (18, 224, 13, 7, 225);
INSERT INTO performance VALUES (18, 294, 13, 7, 155);
INSERT INTO performance VALUES (18, 329, 13, 7, 145);
INSERT INTO performance VALUES (18, 364, 13, 7, 195);
INSERT INTO performance VALUES (18, 399, 13, 7, 145);
INSERT INTO performance VALUES (18, 469, 13, 7, 175);
INSERT INTO consists_of VALUES (13, 6, 2, 9);
INSERT INTO performance VALUES (6, 14, 13, 9, 235);
INSERT INTO performance VALUES (6, 49, 13, 9, 135);
INSERT INTO performance VALUES (6, 84, 13, 9, 135);
INSERT INTO performance VALUES (6, 119, 13, 9, 145);
INSERT INTO performance VALUES (6, 154, 13, 9, 155);
INSERT INTO performance VALUES (6, 189, 13, 9, 175);
INSERT INTO performance VALUES (6, 224, 13, 9, 155);
INSERT INTO performance VALUES (6, 294, 13, 9, 175);
INSERT INTO performance VALUES (6, 329, 13, 9, 185);
INSERT INTO performance VALUES (6, 364, 13, 9, 195);
INSERT INTO performance VALUES (6, 399, 13, 9, 135);
INSERT INTO performance VALUES (6, 469, 13, 9, 175);
INSERT INTO consists_of VALUES (13, 12, 3, 9);
INSERT INTO performance VALUES (12, 14, 13, 9, 155);
INSERT INTO performance VALUES (12, 49, 13, 9, 165);
INSERT INTO performance VALUES (12, 84, 13, 9, 165);
INSERT INTO performance VALUES (12, 119, 13, 9, 175);
INSERT INTO performance VALUES (12, 154, 13, 9, 215);
INSERT INTO performance VALUES (12, 189, 13, 9, 185);
INSERT INTO performance VALUES (12, 224, 13, 9, 215);
INSERT INTO performance VALUES (12, 294, 13, 9, 225);
INSERT INTO performance VALUES (12, 329, 13, 9, 205);
INSERT INTO performance VALUES (12, 364, 13, 9, 225);
INSERT INTO performance VALUES (12, 399, 13, 9, 205);
INSERT INTO performance VALUES (12, 469, 13, 9, 215);
INSERT INTO consists_of VALUES (13, 2, 3, 6);
INSERT INTO performance VALUES (2, 14, 13, 6, 250);
INSERT INTO performance VALUES (2, 49, 13, 6, 230);
INSERT INTO performance VALUES (2, 84, 13, 6, 250);
INSERT INTO performance VALUES (2, 119, 13, 6, 160);
INSERT INTO performance VALUES (2, 154, 13, 6, 150);
INSERT INTO performance VALUES (2, 189, 13, 6, 170);
INSERT INTO performance VALUES (2, 224, 13, 6, 250);
INSERT INTO performance VALUES (2, 294, 13, 6, 250);
INSERT INTO performance VALUES (2, 329, 13, 6, 180);
INSERT INTO performance VALUES (2, 364, 13, 6, 250);
INSERT INTO performance VALUES (2, 399, 13, 6, 180);
INSERT INTO performance VALUES (2, 469, 13, 6, 150);
INSERT INTO Workout VALUES (14, 4, '2012-04-11', 4);
INSERT INTO does VALUES (14, 14, '2012-04-11');
INSERT INTO does VALUES (14, 49, '2012-04-11');
INSERT INTO does VALUES (14, 84, '2012-04-11');
INSERT INTO does VALUES (14, 119, '2012-04-11');
INSERT INTO does VALUES (14, 154, '2012-04-11');
INSERT INTO does VALUES (14, 189, '2012-04-11');
INSERT INTO does VALUES (14, 224, '2012-04-11');
INSERT INTO does VALUES (14, 259, '2012-04-11');
INSERT INTO does VALUES (14, 294, '2012-04-11');
INSERT INTO does VALUES (14, 329, '2012-04-11');
INSERT INTO does VALUES (14, 364, '2012-04-11');
INSERT INTO does VALUES (14, 399, '2012-04-11');
INSERT INTO does VALUES (14, 434, '2012-04-11');
INSERT INTO consists_of VALUES (14, 21, 2, 5);
INSERT INTO performance VALUES (21, 14, 14, 5, 255);
INSERT INTO performance VALUES (21, 49, 14, 5, 235);
INSERT INTO performance VALUES (21, 84, 14, 5, 155);
INSERT INTO performance VALUES (21, 119, 14, 5, 175);
INSERT INTO performance VALUES (21, 154, 14, 5, 255);
INSERT INTO performance VALUES (21, 189, 14, 5, 195);
INSERT INTO performance VALUES (21, 224, 14, 5, 245);
INSERT INTO performance VALUES (21, 294, 14, 5, 255);
INSERT INTO performance VALUES (21, 329, 14, 5, 175);
INSERT INTO performance VALUES (21, 364, 14, 5, 175);
INSERT INTO performance VALUES (21, 399, 14, 5, 175);
INSERT INTO consists_of VALUES (14, 8, 3, 7);
INSERT INTO performance VALUES (8, 14, 14, 7, 235);
INSERT INTO performance VALUES (8, 49, 14, 7, 195);
INSERT INTO performance VALUES (8, 84, 14, 7, 225);
INSERT INTO performance VALUES (8, 119, 14, 7, 195);
INSERT INTO performance VALUES (8, 154, 14, 7, 155);
INSERT INTO performance VALUES (8, 189, 14, 7, 215);
INSERT INTO performance VALUES (8, 224, 14, 7, 225);
INSERT INTO performance VALUES (8, 294, 14, 7, 145);
INSERT INTO performance VALUES (8, 329, 14, 7, 185);
INSERT INTO performance VALUES (8, 364, 14, 7, 195);
INSERT INTO performance VALUES (8, 399, 14, 7, 185);
INSERT INTO consists_of VALUES (14, 20, 3, 10);
INSERT INTO performance VALUES (20, 14, 14, 10, 220);
INSERT INTO performance VALUES (20, 49, 14, 10, 130);
INSERT INTO performance VALUES (20, 84, 14, 10, 180);
INSERT INTO performance VALUES (20, 119, 14, 10, 210);
INSERT INTO performance VALUES (20, 154, 14, 10, 160);
INSERT INTO performance VALUES (20, 189, 14, 10, 180);
INSERT INTO performance VALUES (20, 224, 14, 10, 220);
INSERT INTO performance VALUES (20, 294, 14, 10, 180);
INSERT INTO performance VALUES (20, 329, 14, 10, 200);
INSERT INTO performance VALUES (20, 364, 14, 10, 150);
INSERT INTO performance VALUES (20, 399, 14, 10, 180);
INSERT INTO consists_of VALUES (14, 10, 4, 6);
INSERT INTO performance VALUES (10, 14, 14, 6, 180);
INSERT INTO performance VALUES (10, 49, 14, 6, 230);
INSERT INTO performance VALUES (10, 84, 14, 6, 250);
INSERT INTO performance VALUES (10, 119, 14, 6, 170);
INSERT INTO performance VALUES (10, 154, 14, 6, 230);
INSERT INTO performance VALUES (10, 189, 14, 6, 230);
INSERT INTO performance VALUES (10, 224, 14, 6, 210);
INSERT INTO performance VALUES (10, 294, 14, 6, 220);
INSERT INTO performance VALUES (10, 329, 14, 6, 200);
INSERT INTO performance VALUES (10, 364, 14, 6, 220);
INSERT INTO performance VALUES (10, 399, 14, 6, 170);
INSERT INTO consists_of VALUES (14, 5, 4, 7);
INSERT INTO performance VALUES (5, 14, 14, 7, 205);
INSERT INTO performance VALUES (5, 49, 14, 7, 195);
INSERT INTO performance VALUES (5, 84, 14, 7, 145);
INSERT INTO performance VALUES (5, 119, 14, 7, 225);
INSERT INTO performance VALUES (5, 154, 14, 7, 195);
INSERT INTO performance VALUES (5, 189, 14, 7, 145);
INSERT INTO performance VALUES (5, 224, 14, 7, 165);
INSERT INTO performance VALUES (5, 294, 14, 7, 185);
INSERT INTO performance VALUES (5, 329, 14, 7, 185);
INSERT INTO performance VALUES (5, 364, 14, 7, 235);
INSERT INTO performance VALUES (5, 399, 14, 7, 215);
INSERT INTO Workout VALUES (15, 4, '2012-04-18', 4);
INSERT INTO does VALUES (15, 14, '2012-04-18');
INSERT INTO does VALUES (15, 84, '2012-04-18');
INSERT INTO does VALUES (15, 119, '2012-04-18');
INSERT INTO does VALUES (15, 154, '2012-04-18');
INSERT INTO does VALUES (15, 189, '2012-04-18');
INSERT INTO does VALUES (15, 224, '2012-04-18');
INSERT INTO does VALUES (15, 294, '2012-04-18');
INSERT INTO does VALUES (15, 329, '2012-04-18');
INSERT INTO does VALUES (15, 364, '2012-04-18');
INSERT INTO does VALUES (15, 399, '2012-04-18');
INSERT INTO does VALUES (15, 434, '2012-04-18');
INSERT INTO does VALUES (15, 469, '2012-04-18');
INSERT INTO consists_of VALUES (15, 19, 4, 10);
INSERT INTO performance VALUES (19, 14, 15, 10, 180);
INSERT INTO performance VALUES (19, 84, 15, 10, 190);
INSERT INTO performance VALUES (19, 119, 15, 10, 180);
INSERT INTO performance VALUES (19, 154, 15, 10, 170);
INSERT INTO performance VALUES (19, 189, 15, 10, 160);
INSERT INTO performance VALUES (19, 224, 15, 10, 210);
INSERT INTO performance VALUES (19, 294, 15, 10, 190);
INSERT INTO performance VALUES (19, 329, 15, 10, 140);
INSERT INTO performance VALUES (19, 364, 15, 10, 220);
INSERT INTO performance VALUES (19, 399, 15, 10, 150);
INSERT INTO consists_of VALUES (15, 6, 3, 5);
INSERT INTO performance VALUES (6, 14, 15, 5, 155);
INSERT INTO performance VALUES (6, 84, 15, 5, 205);
INSERT INTO performance VALUES (6, 119, 15, 5, 175);
INSERT INTO performance VALUES (6, 154, 15, 5, 155);
INSERT INTO performance VALUES (6, 189, 15, 5, 235);
INSERT INTO performance VALUES (6, 224, 15, 5, 185);
INSERT INTO performance VALUES (6, 294, 15, 5, 155);
INSERT INTO performance VALUES (6, 329, 15, 5, 155);
INSERT INTO performance VALUES (6, 364, 15, 5, 225);
INSERT INTO performance VALUES (6, 399, 15, 5, 225);
INSERT INTO consists_of VALUES (15, 17, 2, 7);
INSERT INTO performance VALUES (17, 14, 15, 7, 155);
INSERT INTO performance VALUES (17, 84, 15, 7, 185);
INSERT INTO performance VALUES (17, 119, 15, 7, 215);
INSERT INTO performance VALUES (17, 154, 15, 7, 235);
INSERT INTO performance VALUES (17, 189, 15, 7, 185);
INSERT INTO performance VALUES (17, 224, 15, 7, 155);
INSERT INTO performance VALUES (17, 294, 15, 7, 245);
INSERT INTO performance VALUES (17, 329, 15, 7, 165);
INSERT INTO performance VALUES (17, 364, 15, 7, 185);
INSERT INTO performance VALUES (17, 399, 15, 7, 175);
INSERT INTO consists_of VALUES (15, 14, 3, 6);
INSERT INTO performance VALUES (14, 14, 15, 6, 190);
INSERT INTO performance VALUES (14, 84, 15, 6, 170);
INSERT INTO performance VALUES (14, 119, 15, 6, 210);
INSERT INTO performance VALUES (14, 154, 15, 6, 170);
INSERT INTO performance VALUES (14, 189, 15, 6, 230);
INSERT INTO performance VALUES (14, 224, 15, 6, 170);
INSERT INTO performance VALUES (14, 294, 15, 6, 150);
INSERT INTO performance VALUES (14, 329, 15, 6, 210);
INSERT INTO performance VALUES (14, 364, 15, 6, 220);
INSERT INTO performance VALUES (14, 399, 15, 6, 180);
INSERT INTO consists_of VALUES (15, 5, 3, 3);
INSERT INTO performance VALUES (5, 14, 15, 3, 235);
INSERT INTO performance VALUES (5, 84, 15, 3, 175);
INSERT INTO performance VALUES (5, 119, 15, 3, 235);
INSERT INTO performance VALUES (5, 154, 15, 3, 185);
INSERT INTO performance VALUES (5, 189, 15, 3, 175);
INSERT INTO performance VALUES (5, 224, 15, 3, 215);
INSERT INTO performance VALUES (5, 294, 15, 3, 195);
INSERT INTO performance VALUES (5, 329, 15, 3, 205);
INSERT INTO performance VALUES (5, 364, 15, 3, 265);
INSERT INTO performance VALUES (5, 399, 15, 3, 225);
INSERT INTO Workout VALUES (16, 4, '2012-04-25', 4);
INSERT INTO does VALUES (16, 14, '2012-04-25');
INSERT INTO does VALUES (16, 49, '2012-04-25');
INSERT INTO does VALUES (16, 119, '2012-04-25');
INSERT INTO does VALUES (16, 154, '2012-04-25');
INSERT INTO does VALUES (16, 189, '2012-04-25');
INSERT INTO does VALUES (16, 224, '2012-04-25');
INSERT INTO does VALUES (16, 259, '2012-04-25');
INSERT INTO does VALUES (16, 294, '2012-04-25');
INSERT INTO does VALUES (16, 329, '2012-04-25');
INSERT INTO does VALUES (16, 364, '2012-04-25');
INSERT INTO does VALUES (16, 399, '2012-04-25');
INSERT INTO does VALUES (16, 434, '2012-04-25');
INSERT INTO does VALUES (16, 469, '2012-04-25');
INSERT INTO consists_of VALUES (16, 9, 3, 10);
INSERT INTO performance VALUES (9, 14, 16, 10, 130);
INSERT INTO performance VALUES (9, 119, 16, 10, 130);
INSERT INTO performance VALUES (9, 154, 16, 10, 190);
INSERT INTO performance VALUES (9, 189, 16, 10, 160);
INSERT INTO performance VALUES (9, 224, 16, 10, 190);
INSERT INTO performance VALUES (9, 294, 16, 10, 210);
INSERT INTO performance VALUES (9, 329, 16, 10, 170);
INSERT INTO performance VALUES (9, 364, 16, 10, 200);
INSERT INTO performance VALUES (9, 399, 16, 10, 130);
INSERT INTO consists_of VALUES (16, 4, 4, 9);
INSERT INTO performance VALUES (4, 14, 16, 9, 185);
INSERT INTO performance VALUES (4, 119, 16, 9, 205);
INSERT INTO performance VALUES (4, 154, 16, 9, 155);
INSERT INTO performance VALUES (4, 189, 16, 9, 205);
INSERT INTO performance VALUES (4, 224, 16, 9, 175);
INSERT INTO performance VALUES (4, 294, 16, 9, 215);
INSERT INTO performance VALUES (4, 329, 16, 9, 215);
INSERT INTO performance VALUES (4, 364, 16, 9, 145);
INSERT INTO performance VALUES (4, 399, 16, 9, 135);
INSERT INTO consists_of VALUES (16, 10, 3, 10);
INSERT INTO performance VALUES (10, 14, 16, 10, 190);
INSERT INTO performance VALUES (10, 119, 16, 10, 190);
INSERT INTO performance VALUES (10, 154, 16, 10, 230);
INSERT INTO performance VALUES (10, 189, 16, 10, 200);
INSERT INTO performance VALUES (10, 224, 16, 10, 180);
INSERT INTO performance VALUES (10, 294, 16, 10, 150);
INSERT INTO performance VALUES (10, 329, 16, 10, 170);
INSERT INTO performance VALUES (10, 364, 16, 10, 140);
INSERT INTO performance VALUES (10, 399, 16, 10, 170);
INSERT INTO consists_of VALUES (16, 5, 2, 5);
INSERT INTO performance VALUES (5, 14, 16, 5, 255);
INSERT INTO performance VALUES (5, 119, 16, 5, 185);
INSERT INTO performance VALUES (5, 154, 16, 5, 215);
INSERT INTO performance VALUES (5, 189, 16, 5, 235);
INSERT INTO performance VALUES (5, 224, 16, 5, 215);
INSERT INTO performance VALUES (5, 294, 16, 5, 155);
INSERT INTO performance VALUES (5, 329, 16, 5, 155);
INSERT INTO performance VALUES (5, 364, 16, 5, 245);
INSERT INTO performance VALUES (5, 399, 16, 5, 155);
INSERT INTO consists_of VALUES (16, 11, 2, 9);
INSERT INTO performance VALUES (11, 14, 16, 9, 225);
INSERT INTO performance VALUES (11, 119, 16, 9, 165);
INSERT INTO performance VALUES (11, 154, 16, 9, 195);
INSERT INTO performance VALUES (11, 189, 16, 9, 165);
INSERT INTO performance VALUES (11, 224, 16, 9, 205);
INSERT INTO performance VALUES (11, 294, 16, 9, 225);
INSERT INTO performance VALUES (11, 329, 16, 9, 175);
INSERT INTO performance VALUES (11, 364, 16, 9, 195);
INSERT INTO performance VALUES (11, 399, 16, 9, 145);
INSERT INTO Workout VALUES (17, 5, '2012-05-04', 5);
INSERT INTO does VALUES (17, 85, '2012-05-04');
INSERT INTO does VALUES (17, 120, '2012-05-04');
INSERT INTO does VALUES (17, 155, '2012-05-04');
INSERT INTO does VALUES (17, 190, '2012-05-04');
INSERT INTO does VALUES (17, 225, '2012-05-04');
INSERT INTO does VALUES (17, 260, '2012-05-04');
INSERT INTO does VALUES (17, 295, '2012-05-04');
INSERT INTO does VALUES (17, 330, '2012-05-04');
INSERT INTO does VALUES (17, 365, '2012-05-04');
INSERT INTO does VALUES (17, 400, '2012-05-04');
INSERT INTO does VALUES (17, 435, '2012-05-04');
INSERT INTO does VALUES (17, 470, '2012-05-04');
INSERT INTO consists_of VALUES (17, 10, 3, 7);
INSERT INTO performance VALUES (10, 85, 17, 7, 215);
INSERT INTO performance VALUES (10, 120, 17, 7, 155);
INSERT INTO performance VALUES (10, 155, 17, 7, 245);
INSERT INTO performance VALUES (10, 190, 17, 7, 215);
INSERT INTO performance VALUES (10, 225, 17, 7, 245);
INSERT INTO performance VALUES (10, 260, 17, 7, 205);
INSERT INTO performance VALUES (10, 295, 17, 7, 155);
INSERT INTO performance VALUES (10, 330, 17, 7, 205);
INSERT INTO performance VALUES (10, 365, 17, 7, 235);
INSERT INTO performance VALUES (10, 400, 17, 7, 185);
INSERT INTO performance VALUES (10, 435, 17, 7, 175);
INSERT INTO performance VALUES (10, 470, 17, 7, 215);
INSERT INTO consists_of VALUES (17, 21, 4, 7);
INSERT INTO performance VALUES (21, 85, 17, 7, 145);
INSERT INTO performance VALUES (21, 120, 17, 7, 205);
INSERT INTO performance VALUES (21, 155, 17, 7, 165);
INSERT INTO performance VALUES (21, 190, 17, 7, 225);
INSERT INTO performance VALUES (21, 225, 17, 7, 145);
INSERT INTO performance VALUES (21, 260, 17, 7, 145);
INSERT INTO performance VALUES (21, 295, 17, 7, 155);
INSERT INTO performance VALUES (21, 330, 17, 7, 225);
INSERT INTO performance VALUES (21, 365, 17, 7, 195);
INSERT INTO performance VALUES (21, 400, 17, 7, 215);
INSERT INTO performance VALUES (21, 435, 17, 7, 235);
INSERT INTO performance VALUES (21, 470, 17, 7, 165);
INSERT INTO consists_of VALUES (17, 11, 2, 5);
INSERT INTO performance VALUES (11, 85, 17, 5, 255);
INSERT INTO performance VALUES (11, 120, 17, 5, 235);
INSERT INTO performance VALUES (11, 155, 17, 5, 155);
INSERT INTO performance VALUES (11, 190, 17, 5, 185);
INSERT INTO performance VALUES (11, 225, 17, 5, 225);
INSERT INTO performance VALUES (11, 260, 17, 5, 155);
INSERT INTO performance VALUES (11, 295, 17, 5, 245);
INSERT INTO performance VALUES (11, 330, 17, 5, 205);
INSERT INTO performance VALUES (11, 365, 17, 5, 175);
INSERT INTO performance VALUES (11, 400, 17, 5, 205);
INSERT INTO performance VALUES (11, 435, 17, 5, 175);
INSERT INTO performance VALUES (11, 470, 17, 5, 165);
INSERT INTO consists_of VALUES (17, 6, 3, 10);
INSERT INTO performance VALUES (6, 85, 17, 10, 230);
INSERT INTO performance VALUES (6, 120, 17, 10, 200);
INSERT INTO performance VALUES (6, 155, 17, 10, 230);
INSERT INTO performance VALUES (6, 190, 17, 10, 180);
INSERT INTO performance VALUES (6, 225, 17, 10, 210);
INSERT INTO performance VALUES (6, 260, 17, 10, 170);
INSERT INTO performance VALUES (6, 295, 17, 10, 190);
INSERT INTO performance VALUES (6, 330, 17, 10, 170);
INSERT INTO performance VALUES (6, 365, 17, 10, 180);
INSERT INTO performance VALUES (6, 400, 17, 10, 200);
INSERT INTO performance VALUES (6, 435, 17, 10, 210);
INSERT INTO performance VALUES (6, 470, 17, 10, 160);
INSERT INTO consists_of VALUES (17, 5, 4, 10);
INSERT INTO performance VALUES (5, 85, 17, 10, 220);
INSERT INTO performance VALUES (5, 120, 17, 10, 160);
INSERT INTO performance VALUES (5, 155, 17, 10, 180);
INSERT INTO performance VALUES (5, 190, 17, 10, 140);
INSERT INTO performance VALUES (5, 225, 17, 10, 130);
INSERT INTO performance VALUES (5, 260, 17, 10, 140);
INSERT INTO performance VALUES (5, 295, 17, 10, 140);
INSERT INTO performance VALUES (5, 330, 17, 10, 190);
INSERT INTO performance VALUES (5, 365, 17, 10, 190);
INSERT INTO performance VALUES (5, 400, 17, 10, 190);
INSERT INTO performance VALUES (5, 435, 17, 10, 200);
INSERT INTO performance VALUES (5, 470, 17, 10, 170);
INSERT INTO Workout VALUES (18, 5, '2012-05-11', 5);
INSERT INTO does VALUES (18, 15, '2012-05-11');
INSERT INTO does VALUES (18, 50, '2012-05-11');
INSERT INTO does VALUES (18, 85, '2012-05-11');
INSERT INTO does VALUES (18, 120, '2012-05-11');
INSERT INTO does VALUES (18, 155, '2012-05-11');
INSERT INTO does VALUES (18, 190, '2012-05-11');
INSERT INTO does VALUES (18, 225, '2012-05-11');
INSERT INTO does VALUES (18, 260, '2012-05-11');
INSERT INTO does VALUES (18, 295, '2012-05-11');
INSERT INTO does VALUES (18, 330, '2012-05-11');
INSERT INTO does VALUES (18, 365, '2012-05-11');
INSERT INTO does VALUES (18, 400, '2012-05-11');
INSERT INTO does VALUES (18, 435, '2012-05-11');
INSERT INTO does VALUES (18, 470, '2012-05-11');
INSERT INTO consists_of VALUES (18, 18, 3, 5);
INSERT INTO performance VALUES (18, 85, 18, 5, 205);
INSERT INTO performance VALUES (18, 120, 18, 5, 235);
INSERT INTO performance VALUES (18, 155, 18, 5, 205);
INSERT INTO performance VALUES (18, 190, 18, 5, 155);
INSERT INTO performance VALUES (18, 225, 18, 5, 175);
INSERT INTO performance VALUES (18, 260, 18, 5, 175);
INSERT INTO performance VALUES (18, 295, 18, 5, 235);
INSERT INTO performance VALUES (18, 330, 18, 5, 225);
INSERT INTO performance VALUES (18, 365, 18, 5, 245);
INSERT INTO performance VALUES (18, 400, 18, 5, 185);
INSERT INTO performance VALUES (18, 435, 18, 5, 245);
INSERT INTO performance VALUES (18, 470, 18, 5, 165);
INSERT INTO consists_of VALUES (18, 14, 4, 4);
INSERT INTO performance VALUES (14, 85, 18, 4, 190);
INSERT INTO performance VALUES (14, 120, 18, 4, 230);
INSERT INTO performance VALUES (14, 155, 18, 4, 240);
INSERT INTO performance VALUES (14, 190, 18, 4, 190);
INSERT INTO performance VALUES (14, 225, 18, 4, 170);
INSERT INTO performance VALUES (14, 260, 18, 4, 190);
INSERT INTO performance VALUES (14, 295, 18, 4, 180);
INSERT INTO performance VALUES (14, 330, 18, 4, 230);
INSERT INTO performance VALUES (14, 365, 18, 4, 250);
INSERT INTO performance VALUES (14, 400, 18, 4, 200);
INSERT INTO performance VALUES (14, 435, 18, 4, 190);
INSERT INTO performance VALUES (14, 470, 18, 4, 240);
INSERT INTO consists_of VALUES (18, 6, 2, 8);
INSERT INTO performance VALUES (6, 85, 18, 8, 200);
INSERT INTO performance VALUES (6, 120, 18, 8, 220);
INSERT INTO performance VALUES (6, 155, 18, 8, 200);
INSERT INTO performance VALUES (6, 190, 18, 8, 170);
INSERT INTO performance VALUES (6, 225, 18, 8, 220);
INSERT INTO performance VALUES (6, 260, 18, 8, 160);
INSERT INTO performance VALUES (6, 295, 18, 8, 160);
INSERT INTO performance VALUES (6, 330, 18, 8, 170);
INSERT INTO performance VALUES (6, 365, 18, 8, 200);
INSERT INTO performance VALUES (6, 400, 18, 8, 200);
INSERT INTO performance VALUES (6, 435, 18, 8, 240);
INSERT INTO performance VALUES (6, 470, 18, 8, 220);
INSERT INTO consists_of VALUES (18, 9, 3, 10);
INSERT INTO performance VALUES (9, 85, 18, 10, 200);
INSERT INTO performance VALUES (9, 120, 18, 10, 200);
INSERT INTO performance VALUES (9, 155, 18, 10, 170);
INSERT INTO performance VALUES (9, 190, 18, 10, 170);
INSERT INTO performance VALUES (9, 225, 18, 10, 140);
INSERT INTO performance VALUES (9, 260, 18, 10, 150);
INSERT INTO performance VALUES (9, 295, 18, 10, 210);
INSERT INTO performance VALUES (9, 330, 18, 10, 130);
INSERT INTO performance VALUES (9, 365, 18, 10, 160);
INSERT INTO performance VALUES (9, 400, 18, 10, 130);
INSERT INTO performance VALUES (9, 435, 18, 10, 220);
INSERT INTO performance VALUES (9, 470, 18, 10, 140);
INSERT INTO consists_of VALUES (18, 20, 4, 3);
INSERT INTO performance VALUES (20, 85, 18, 3, 235);
INSERT INTO performance VALUES (20, 120, 18, 3, 175);
INSERT INTO performance VALUES (20, 155, 18, 3, 165);
INSERT INTO performance VALUES (20, 190, 18, 3, 195);
INSERT INTO performance VALUES (20, 225, 18, 3, 265);
INSERT INTO performance VALUES (20, 260, 18, 3, 175);
INSERT INTO performance VALUES (20, 295, 18, 3, 205);
INSERT INTO performance VALUES (20, 330, 18, 3, 205);
INSERT INTO performance VALUES (20, 365, 18, 3, 165);
INSERT INTO performance VALUES (20, 400, 18, 3, 185);
INSERT INTO performance VALUES (20, 435, 18, 3, 205);
INSERT INTO performance VALUES (20, 470, 18, 3, 165);
INSERT INTO Workout VALUES (19, 5, '2012-05-18', 5);
INSERT INTO does VALUES (19, 15, '2012-05-18');
INSERT INTO does VALUES (19, 50, '2012-05-18');
INSERT INTO does VALUES (19, 85, '2012-05-18');
INSERT INTO does VALUES (19, 120, '2012-05-18');
INSERT INTO does VALUES (19, 155, '2012-05-18');
INSERT INTO does VALUES (19, 190, '2012-05-18');
INSERT INTO does VALUES (19, 225, '2012-05-18');
INSERT INTO does VALUES (19, 260, '2012-05-18');
INSERT INTO does VALUES (19, 295, '2012-05-18');
INSERT INTO does VALUES (19, 330, '2012-05-18');
INSERT INTO does VALUES (19, 365, '2012-05-18');
INSERT INTO does VALUES (19, 400, '2012-05-18');
INSERT INTO does VALUES (19, 435, '2012-05-18');
INSERT INTO does VALUES (19, 470, '2012-05-18');
INSERT INTO consists_of VALUES (19, 14, 2, 7);
INSERT INTO performance VALUES (14, 85, 19, 7, 185);
INSERT INTO performance VALUES (14, 120, 19, 7, 175);
INSERT INTO performance VALUES (14, 155, 19, 7, 235);
INSERT INTO performance VALUES (14, 190, 19, 7, 185);
INSERT INTO performance VALUES (14, 225, 19, 7, 205);
INSERT INTO performance VALUES (14, 260, 19, 7, 185);
INSERT INTO performance VALUES (14, 295, 19, 7, 235);
INSERT INTO performance VALUES (14, 330, 19, 7, 215);
INSERT INTO performance VALUES (14, 365, 19, 7, 245);
INSERT INTO performance VALUES (14, 400, 19, 7, 155);
INSERT INTO performance VALUES (14, 435, 19, 7, 205);
INSERT INTO performance VALUES (14, 470, 19, 7, 175);
INSERT INTO consists_of VALUES (19, 21, 2, 4);
INSERT INTO performance VALUES (21, 85, 19, 4, 230);
INSERT INTO performance VALUES (21, 120, 19, 4, 170);
INSERT INTO performance VALUES (21, 155, 19, 4, 260);
INSERT INTO performance VALUES (21, 190, 19, 4, 170);
INSERT INTO performance VALUES (21, 225, 19, 4, 250);
INSERT INTO performance VALUES (21, 260, 19, 4, 170);
INSERT INTO performance VALUES (21, 295, 19, 4, 220);
INSERT INTO performance VALUES (21, 330, 19, 4, 160);
INSERT INTO performance VALUES (21, 365, 19, 4, 200);
INSERT INTO performance VALUES (21, 400, 19, 4, 220);
INSERT INTO performance VALUES (21, 435, 19, 4, 190);
INSERT INTO performance VALUES (21, 470, 19, 4, 160);
INSERT INTO consists_of VALUES (19, 20, 3, 8);
INSERT INTO performance VALUES (20, 85, 19, 8, 170);
INSERT INTO performance VALUES (20, 120, 19, 8, 160);
INSERT INTO performance VALUES (20, 155, 19, 8, 230);
INSERT INTO performance VALUES (20, 190, 19, 8, 150);
INSERT INTO performance VALUES (20, 225, 19, 8, 200);
INSERT INTO performance VALUES (20, 260, 19, 8, 180);
INSERT INTO performance VALUES (20, 295, 19, 8, 230);
INSERT INTO performance VALUES (20, 330, 19, 8, 160);
INSERT INTO performance VALUES (20, 365, 19, 8, 190);
INSERT INTO performance VALUES (20, 400, 19, 8, 200);
INSERT INTO performance VALUES (20, 435, 19, 8, 230);
INSERT INTO performance VALUES (20, 470, 19, 8, 210);
INSERT INTO consists_of VALUES (19, 9, 3, 4);
INSERT INTO performance VALUES (9, 85, 19, 4, 200);
INSERT INTO performance VALUES (9, 120, 19, 4, 210);
INSERT INTO performance VALUES (9, 155, 19, 4, 230);
INSERT INTO performance VALUES (9, 190, 19, 4, 240);
INSERT INTO performance VALUES (9, 225, 19, 4, 240);
INSERT INTO performance VALUES (9, 260, 19, 4, 160);
INSERT INTO performance VALUES (9, 295, 19, 4, 200);
INSERT INTO performance VALUES (9, 330, 19, 4, 210);
INSERT INTO performance VALUES (9, 365, 19, 4, 210);
INSERT INTO performance VALUES (9, 400, 19, 4, 230);
INSERT INTO performance VALUES (9, 435, 19, 4, 170);
INSERT INTO performance VALUES (9, 470, 19, 4, 240);
INSERT INTO consists_of VALUES (19, 6, 3, 4);
INSERT INTO performance VALUES (6, 85, 19, 4, 220);
INSERT INTO performance VALUES (6, 120, 19, 4, 210);
INSERT INTO performance VALUES (6, 155, 19, 4, 180);
INSERT INTO performance VALUES (6, 190, 19, 4, 200);
INSERT INTO performance VALUES (6, 225, 19, 4, 250);
INSERT INTO performance VALUES (6, 260, 19, 4, 180);
INSERT INTO performance VALUES (6, 295, 19, 4, 200);
INSERT INTO performance VALUES (6, 330, 19, 4, 170);
INSERT INTO performance VALUES (6, 365, 19, 4, 240);
INSERT INTO performance VALUES (6, 400, 19, 4, 210);
INSERT INTO performance VALUES (6, 435, 19, 4, 250);
INSERT INTO performance VALUES (6, 470, 19, 4, 190);
INSERT INTO Workout VALUES (20, 5, '2012-05-25', 5);
INSERT INTO does VALUES (20, 15, '2012-05-25');
INSERT INTO does VALUES (20, 50, '2012-05-25');
INSERT INTO does VALUES (20, 85, '2012-05-25');
INSERT INTO does VALUES (20, 120, '2012-05-25');
INSERT INTO does VALUES (20, 155, '2012-05-25');
INSERT INTO does VALUES (20, 190, '2012-05-25');
INSERT INTO does VALUES (20, 225, '2012-05-25');
INSERT INTO does VALUES (20, 260, '2012-05-25');
INSERT INTO does VALUES (20, 295, '2012-05-25');
INSERT INTO does VALUES (20, 330, '2012-05-25');
INSERT INTO does VALUES (20, 365, '2012-05-25');
INSERT INTO does VALUES (20, 435, '2012-05-25');
INSERT INTO does VALUES (20, 470, '2012-05-25');
INSERT INTO consists_of VALUES (20, 8, 4, 8);
INSERT INTO performance VALUES (8, 85, 20, 8, 190);
INSERT INTO performance VALUES (8, 120, 20, 8, 180);
INSERT INTO performance VALUES (8, 155, 20, 8, 170);
INSERT INTO performance VALUES (8, 190, 20, 8, 200);
INSERT INTO performance VALUES (8, 225, 20, 8, 170);
INSERT INTO performance VALUES (8, 260, 20, 8, 180);
INSERT INTO performance VALUES (8, 295, 20, 8, 140);
INSERT INTO performance VALUES (8, 330, 20, 8, 200);
INSERT INTO performance VALUES (8, 365, 20, 8, 160);
INSERT INTO performance VALUES (8, 435, 20, 8, 210);
INSERT INTO performance VALUES (8, 470, 20, 8, 150);
INSERT INTO consists_of VALUES (20, 3, 3, 8);
INSERT INTO performance VALUES (3, 85, 20, 8, 210);
INSERT INTO performance VALUES (3, 120, 20, 8, 180);
INSERT INTO performance VALUES (3, 155, 20, 8, 240);
INSERT INTO performance VALUES (3, 190, 20, 8, 210);
INSERT INTO performance VALUES (3, 225, 20, 8, 220);
INSERT INTO performance VALUES (3, 260, 20, 8, 150);
INSERT INTO performance VALUES (3, 295, 20, 8, 160);
INSERT INTO performance VALUES (3, 330, 20, 8, 140);
INSERT INTO performance VALUES (3, 365, 20, 8, 220);
INSERT INTO performance VALUES (3, 435, 20, 8, 150);
INSERT INTO performance VALUES (3, 470, 20, 8, 180);
INSERT INTO consists_of VALUES (20, 14, 3, 5);
INSERT INTO performance VALUES (14, 85, 20, 5, 225);
INSERT INTO performance VALUES (14, 120, 20, 5, 175);
INSERT INTO performance VALUES (14, 155, 20, 5, 215);
INSERT INTO performance VALUES (14, 190, 20, 5, 235);
INSERT INTO performance VALUES (14, 225, 20, 5, 225);
INSERT INTO performance VALUES (14, 260, 20, 5, 215);
INSERT INTO performance VALUES (14, 295, 20, 5, 225);
INSERT INTO performance VALUES (14, 330, 20, 5, 195);
INSERT INTO performance VALUES (14, 365, 20, 5, 185);
INSERT INTO performance VALUES (14, 435, 20, 5, 155);
INSERT INTO performance VALUES (14, 470, 20, 5, 225);
INSERT INTO consists_of VALUES (20, 2, 4, 7);
INSERT INTO performance VALUES (2, 85, 20, 7, 245);
INSERT INTO performance VALUES (2, 120, 20, 7, 195);
INSERT INTO performance VALUES (2, 155, 20, 7, 175);
INSERT INTO performance VALUES (2, 190, 20, 7, 165);
INSERT INTO performance VALUES (2, 225, 20, 7, 185);
INSERT INTO performance VALUES (2, 260, 20, 7, 165);
INSERT INTO performance VALUES (2, 295, 20, 7, 225);
INSERT INTO performance VALUES (2, 330, 20, 7, 195);
INSERT INTO performance VALUES (2, 365, 20, 7, 165);
INSERT INTO performance VALUES (2, 435, 20, 7, 245);
INSERT INTO performance VALUES (2, 470, 20, 7, 175);
INSERT INTO consists_of VALUES (20, 1, 4, 10);
INSERT INTO performance VALUES (1, 85, 20, 10, 220);
INSERT INTO performance VALUES (1, 120, 20, 10, 200);
INSERT INTO performance VALUES (1, 155, 20, 10, 220);
INSERT INTO performance VALUES (1, 190, 20, 10, 140);
INSERT INTO performance VALUES (1, 225, 20, 10, 140);
INSERT INTO performance VALUES (1, 260, 20, 10, 180);
INSERT INTO performance VALUES (1, 295, 20, 10, 160);
INSERT INTO performance VALUES (1, 330, 20, 10, 170);
INSERT INTO performance VALUES (1, 365, 20, 10, 180);
INSERT INTO performance VALUES (1, 435, 20, 10, 170);
INSERT INTO performance VALUES (1, 470, 20, 10, 200);
INSERT INTO Workout VALUES (21, 6, '2012-06-04', 6);
INSERT INTO does VALUES (21, 16, '2012-06-04');
INSERT INTO does VALUES (21, 51, '2012-06-04');
INSERT INTO does VALUES (21, 86, '2012-06-04');
INSERT INTO does VALUES (21, 121, '2012-06-04');
INSERT INTO does VALUES (21, 156, '2012-06-04');
INSERT INTO does VALUES (21, 191, '2012-06-04');
INSERT INTO does VALUES (21, 226, '2012-06-04');
INSERT INTO does VALUES (21, 296, '2012-06-04');
INSERT INTO does VALUES (21, 331, '2012-06-04');
INSERT INTO does VALUES (21, 366, '2012-06-04');
INSERT INTO does VALUES (21, 401, '2012-06-04');
INSERT INTO does VALUES (21, 436, '2012-06-04');
INSERT INTO does VALUES (21, 471, '2012-06-04');
INSERT INTO consists_of VALUES (21, 17, 4, 8);
INSERT INTO performance VALUES (17, 16, 21, 8, 140);
INSERT INTO performance VALUES (17, 51, 21, 8, 170);
INSERT INTO performance VALUES (17, 86, 21, 8, 210);
INSERT INTO performance VALUES (17, 121, 21, 8, 150);
INSERT INTO performance VALUES (17, 156, 21, 8, 180);
INSERT INTO performance VALUES (17, 191, 21, 8, 140);
INSERT INTO performance VALUES (17, 226, 21, 8, 220);
INSERT INTO performance VALUES (17, 296, 21, 8, 160);
INSERT INTO performance VALUES (17, 331, 21, 8, 150);
INSERT INTO performance VALUES (17, 366, 21, 8, 150);
INSERT INTO performance VALUES (17, 401, 21, 8, 150);
INSERT INTO performance VALUES (17, 436, 21, 8, 220);
INSERT INTO performance VALUES (17, 471, 21, 8, 220);
INSERT INTO consists_of VALUES (21, 6, 2, 3);
INSERT INTO performance VALUES (6, 16, 21, 3, 185);
INSERT INTO performance VALUES (6, 51, 21, 3, 235);
INSERT INTO performance VALUES (6, 86, 21, 3, 255);
INSERT INTO performance VALUES (6, 121, 21, 3, 195);
INSERT INTO performance VALUES (6, 156, 21, 3, 215);
INSERT INTO performance VALUES (6, 191, 21, 3, 165);
INSERT INTO performance VALUES (6, 226, 21, 3, 225);
INSERT INTO performance VALUES (6, 296, 21, 3, 265);
INSERT INTO performance VALUES (6, 331, 21, 3, 185);
INSERT INTO performance VALUES (6, 366, 21, 3, 275);
INSERT INTO performance VALUES (6, 401, 21, 3, 195);
INSERT INTO performance VALUES (6, 436, 21, 3, 195);
INSERT INTO performance VALUES (6, 471, 21, 3, 195);
INSERT INTO consists_of VALUES (21, 11, 4, 6);
INSERT INTO performance VALUES (11, 16, 21, 6, 150);
INSERT INTO performance VALUES (11, 51, 21, 6, 200);
INSERT INTO performance VALUES (11, 86, 21, 6, 210);
INSERT INTO performance VALUES (11, 121, 21, 6, 170);
INSERT INTO performance VALUES (11, 156, 21, 6, 250);
INSERT INTO performance VALUES (11, 191, 21, 6, 210);
INSERT INTO performance VALUES (11, 226, 21, 6, 200);
INSERT INTO performance VALUES (11, 296, 21, 6, 210);
INSERT INTO performance VALUES (11, 331, 21, 6, 150);
INSERT INTO performance VALUES (11, 366, 21, 6, 230);
INSERT INTO performance VALUES (11, 401, 21, 6, 210);
INSERT INTO performance VALUES (11, 436, 21, 6, 250);
INSERT INTO performance VALUES (11, 471, 21, 6, 160);
INSERT INTO consists_of VALUES (21, 12, 3, 6);
INSERT INTO performance VALUES (12, 16, 21, 6, 230);
INSERT INTO performance VALUES (12, 51, 21, 6, 230);
INSERT INTO performance VALUES (12, 86, 21, 6, 230);
INSERT INTO performance VALUES (12, 121, 21, 6, 220);
INSERT INTO performance VALUES (12, 156, 21, 6, 150);
INSERT INTO performance VALUES (12, 191, 21, 6, 230);
INSERT INTO performance VALUES (12, 226, 21, 6, 230);
INSERT INTO performance VALUES (12, 296, 21, 6, 220);
INSERT INTO performance VALUES (12, 331, 21, 6, 180);
INSERT INTO performance VALUES (12, 366, 21, 6, 170);
INSERT INTO performance VALUES (12, 401, 21, 6, 150);
INSERT INTO performance VALUES (12, 436, 21, 6, 220);
INSERT INTO performance VALUES (12, 471, 21, 6, 170);
INSERT INTO consists_of VALUES (21, 18, 3, 7);
INSERT INTO performance VALUES (18, 16, 21, 7, 185);
INSERT INTO performance VALUES (18, 51, 21, 7, 215);
INSERT INTO performance VALUES (18, 86, 21, 7, 215);
INSERT INTO performance VALUES (18, 121, 21, 7, 165);
INSERT INTO performance VALUES (18, 156, 21, 7, 185);
INSERT INTO performance VALUES (18, 191, 21, 7, 155);
INSERT INTO performance VALUES (18, 226, 21, 7, 185);
INSERT INTO performance VALUES (18, 296, 21, 7, 245);
INSERT INTO performance VALUES (18, 331, 21, 7, 195);
INSERT INTO performance VALUES (18, 366, 21, 7, 225);
INSERT INTO performance VALUES (18, 401, 21, 7, 145);
INSERT INTO performance VALUES (18, 436, 21, 7, 165);
INSERT INTO performance VALUES (18, 471, 21, 7, 225);
INSERT INTO Workout VALUES (22, 6, '2012-06-11', 6);
INSERT INTO does VALUES (22, 16, '2012-06-11');
INSERT INTO does VALUES (22, 51, '2012-06-11');
INSERT INTO does VALUES (22, 86, '2012-06-11');
INSERT INTO does VALUES (22, 121, '2012-06-11');
INSERT INTO does VALUES (22, 156, '2012-06-11');
INSERT INTO does VALUES (22, 191, '2012-06-11');
INSERT INTO does VALUES (22, 226, '2012-06-11');
INSERT INTO does VALUES (22, 261, '2012-06-11');
INSERT INTO does VALUES (22, 296, '2012-06-11');
INSERT INTO does VALUES (22, 331, '2012-06-11');
INSERT INTO does VALUES (22, 366, '2012-06-11');
INSERT INTO does VALUES (22, 401, '2012-06-11');
INSERT INTO does VALUES (22, 436, '2012-06-11');
INSERT INTO does VALUES (22, 471, '2012-06-11');
INSERT INTO consists_of VALUES (22, 19, 3, 3);
INSERT INTO performance VALUES (19, 16, 22, 3, 275);
INSERT INTO performance VALUES (19, 51, 22, 3, 195);
INSERT INTO performance VALUES (19, 86, 22, 3, 185);
INSERT INTO performance VALUES (19, 121, 22, 3, 175);
INSERT INTO performance VALUES (19, 156, 22, 3, 185);
INSERT INTO performance VALUES (19, 191, 22, 3, 175);
INSERT INTO performance VALUES (19, 226, 22, 3, 245);
INSERT INTO performance VALUES (19, 296, 22, 3, 245);
INSERT INTO performance VALUES (19, 331, 22, 3, 245);
INSERT INTO performance VALUES (19, 366, 22, 3, 165);
INSERT INTO performance VALUES (19, 401, 22, 3, 165);
INSERT INTO performance VALUES (19, 436, 22, 3, 265);
INSERT INTO performance VALUES (19, 471, 22, 3, 215);
INSERT INTO consists_of VALUES (22, 14, 2, 7);
INSERT INTO performance VALUES (14, 16, 22, 7, 225);
INSERT INTO performance VALUES (14, 51, 22, 7, 155);
INSERT INTO performance VALUES (14, 86, 22, 7, 155);
INSERT INTO performance VALUES (14, 121, 22, 7, 195);
INSERT INTO performance VALUES (14, 156, 22, 7, 225);
INSERT INTO performance VALUES (14, 191, 22, 7, 145);
INSERT INTO performance VALUES (14, 226, 22, 7, 145);
INSERT INTO performance VALUES (14, 296, 22, 7, 185);
INSERT INTO performance VALUES (14, 331, 22, 7, 185);
INSERT INTO performance VALUES (14, 366, 22, 7, 195);
INSERT INTO performance VALUES (14, 401, 22, 7, 175);
INSERT INTO performance VALUES (14, 436, 22, 7, 195);
INSERT INTO performance VALUES (14, 471, 22, 7, 205);
INSERT INTO consists_of VALUES (22, 15, 2, 4);
INSERT INTO performance VALUES (15, 16, 22, 4, 220);
INSERT INTO performance VALUES (15, 51, 22, 4, 200);
INSERT INTO performance VALUES (15, 86, 22, 4, 200);
INSERT INTO performance VALUES (15, 121, 22, 4, 230);
INSERT INTO performance VALUES (15, 156, 22, 4, 250);
INSERT INTO performance VALUES (15, 191, 22, 4, 200);
INSERT INTO performance VALUES (15, 226, 22, 4, 220);
INSERT INTO performance VALUES (15, 296, 22, 4, 160);
INSERT INTO performance VALUES (15, 331, 22, 4, 240);
INSERT INTO performance VALUES (15, 366, 22, 4, 210);
INSERT INTO performance VALUES (15, 401, 22, 4, 230);
INSERT INTO performance VALUES (15, 436, 22, 4, 170);
INSERT INTO performance VALUES (15, 471, 22, 4, 180);
INSERT INTO consists_of VALUES (22, 3, 3, 8);
INSERT INTO performance VALUES (3, 16, 22, 8, 210);
INSERT INTO performance VALUES (3, 51, 22, 8, 210);
INSERT INTO performance VALUES (3, 86, 22, 8, 220);
INSERT INTO performance VALUES (3, 121, 22, 8, 150);
INSERT INTO performance VALUES (3, 156, 22, 8, 240);
INSERT INTO performance VALUES (3, 191, 22, 8, 150);
INSERT INTO performance VALUES (3, 226, 22, 8, 240);
INSERT INTO performance VALUES (3, 296, 22, 8, 240);
INSERT INTO performance VALUES (3, 331, 22, 8, 140);
INSERT INTO performance VALUES (3, 366, 22, 8, 180);
INSERT INTO performance VALUES (3, 401, 22, 8, 210);
INSERT INTO performance VALUES (3, 436, 22, 8, 170);
INSERT INTO performance VALUES (3, 471, 22, 8, 150);
INSERT INTO consists_of VALUES (22, 4, 2, 8);
INSERT INTO performance VALUES (4, 16, 22, 8, 250);
INSERT INTO performance VALUES (4, 51, 22, 8, 220);
INSERT INTO performance VALUES (4, 86, 22, 8, 150);
INSERT INTO performance VALUES (4, 121, 22, 8, 180);
INSERT INTO performance VALUES (4, 156, 22, 8, 160);
INSERT INTO performance VALUES (4, 191, 22, 8, 190);
INSERT INTO performance VALUES (4, 226, 22, 8, 210);
INSERT INTO performance VALUES (4, 296, 22, 8, 170);
INSERT INTO performance VALUES (4, 331, 22, 8, 170);
INSERT INTO performance VALUES (4, 366, 22, 8, 170);
INSERT INTO performance VALUES (4, 401, 22, 8, 200);
INSERT INTO performance VALUES (4, 436, 22, 8, 180);
INSERT INTO performance VALUES (4, 471, 22, 8, 150);
INSERT INTO Workout VALUES (23, 6, '2012-06-18', 6);
INSERT INTO does VALUES (23, 16, '2012-06-18');
INSERT INTO does VALUES (23, 51, '2012-06-18');
INSERT INTO does VALUES (23, 86, '2012-06-18');
INSERT INTO does VALUES (23, 121, '2012-06-18');
INSERT INTO does VALUES (23, 156, '2012-06-18');
INSERT INTO does VALUES (23, 191, '2012-06-18');
INSERT INTO does VALUES (23, 226, '2012-06-18');
INSERT INTO does VALUES (23, 261, '2012-06-18');
INSERT INTO does VALUES (23, 296, '2012-06-18');
INSERT INTO does VALUES (23, 331, '2012-06-18');
INSERT INTO does VALUES (23, 366, '2012-06-18');
INSERT INTO does VALUES (23, 401, '2012-06-18');
INSERT INTO does VALUES (23, 436, '2012-06-18');
INSERT INTO does VALUES (23, 471, '2012-06-18');
INSERT INTO consists_of VALUES (23, 6, 2, 9);
INSERT INTO performance VALUES (6, 16, 23, 9, 175);
INSERT INTO performance VALUES (6, 51, 23, 9, 195);
INSERT INTO performance VALUES (6, 86, 23, 9, 235);
INSERT INTO performance VALUES (6, 121, 23, 9, 205);
INSERT INTO performance VALUES (6, 156, 23, 9, 245);
INSERT INTO performance VALUES (6, 191, 23, 9, 145);
INSERT INTO performance VALUES (6, 226, 23, 9, 205);
INSERT INTO performance VALUES (6, 296, 23, 9, 185);
INSERT INTO performance VALUES (6, 331, 23, 9, 195);
INSERT INTO performance VALUES (6, 366, 23, 9, 205);
INSERT INTO performance VALUES (6, 401, 23, 9, 205);
INSERT INTO performance VALUES (6, 436, 23, 9, 195);
INSERT INTO performance VALUES (6, 471, 23, 9, 195);
INSERT INTO consists_of VALUES (23, 4, 4, 4);
INSERT INTO performance VALUES (4, 16, 23, 4, 160);
INSERT INTO performance VALUES (4, 51, 23, 4, 180);
INSERT INTO performance VALUES (4, 86, 23, 4, 200);
INSERT INTO performance VALUES (4, 121, 23, 4, 190);
INSERT INTO performance VALUES (4, 156, 23, 4, 230);
INSERT INTO performance VALUES (4, 191, 23, 4, 160);
INSERT INTO performance VALUES (4, 226, 23, 4, 170);
INSERT INTO performance VALUES (4, 296, 23, 4, 190);
INSERT INTO performance VALUES (4, 331, 23, 4, 180);
INSERT INTO performance VALUES (4, 366, 23, 4, 230);
INSERT INTO performance VALUES (4, 401, 23, 4, 190);
INSERT INTO performance VALUES (4, 436, 23, 4, 190);
INSERT INTO performance VALUES (4, 471, 23, 4, 220);
INSERT INTO consists_of VALUES (23, 8, 4, 8);
INSERT INTO performance VALUES (8, 16, 23, 8, 240);
INSERT INTO performance VALUES (8, 51, 23, 8, 170);
INSERT INTO performance VALUES (8, 86, 23, 8, 230);
INSERT INTO performance VALUES (8, 121, 23, 8, 160);
INSERT INTO performance VALUES (8, 156, 23, 8, 200);
INSERT INTO performance VALUES (8, 191, 23, 8, 190);
INSERT INTO performance VALUES (8, 226, 23, 8, 140);
INSERT INTO performance VALUES (8, 296, 23, 8, 200);
INSERT INTO performance VALUES (8, 331, 23, 8, 170);
INSERT INTO performance VALUES (8, 366, 23, 8, 220);
INSERT INTO performance VALUES (8, 401, 23, 8, 220);
INSERT INTO performance VALUES (8, 436, 23, 8, 180);
INSERT INTO performance VALUES (8, 471, 23, 8, 210);
INSERT INTO consists_of VALUES (23, 21, 3, 10);
INSERT INTO performance VALUES (21, 16, 23, 10, 200);
INSERT INTO performance VALUES (21, 51, 23, 10, 200);
INSERT INTO performance VALUES (21, 86, 23, 10, 160);
INSERT INTO performance VALUES (21, 121, 23, 10, 150);
INSERT INTO performance VALUES (21, 156, 23, 10, 240);
INSERT INTO performance VALUES (21, 191, 23, 10, 200);
INSERT INTO performance VALUES (21, 226, 23, 10, 240);
INSERT INTO performance VALUES (21, 296, 23, 10, 220);
INSERT INTO performance VALUES (21, 331, 23, 10, 130);
INSERT INTO performance VALUES (21, 366, 23, 10, 160);
INSERT INTO performance VALUES (21, 401, 23, 10, 190);
INSERT INTO performance VALUES (21, 436, 23, 10, 240);
INSERT INTO performance VALUES (21, 471, 23, 10, 190);
INSERT INTO consists_of VALUES (23, 10, 3, 8);
INSERT INTO performance VALUES (10, 16, 23, 8, 220);
INSERT INTO performance VALUES (10, 51, 23, 8, 160);
INSERT INTO performance VALUES (10, 86, 23, 8, 230);
INSERT INTO performance VALUES (10, 121, 23, 8, 160);
INSERT INTO performance VALUES (10, 156, 23, 8, 210);
INSERT INTO performance VALUES (10, 191, 23, 8, 210);
INSERT INTO performance VALUES (10, 226, 23, 8, 210);
INSERT INTO performance VALUES (10, 296, 23, 8, 220);
INSERT INTO performance VALUES (10, 331, 23, 8, 220);
INSERT INTO performance VALUES (10, 366, 23, 8, 240);
INSERT INTO performance VALUES (10, 401, 23, 8, 220);
INSERT INTO performance VALUES (10, 436, 23, 8, 190);
INSERT INTO performance VALUES (10, 471, 23, 8, 180);
INSERT INTO Workout VALUES (24, 6, '2012-06-25', 6);
INSERT INTO does VALUES (24, 51, '2012-06-25');
INSERT INTO does VALUES (24, 86, '2012-06-25');
INSERT INTO does VALUES (24, 121, '2012-06-25');
INSERT INTO does VALUES (24, 156, '2012-06-25');
INSERT INTO does VALUES (24, 191, '2012-06-25');
INSERT INTO does VALUES (24, 226, '2012-06-25');
INSERT INTO does VALUES (24, 261, '2012-06-25');
INSERT INTO does VALUES (24, 296, '2012-06-25');
INSERT INTO does VALUES (24, 331, '2012-06-25');
INSERT INTO does VALUES (24, 366, '2012-06-25');
INSERT INTO does VALUES (24, 401, '2012-06-25');
INSERT INTO does VALUES (24, 436, '2012-06-25');
INSERT INTO does VALUES (24, 471, '2012-06-25');
INSERT INTO consists_of VALUES (24, 10, 2, 3);
INSERT INTO performance VALUES (10, 51, 24, 3, 215);
INSERT INTO performance VALUES (10, 86, 24, 3, 265);
INSERT INTO performance VALUES (10, 121, 24, 3, 225);
INSERT INTO performance VALUES (10, 156, 24, 3, 205);
INSERT INTO performance VALUES (10, 191, 24, 3, 235);
INSERT INTO performance VALUES (10, 226, 24, 3, 255);
INSERT INTO performance VALUES (10, 296, 24, 3, 215);
INSERT INTO performance VALUES (10, 331, 24, 3, 245);
INSERT INTO performance VALUES (10, 366, 24, 3, 175);
INSERT INTO performance VALUES (10, 401, 24, 3, 215);
INSERT INTO performance VALUES (10, 436, 24, 3, 255);
INSERT INTO performance VALUES (10, 471, 24, 3, 185);
INSERT INTO consists_of VALUES (24, 6, 3, 3);
INSERT INTO performance VALUES (6, 51, 24, 3, 185);
INSERT INTO performance VALUES (6, 86, 24, 3, 235);
INSERT INTO performance VALUES (6, 121, 24, 3, 195);
INSERT INTO performance VALUES (6, 156, 24, 3, 205);
INSERT INTO performance VALUES (6, 191, 24, 3, 165);
INSERT INTO performance VALUES (6, 226, 24, 3, 245);
INSERT INTO performance VALUES (6, 296, 24, 3, 175);
INSERT INTO performance VALUES (6, 331, 24, 3, 225);
INSERT INTO performance VALUES (6, 366, 24, 3, 225);
INSERT INTO performance VALUES (6, 401, 24, 3, 215);
INSERT INTO performance VALUES (6, 436, 24, 3, 165);
INSERT INTO performance VALUES (6, 471, 24, 3, 235);
INSERT INTO consists_of VALUES (24, 5, 3, 7);
INSERT INTO performance VALUES (5, 51, 24, 7, 215);
INSERT INTO performance VALUES (5, 86, 24, 7, 145);
INSERT INTO performance VALUES (5, 121, 24, 7, 195);
INSERT INTO performance VALUES (5, 156, 24, 7, 165);
INSERT INTO performance VALUES (5, 191, 24, 7, 225);
INSERT INTO performance VALUES (5, 226, 24, 7, 205);
INSERT INTO performance VALUES (5, 296, 24, 7, 245);
INSERT INTO performance VALUES (5, 331, 24, 7, 175);
INSERT INTO performance VALUES (5, 366, 24, 7, 165);
INSERT INTO performance VALUES (5, 401, 24, 7, 185);
INSERT INTO performance VALUES (5, 436, 24, 7, 165);
INSERT INTO performance VALUES (5, 471, 24, 7, 205);
INSERT INTO consists_of VALUES (24, 13, 3, 8);
INSERT INTO performance VALUES (13, 51, 24, 8, 160);
INSERT INTO performance VALUES (13, 86, 24, 8, 210);
INSERT INTO performance VALUES (13, 121, 24, 8, 220);
INSERT INTO performance VALUES (13, 156, 24, 8, 190);
INSERT INTO performance VALUES (13, 191, 24, 8, 200);
INSERT INTO performance VALUES (13, 226, 24, 8, 210);
INSERT INTO performance VALUES (13, 296, 24, 8, 180);
INSERT INTO performance VALUES (13, 331, 24, 8, 220);
INSERT INTO performance VALUES (13, 366, 24, 8, 210);
INSERT INTO performance VALUES (13, 401, 24, 8, 180);
INSERT INTO performance VALUES (13, 436, 24, 8, 160);
INSERT INTO performance VALUES (13, 471, 24, 8, 150);
INSERT INTO consists_of VALUES (24, 12, 4, 9);
INSERT INTO performance VALUES (12, 51, 24, 9, 175);
INSERT INTO performance VALUES (12, 86, 24, 9, 145);
INSERT INTO performance VALUES (12, 121, 24, 9, 155);
INSERT INTO performance VALUES (12, 156, 24, 9, 175);
INSERT INTO performance VALUES (12, 191, 24, 9, 175);
INSERT INTO performance VALUES (12, 226, 24, 9, 135);
INSERT INTO performance VALUES (12, 296, 24, 9, 225);
INSERT INTO performance VALUES (12, 331, 24, 9, 185);
INSERT INTO performance VALUES (12, 366, 24, 9, 245);
INSERT INTO performance VALUES (12, 401, 24, 9, 195);
INSERT INTO performance VALUES (12, 436, 24, 9, 185);
INSERT INTO performance VALUES (12, 471, 24, 9, 205);
INSERT INTO Workout VALUES (25, 7, '2012-07-04', 7);
INSERT INTO does VALUES (25, 17, '2012-07-04');
INSERT INTO does VALUES (25, 52, '2012-07-04');
INSERT INTO does VALUES (25, 87, '2012-07-04');
INSERT INTO does VALUES (25, 122, '2012-07-04');
INSERT INTO does VALUES (25, 157, '2012-07-04');
INSERT INTO does VALUES (25, 192, '2012-07-04');
INSERT INTO does VALUES (25, 227, '2012-07-04');
INSERT INTO does VALUES (25, 262, '2012-07-04');
INSERT INTO does VALUES (25, 297, '2012-07-04');
INSERT INTO does VALUES (25, 332, '2012-07-04');
INSERT INTO does VALUES (25, 367, '2012-07-04');
INSERT INTO does VALUES (25, 402, '2012-07-04');
INSERT INTO does VALUES (25, 437, '2012-07-04');
INSERT INTO does VALUES (25, 472, '2012-07-04');
INSERT INTO consists_of VALUES (25, 17, 2, 5);
INSERT INTO performance VALUES (17, 17, 25, 5, 225);
INSERT INTO performance VALUES (17, 52, 25, 5, 245);
INSERT INTO performance VALUES (17, 87, 25, 5, 215);
INSERT INTO performance VALUES (17, 122, 25, 5, 245);
INSERT INTO performance VALUES (17, 157, 25, 5, 155);
INSERT INTO performance VALUES (17, 192, 25, 5, 155);
INSERT INTO performance VALUES (17, 227, 25, 5, 155);
INSERT INTO performance VALUES (17, 262, 25, 5, 155);
INSERT INTO performance VALUES (17, 297, 25, 5, 225);
INSERT INTO performance VALUES (17, 332, 25, 5, 225);
INSERT INTO performance VALUES (17, 367, 25, 5, 235);
INSERT INTO performance VALUES (17, 402, 25, 5, 215);
INSERT INTO performance VALUES (17, 437, 25, 5, 205);
INSERT INTO performance VALUES (17, 472, 25, 5, 215);
INSERT INTO consists_of VALUES (25, 4, 2, 5);
INSERT INTO performance VALUES (4, 17, 25, 5, 225);
INSERT INTO performance VALUES (4, 52, 25, 5, 215);
INSERT INTO performance VALUES (4, 87, 25, 5, 175);
INSERT INTO performance VALUES (4, 122, 25, 5, 165);
INSERT INTO performance VALUES (4, 157, 25, 5, 155);
INSERT INTO performance VALUES (4, 192, 25, 5, 245);
INSERT INTO performance VALUES (4, 227, 25, 5, 265);
INSERT INTO performance VALUES (4, 262, 25, 5, 215);
INSERT INTO performance VALUES (4, 297, 25, 5, 185);
INSERT INTO performance VALUES (4, 332, 25, 5, 205);
INSERT INTO performance VALUES (4, 367, 25, 5, 155);
INSERT INTO performance VALUES (4, 402, 25, 5, 235);
INSERT INTO performance VALUES (4, 437, 25, 5, 255);
INSERT INTO performance VALUES (4, 472, 25, 5, 235);
INSERT INTO consists_of VALUES (25, 20, 4, 9);
INSERT INTO performance VALUES (20, 17, 25, 9, 185);
INSERT INTO performance VALUES (20, 52, 25, 9, 155);
INSERT INTO performance VALUES (20, 87, 25, 9, 185);
INSERT INTO performance VALUES (20, 122, 25, 9, 175);
INSERT INTO performance VALUES (20, 157, 25, 9, 235);
INSERT INTO performance VALUES (20, 192, 25, 9, 185);
INSERT INTO performance VALUES (20, 227, 25, 9, 225);
INSERT INTO performance VALUES (20, 262, 25, 9, 175);
INSERT INTO performance VALUES (20, 297, 25, 9, 165);
INSERT INTO performance VALUES (20, 332, 25, 9, 185);
INSERT INTO performance VALUES (20, 367, 25, 9, 225);
INSERT INTO performance VALUES (20, 402, 25, 9, 145);
INSERT INTO performance VALUES (20, 437, 25, 9, 245);
INSERT INTO performance VALUES (20, 472, 25, 9, 175);
INSERT INTO consists_of VALUES (25, 5, 4, 7);
INSERT INTO performance VALUES (5, 17, 25, 7, 145);
INSERT INTO performance VALUES (5, 52, 25, 7, 225);
INSERT INTO performance VALUES (5, 87, 25, 7, 185);
INSERT INTO performance VALUES (5, 122, 25, 7, 165);
INSERT INTO performance VALUES (5, 157, 25, 7, 175);
INSERT INTO performance VALUES (5, 192, 25, 7, 185);
INSERT INTO performance VALUES (5, 227, 25, 7, 145);
INSERT INTO performance VALUES (5, 262, 25, 7, 225);
INSERT INTO performance VALUES (5, 297, 25, 7, 175);
INSERT INTO performance VALUES (5, 332, 25, 7, 165);
INSERT INTO performance VALUES (5, 367, 25, 7, 165);
INSERT INTO performance VALUES (5, 402, 25, 7, 145);
INSERT INTO performance VALUES (5, 437, 25, 7, 245);
INSERT INTO performance VALUES (5, 472, 25, 7, 175);
INSERT INTO consists_of VALUES (25, 10, 4, 8);
INSERT INTO performance VALUES (10, 17, 25, 8, 180);
INSERT INTO performance VALUES (10, 52, 25, 8, 170);
INSERT INTO performance VALUES (10, 87, 25, 8, 220);
INSERT INTO performance VALUES (10, 122, 25, 8, 170);
INSERT INTO performance VALUES (10, 157, 25, 8, 180);
INSERT INTO performance VALUES (10, 192, 25, 8, 150);
INSERT INTO performance VALUES (10, 227, 25, 8, 250);
INSERT INTO performance VALUES (10, 262, 25, 8, 140);
INSERT INTO performance VALUES (10, 297, 25, 8, 180);
INSERT INTO performance VALUES (10, 332, 25, 8, 210);
INSERT INTO performance VALUES (10, 367, 25, 8, 140);
INSERT INTO performance VALUES (10, 402, 25, 8, 200);
INSERT INTO performance VALUES (10, 437, 25, 8, 190);
INSERT INTO performance VALUES (10, 472, 25, 8, 190);
INSERT INTO Workout VALUES (26, 7, '2012-07-11', 7);
INSERT INTO does VALUES (26, 17, '2012-07-11');
INSERT INTO does VALUES (26, 52, '2012-07-11');
INSERT INTO does VALUES (26, 87, '2012-07-11');
INSERT INTO does VALUES (26, 227, '2012-07-11');
INSERT INTO does VALUES (26, 297, '2012-07-11');
INSERT INTO does VALUES (26, 332, '2012-07-11');
INSERT INTO does VALUES (26, 367, '2012-07-11');
INSERT INTO does VALUES (26, 402, '2012-07-11');
INSERT INTO does VALUES (26, 437, '2012-07-11');
INSERT INTO does VALUES (26, 472, '2012-07-11');
INSERT INTO consists_of VALUES (26, 8, 3, 5);
INSERT INTO performance VALUES (8, 17, 26, 5, 215);
INSERT INTO performance VALUES (8, 52, 26, 5, 225);
INSERT INTO performance VALUES (8, 87, 26, 5, 155);
INSERT INTO performance VALUES (8, 227, 26, 5, 255);
INSERT INTO performance VALUES (8, 297, 26, 5, 255);
INSERT INTO performance VALUES (8, 332, 26, 5, 225);
INSERT INTO performance VALUES (8, 367, 26, 5, 175);
INSERT INTO performance VALUES (8, 402, 26, 5, 205);
INSERT INTO performance VALUES (8, 437, 26, 5, 175);
INSERT INTO performance VALUES (8, 472, 26, 5, 195);
INSERT INTO consists_of VALUES (26, 3, 2, 8);
INSERT INTO performance VALUES (3, 17, 26, 8, 150);
INSERT INTO performance VALUES (3, 52, 26, 8, 230);
INSERT INTO performance VALUES (3, 87, 26, 8, 220);
INSERT INTO performance VALUES (3, 227, 26, 8, 180);
INSERT INTO performance VALUES (3, 297, 26, 8, 140);
INSERT INTO performance VALUES (3, 332, 26, 8, 140);
INSERT INTO performance VALUES (3, 367, 26, 8, 230);
INSERT INTO performance VALUES (3, 402, 26, 8, 190);
INSERT INTO performance VALUES (3, 437, 26, 8, 250);
INSERT INTO performance VALUES (3, 472, 26, 8, 200);
INSERT INTO consists_of VALUES (26, 19, 2, 9);
INSERT INTO performance VALUES (19, 17, 26, 9, 145);
INSERT INTO performance VALUES (19, 52, 26, 9, 145);
INSERT INTO performance VALUES (19, 87, 26, 9, 205);
INSERT INTO performance VALUES (19, 227, 26, 9, 185);
INSERT INTO performance VALUES (19, 297, 26, 9, 185);
INSERT INTO performance VALUES (19, 332, 26, 9, 225);
INSERT INTO performance VALUES (19, 367, 26, 9, 145);
INSERT INTO performance VALUES (19, 402, 26, 9, 185);
INSERT INTO performance VALUES (19, 437, 26, 9, 235);
INSERT INTO performance VALUES (19, 472, 26, 9, 155);
INSERT INTO consists_of VALUES (26, 11, 4, 3);
INSERT INTO performance VALUES (11, 17, 26, 3, 175);
INSERT INTO performance VALUES (11, 52, 26, 3, 175);
INSERT INTO performance VALUES (11, 87, 26, 3, 195);
INSERT INTO performance VALUES (11, 227, 26, 3, 185);
INSERT INTO performance VALUES (11, 297, 26, 3, 195);
INSERT INTO performance VALUES (11, 332, 26, 3, 225);
INSERT INTO performance VALUES (11, 367, 26, 3, 265);
INSERT INTO performance VALUES (11, 402, 26, 3, 195);
INSERT INTO performance VALUES (11, 437, 26, 3, 245);
INSERT INTO performance VALUES (11, 472, 26, 3, 165);
INSERT INTO consists_of VALUES (26, 21, 4, 3);
INSERT INTO performance VALUES (21, 17, 26, 3, 235);
INSERT INTO performance VALUES (21, 52, 26, 3, 185);
INSERT INTO performance VALUES (21, 87, 26, 3, 235);
INSERT INTO performance VALUES (21, 227, 26, 3, 195);
INSERT INTO performance VALUES (21, 297, 26, 3, 215);
INSERT INTO performance VALUES (21, 332, 26, 3, 205);
INSERT INTO performance VALUES (21, 367, 26, 3, 215);
INSERT INTO performance VALUES (21, 402, 26, 3, 195);
INSERT INTO performance VALUES (21, 437, 26, 3, 255);
INSERT INTO performance VALUES (21, 472, 26, 3, 165);
INSERT INTO Workout VALUES (27, 7, '2012-07-18', 7);
INSERT INTO does VALUES (27, 17, '2012-07-18');
INSERT INTO does VALUES (27, 52, '2012-07-18');
INSERT INTO does VALUES (27, 87, '2012-07-18');
INSERT INTO does VALUES (27, 122, '2012-07-18');
INSERT INTO does VALUES (27, 157, '2012-07-18');
INSERT INTO does VALUES (27, 192, '2012-07-18');
INSERT INTO does VALUES (27, 227, '2012-07-18');
INSERT INTO does VALUES (27, 262, '2012-07-18');
INSERT INTO does VALUES (27, 297, '2012-07-18');
INSERT INTO does VALUES (27, 332, '2012-07-18');
INSERT INTO does VALUES (27, 367, '2012-07-18');
INSERT INTO does VALUES (27, 402, '2012-07-18');
INSERT INTO does VALUES (27, 437, '2012-07-18');
INSERT INTO does VALUES (27, 472, '2012-07-18');
INSERT INTO consists_of VALUES (27, 4, 2, 6);
INSERT INTO performance VALUES (4, 17, 27, 6, 240);
INSERT INTO performance VALUES (4, 52, 27, 6, 210);
INSERT INTO performance VALUES (4, 87, 27, 6, 250);
INSERT INTO performance VALUES (4, 227, 27, 6, 160);
INSERT INTO performance VALUES (4, 297, 27, 6, 240);
INSERT INTO performance VALUES (4, 332, 27, 6, 230);
INSERT INTO performance VALUES (4, 367, 27, 6, 230);
INSERT INTO performance VALUES (4, 402, 27, 6, 150);
INSERT INTO performance VALUES (4, 437, 27, 6, 260);
INSERT INTO performance VALUES (4, 472, 27, 6, 200);
INSERT INTO consists_of VALUES (27, 10, 3, 5);
INSERT INTO performance VALUES (10, 17, 27, 5, 185);
INSERT INTO performance VALUES (10, 52, 27, 5, 175);
INSERT INTO performance VALUES (10, 87, 27, 5, 155);
INSERT INTO performance VALUES (10, 227, 27, 5, 245);
INSERT INTO performance VALUES (10, 297, 27, 5, 155);
INSERT INTO performance VALUES (10, 332, 27, 5, 245);
INSERT INTO performance VALUES (10, 367, 27, 5, 165);
INSERT INTO performance VALUES (10, 402, 27, 5, 215);
INSERT INTO performance VALUES (10, 437, 27, 5, 195);
INSERT INTO performance VALUES (10, 472, 27, 5, 225);
INSERT INTO consists_of VALUES (27, 15, 4, 3);
INSERT INTO performance VALUES (15, 17, 27, 3, 275);
INSERT INTO performance VALUES (15, 52, 27, 3, 235);
INSERT INTO performance VALUES (15, 87, 27, 3, 265);
INSERT INTO performance VALUES (15, 227, 27, 3, 175);
INSERT INTO performance VALUES (15, 297, 27, 3, 235);
INSERT INTO performance VALUES (15, 332, 27, 3, 235);
INSERT INTO performance VALUES (15, 367, 27, 3, 215);
INSERT INTO performance VALUES (15, 402, 27, 3, 175);
INSERT INTO performance VALUES (15, 437, 27, 3, 185);
INSERT INTO performance VALUES (15, 472, 27, 3, 175);
INSERT INTO consists_of VALUES (27, 20, 2, 4);
INSERT INTO performance VALUES (20, 17, 27, 4, 270);
INSERT INTO performance VALUES (20, 52, 27, 4, 190);
INSERT INTO performance VALUES (20, 87, 27, 4, 230);
INSERT INTO performance VALUES (20, 227, 27, 4, 270);
INSERT INTO performance VALUES (20, 297, 27, 4, 200);
INSERT INTO performance VALUES (20, 332, 27, 4, 230);
INSERT INTO performance VALUES (20, 367, 27, 4, 270);
INSERT INTO performance VALUES (20, 402, 27, 4, 160);
INSERT INTO performance VALUES (20, 437, 27, 4, 230);
INSERT INTO performance VALUES (20, 472, 27, 4, 250);
INSERT INTO consists_of VALUES (27, 1, 3, 7);
INSERT INTO performance VALUES (1, 17, 27, 7, 225);
INSERT INTO performance VALUES (1, 52, 27, 7, 145);
INSERT INTO performance VALUES (1, 87, 27, 7, 145);
INSERT INTO performance VALUES (1, 227, 27, 7, 215);
INSERT INTO performance VALUES (1, 297, 27, 7, 205);
INSERT INTO performance VALUES (1, 332, 27, 7, 155);
INSERT INTO performance VALUES (1, 367, 27, 7, 145);
INSERT INTO performance VALUES (1, 402, 27, 7, 155);
INSERT INTO performance VALUES (1, 437, 27, 7, 235);
INSERT INTO performance VALUES (1, 472, 27, 7, 145);
INSERT INTO Workout VALUES (28, 7, '2012-07-25', 7);
INSERT INTO does VALUES (28, 17, '2012-07-25');
INSERT INTO does VALUES (28, 52, '2012-07-25');
INSERT INTO does VALUES (28, 87, '2012-07-25');
INSERT INTO does VALUES (28, 122, '2012-07-25');
INSERT INTO does VALUES (28, 157, '2012-07-25');
INSERT INTO does VALUES (28, 227, '2012-07-25');
INSERT INTO does VALUES (28, 297, '2012-07-25');
INSERT INTO does VALUES (28, 332, '2012-07-25');
INSERT INTO does VALUES (28, 367, '2012-07-25');
INSERT INTO does VALUES (28, 402, '2012-07-25');
INSERT INTO does VALUES (28, 437, '2012-07-25');
INSERT INTO consists_of VALUES (28, 20, 2, 4);
INSERT INTO performance VALUES (20, 17, 28, 4, 180);
INSERT INTO performance VALUES (20, 52, 28, 4, 220);
INSERT INTO performance VALUES (20, 87, 28, 4, 200);
INSERT INTO performance VALUES (20, 227, 28, 4, 200);
INSERT INTO performance VALUES (20, 297, 28, 4, 260);
INSERT INTO performance VALUES (20, 332, 28, 4, 210);
INSERT INTO performance VALUES (20, 367, 28, 4, 200);
INSERT INTO performance VALUES (20, 402, 28, 4, 230);
INSERT INTO performance VALUES (20, 437, 28, 4, 160);
INSERT INTO consists_of VALUES (28, 13, 4, 3);
INSERT INTO performance VALUES (13, 17, 28, 3, 205);
INSERT INTO performance VALUES (13, 52, 28, 3, 205);
INSERT INTO performance VALUES (13, 87, 28, 3, 275);
INSERT INTO performance VALUES (13, 227, 28, 3, 175);
INSERT INTO performance VALUES (13, 297, 28, 3, 255);
INSERT INTO performance VALUES (13, 332, 28, 3, 165);
INSERT INTO performance VALUES (13, 367, 28, 3, 255);
INSERT INTO performance VALUES (13, 402, 28, 3, 245);
INSERT INTO performance VALUES (13, 437, 28, 3, 275);
INSERT INTO consists_of VALUES (28, 4, 2, 4);
INSERT INTO performance VALUES (4, 17, 28, 4, 190);
INSERT INTO performance VALUES (4, 52, 28, 4, 250);
INSERT INTO performance VALUES (4, 87, 28, 4, 260);
INSERT INTO performance VALUES (4, 227, 28, 4, 270);
INSERT INTO performance VALUES (4, 297, 28, 4, 220);
INSERT INTO performance VALUES (4, 332, 28, 4, 220);
INSERT INTO performance VALUES (4, 367, 28, 4, 190);
INSERT INTO performance VALUES (4, 402, 28, 4, 210);
INSERT INTO performance VALUES (4, 437, 28, 4, 160);
INSERT INTO consists_of VALUES (28, 18, 4, 8);
INSERT INTO performance VALUES (18, 17, 28, 8, 230);
INSERT INTO performance VALUES (18, 52, 28, 8, 140);
INSERT INTO performance VALUES (18, 87, 28, 8, 190);
INSERT INTO performance VALUES (18, 227, 28, 8, 150);
INSERT INTO performance VALUES (18, 297, 28, 8, 170);
INSERT INTO performance VALUES (18, 332, 28, 8, 170);
INSERT INTO performance VALUES (18, 367, 28, 8, 230);
INSERT INTO performance VALUES (18, 402, 28, 8, 170);
INSERT INTO performance VALUES (18, 437, 28, 8, 190);
INSERT INTO consists_of VALUES (28, 19, 4, 3);
INSERT INTO performance VALUES (19, 17, 28, 3, 235);
INSERT INTO performance VALUES (19, 52, 28, 3, 255);
INSERT INTO performance VALUES (19, 87, 28, 3, 195);
INSERT INTO performance VALUES (19, 227, 28, 3, 215);
INSERT INTO performance VALUES (19, 297, 28, 3, 185);
INSERT INTO performance VALUES (19, 332, 28, 3, 195);
INSERT INTO performance VALUES (19, 367, 28, 3, 275);
INSERT INTO performance VALUES (19, 402, 28, 3, 225);
INSERT INTO performance VALUES (19, 437, 28, 3, 175);
INSERT INTO Workout VALUES (29, 8, '2012-08-04', 8);
INSERT INTO does VALUES (29, 18, '2012-08-04');
INSERT INTO does VALUES (29, 53, '2012-08-04');
INSERT INTO does VALUES (29, 123, '2012-08-04');
INSERT INTO does VALUES (29, 158, '2012-08-04');
INSERT INTO does VALUES (29, 193, '2012-08-04');
INSERT INTO does VALUES (29, 228, '2012-08-04');
INSERT INTO does VALUES (29, 263, '2012-08-04');
INSERT INTO does VALUES (29, 333, '2012-08-04');
INSERT INTO does VALUES (29, 368, '2012-08-04');
INSERT INTO does VALUES (29, 403, '2012-08-04');
INSERT INTO does VALUES (29, 438, '2012-08-04');
INSERT INTO consists_of VALUES (29, 5, 4, 6);
INSERT INTO performance VALUES (5, 18, 29, 6, 220);
INSERT INTO performance VALUES (5, 53, 29, 6, 240);
INSERT INTO performance VALUES (5, 123, 29, 6, 180);
INSERT INTO performance VALUES (5, 158, 29, 6, 210);
INSERT INTO performance VALUES (5, 193, 29, 6, 190);
INSERT INTO performance VALUES (5, 228, 29, 6, 170);
INSERT INTO performance VALUES (5, 263, 29, 6, 170);
INSERT INTO performance VALUES (5, 333, 29, 6, 210);
INSERT INTO performance VALUES (5, 368, 29, 6, 220);
INSERT INTO performance VALUES (5, 403, 29, 6, 230);
INSERT INTO performance VALUES (5, 438, 29, 6, 260);
INSERT INTO consists_of VALUES (29, 12, 4, 8);
INSERT INTO performance VALUES (12, 18, 29, 8, 250);
INSERT INTO performance VALUES (12, 53, 29, 8, 230);
INSERT INTO performance VALUES (12, 123, 29, 8, 170);
INSERT INTO performance VALUES (12, 158, 29, 8, 160);
INSERT INTO performance VALUES (12, 193, 29, 8, 210);
INSERT INTO performance VALUES (12, 228, 29, 8, 140);
INSERT INTO performance VALUES (12, 263, 29, 8, 170);
INSERT INTO performance VALUES (12, 333, 29, 8, 220);
INSERT INTO performance VALUES (12, 368, 29, 8, 170);
INSERT INTO performance VALUES (12, 403, 29, 8, 180);
INSERT INTO performance VALUES (12, 438, 29, 8, 170);
INSERT INTO consists_of VALUES (29, 18, 3, 3);
INSERT INTO performance VALUES (18, 18, 29, 3, 255);
INSERT INTO performance VALUES (18, 53, 29, 3, 165);
INSERT INTO performance VALUES (18, 123, 29, 3, 225);
INSERT INTO performance VALUES (18, 158, 29, 3, 195);
INSERT INTO performance VALUES (18, 193, 29, 3, 175);
INSERT INTO performance VALUES (18, 228, 29, 3, 215);
INSERT INTO performance VALUES (18, 263, 29, 3, 165);
INSERT INTO performance VALUES (18, 333, 29, 3, 175);
INSERT INTO performance VALUES (18, 368, 29, 3, 185);
INSERT INTO performance VALUES (18, 403, 29, 3, 225);
INSERT INTO performance VALUES (18, 438, 29, 3, 225);
INSERT INTO consists_of VALUES (29, 13, 4, 8);
INSERT INTO performance VALUES (13, 18, 29, 8, 250);
INSERT INTO performance VALUES (13, 53, 29, 8, 200);
INSERT INTO performance VALUES (13, 123, 29, 8, 150);
INSERT INTO performance VALUES (13, 158, 29, 8, 170);
INSERT INTO performance VALUES (13, 193, 29, 8, 210);
INSERT INTO performance VALUES (13, 228, 29, 8, 170);
INSERT INTO performance VALUES (13, 263, 29, 8, 200);
INSERT INTO performance VALUES (13, 333, 29, 8, 200);
INSERT INTO performance VALUES (13, 368, 29, 8, 220);
INSERT INTO performance VALUES (13, 403, 29, 8, 140);
INSERT INTO performance VALUES (13, 438, 29, 8, 150);
INSERT INTO consists_of VALUES (29, 10, 4, 5);
INSERT INTO performance VALUES (10, 18, 29, 5, 255);
INSERT INTO performance VALUES (10, 53, 29, 5, 235);
INSERT INTO performance VALUES (10, 123, 29, 5, 245);
INSERT INTO performance VALUES (10, 158, 29, 5, 175);
INSERT INTO performance VALUES (10, 193, 29, 5, 175);
INSERT INTO performance VALUES (10, 228, 29, 5, 245);
INSERT INTO performance VALUES (10, 263, 29, 5, 195);
INSERT INTO performance VALUES (10, 333, 29, 5, 205);
INSERT INTO performance VALUES (10, 368, 29, 5, 215);
INSERT INTO performance VALUES (10, 403, 29, 5, 195);
INSERT INTO performance VALUES (10, 438, 29, 5, 175);
INSERT INTO Workout VALUES (30, 8, '2012-08-11', 8);
INSERT INTO does VALUES (30, 18, '2012-08-11');
INSERT INTO does VALUES (30, 53, '2012-08-11');
INSERT INTO does VALUES (30, 88, '2012-08-11');
INSERT INTO does VALUES (30, 123, '2012-08-11');
INSERT INTO does VALUES (30, 158, '2012-08-11');
INSERT INTO does VALUES (30, 193, '2012-08-11');
INSERT INTO does VALUES (30, 228, '2012-08-11');
INSERT INTO does VALUES (30, 263, '2012-08-11');
INSERT INTO does VALUES (30, 298, '2012-08-11');
INSERT INTO does VALUES (30, 333, '2012-08-11');
INSERT INTO does VALUES (30, 368, '2012-08-11');
INSERT INTO does VALUES (30, 403, '2012-08-11');
INSERT INTO does VALUES (30, 438, '2012-08-11');
INSERT INTO does VALUES (30, 473, '2012-08-11');
INSERT INTO consists_of VALUES (30, 10, 3, 9);
INSERT INTO performance VALUES (10, 18, 30, 9, 235);
INSERT INTO performance VALUES (10, 53, 30, 9, 175);
INSERT INTO performance VALUES (10, 123, 30, 9, 175);
INSERT INTO performance VALUES (10, 158, 30, 9, 235);
INSERT INTO performance VALUES (10, 193, 30, 9, 185);
INSERT INTO performance VALUES (10, 228, 30, 9, 175);
INSERT INTO performance VALUES (10, 263, 30, 9, 185);
INSERT INTO performance VALUES (10, 333, 30, 9, 155);
INSERT INTO performance VALUES (10, 368, 30, 9, 165);
INSERT INTO performance VALUES (10, 403, 30, 9, 205);
INSERT INTO performance VALUES (10, 438, 30, 9, 185);
INSERT INTO consists_of VALUES (30, 13, 3, 3);
INSERT INTO performance VALUES (13, 18, 30, 3, 265);
INSERT INTO performance VALUES (13, 53, 30, 3, 195);
INSERT INTO performance VALUES (13, 123, 30, 3, 215);
INSERT INTO performance VALUES (13, 158, 30, 3, 275);
INSERT INTO performance VALUES (13, 193, 30, 3, 245);
INSERT INTO performance VALUES (13, 228, 30, 3, 215);
INSERT INTO performance VALUES (13, 263, 30, 3, 245);
INSERT INTO performance VALUES (13, 333, 30, 3, 175);
INSERT INTO performance VALUES (13, 368, 30, 3, 165);
INSERT INTO performance VALUES (13, 403, 30, 3, 245);
INSERT INTO performance VALUES (13, 438, 30, 3, 195);
INSERT INTO consists_of VALUES (30, 6, 2, 6);
INSERT INTO performance VALUES (6, 18, 30, 6, 230);
INSERT INTO performance VALUES (6, 53, 30, 6, 180);
INSERT INTO performance VALUES (6, 123, 30, 6, 220);
INSERT INTO performance VALUES (6, 158, 30, 6, 230);
INSERT INTO performance VALUES (6, 193, 30, 6, 210);
INSERT INTO performance VALUES (6, 228, 30, 6, 210);
INSERT INTO performance VALUES (6, 263, 30, 6, 170);
INSERT INTO performance VALUES (6, 333, 30, 6, 160);
INSERT INTO performance VALUES (6, 368, 30, 6, 180);
INSERT INTO performance VALUES (6, 403, 30, 6, 210);
INSERT INTO performance VALUES (6, 438, 30, 6, 260);
INSERT INTO consists_of VALUES (30, 16, 3, 9);
INSERT INTO performance VALUES (16, 18, 30, 9, 135);
INSERT INTO performance VALUES (16, 53, 30, 9, 145);
INSERT INTO performance VALUES (16, 123, 30, 9, 155);
INSERT INTO performance VALUES (16, 158, 30, 9, 225);
INSERT INTO performance VALUES (16, 193, 30, 9, 205);
INSERT INTO performance VALUES (16, 228, 30, 9, 185);
INSERT INTO performance VALUES (16, 263, 30, 9, 145);
INSERT INTO performance VALUES (16, 333, 30, 9, 195);
INSERT INTO performance VALUES (16, 368, 30, 9, 185);
INSERT INTO performance VALUES (16, 403, 30, 9, 205);
INSERT INTO performance VALUES (16, 438, 30, 9, 195);
INSERT INTO consists_of VALUES (30, 14, 2, 6);
INSERT INTO performance VALUES (14, 18, 30, 6, 160);
INSERT INTO performance VALUES (14, 53, 30, 6, 190);
INSERT INTO performance VALUES (14, 123, 30, 6, 170);
INSERT INTO performance VALUES (14, 158, 30, 6, 240);
INSERT INTO performance VALUES (14, 193, 30, 6, 150);
INSERT INTO performance VALUES (14, 228, 30, 6, 200);
INSERT INTO performance VALUES (14, 263, 30, 6, 180);
INSERT INTO performance VALUES (14, 333, 30, 6, 160);
INSERT INTO performance VALUES (14, 368, 30, 6, 180);
INSERT INTO performance VALUES (14, 403, 30, 6, 200);
INSERT INTO performance VALUES (14, 438, 30, 6, 170);
INSERT INTO Workout VALUES (31, 8, '2012-08-18', 8);
INSERT INTO does VALUES (31, 18, '2012-08-18');
INSERT INTO does VALUES (31, 53, '2012-08-18');
INSERT INTO does VALUES (31, 123, '2012-08-18');
INSERT INTO does VALUES (31, 158, '2012-08-18');
INSERT INTO does VALUES (31, 193, '2012-08-18');
INSERT INTO does VALUES (31, 228, '2012-08-18');
INSERT INTO does VALUES (31, 263, '2012-08-18');
INSERT INTO does VALUES (31, 298, '2012-08-18');
INSERT INTO does VALUES (31, 333, '2012-08-18');
INSERT INTO does VALUES (31, 368, '2012-08-18');
INSERT INTO does VALUES (31, 403, '2012-08-18');
INSERT INTO does VALUES (31, 473, '2012-08-18');
INSERT INTO consists_of VALUES (31, 11, 3, 9);
INSERT INTO performance VALUES (11, 18, 31, 9, 145);
INSERT INTO performance VALUES (11, 53, 31, 9, 215);
INSERT INTO performance VALUES (11, 123, 31, 9, 195);
INSERT INTO performance VALUES (11, 158, 31, 9, 215);
INSERT INTO performance VALUES (11, 193, 31, 9, 185);
INSERT INTO performance VALUES (11, 228, 31, 9, 185);
INSERT INTO performance VALUES (11, 263, 31, 9, 205);
INSERT INTO performance VALUES (11, 333, 31, 9, 135);
INSERT INTO performance VALUES (11, 368, 31, 9, 215);
INSERT INTO performance VALUES (11, 403, 31, 9, 165);
INSERT INTO consists_of VALUES (31, 14, 4, 3);
INSERT INTO performance VALUES (14, 18, 31, 3, 195);
INSERT INTO performance VALUES (14, 53, 31, 3, 185);
INSERT INTO performance VALUES (14, 123, 31, 3, 215);
INSERT INTO performance VALUES (14, 158, 31, 3, 185);
INSERT INTO performance VALUES (14, 193, 31, 3, 185);
INSERT INTO performance VALUES (14, 228, 31, 3, 205);
INSERT INTO performance VALUES (14, 263, 31, 3, 195);
INSERT INTO performance VALUES (14, 333, 31, 3, 215);
INSERT INTO performance VALUES (14, 368, 31, 3, 265);
INSERT INTO performance VALUES (14, 403, 31, 3, 175);
INSERT INTO consists_of VALUES (31, 19, 2, 5);
INSERT INTO performance VALUES (19, 18, 31, 5, 195);
INSERT INTO performance VALUES (19, 53, 31, 5, 165);
INSERT INTO performance VALUES (19, 123, 31, 5, 165);
INSERT INTO performance VALUES (19, 158, 31, 5, 205);
INSERT INTO performance VALUES (19, 193, 31, 5, 245);
INSERT INTO performance VALUES (19, 228, 31, 5, 245);
INSERT INTO performance VALUES (19, 263, 31, 5, 235);
INSERT INTO performance VALUES (19, 333, 31, 5, 235);
INSERT INTO performance VALUES (19, 368, 31, 5, 165);
INSERT INTO performance VALUES (19, 403, 31, 5, 215);
INSERT INTO consists_of VALUES (31, 1, 3, 8);
INSERT INTO performance VALUES (1, 18, 31, 8, 200);
INSERT INTO performance VALUES (1, 53, 31, 8, 220);
INSERT INTO performance VALUES (1, 123, 31, 8, 210);
INSERT INTO performance VALUES (1, 158, 31, 8, 180);
INSERT INTO performance VALUES (1, 193, 31, 8, 140);
INSERT INTO performance VALUES (1, 228, 31, 8, 210);
INSERT INTO performance VALUES (1, 263, 31, 8, 150);
INSERT INTO performance VALUES (1, 333, 31, 8, 230);
INSERT INTO performance VALUES (1, 368, 31, 8, 250);
INSERT INTO performance VALUES (1, 403, 31, 8, 170);
INSERT INTO consists_of VALUES (31, 18, 2, 5);
INSERT INTO performance VALUES (18, 18, 31, 5, 165);
INSERT INTO performance VALUES (18, 53, 31, 5, 155);
INSERT INTO performance VALUES (18, 123, 31, 5, 225);
INSERT INTO performance VALUES (18, 158, 31, 5, 185);
INSERT INTO performance VALUES (18, 193, 31, 5, 175);
INSERT INTO performance VALUES (18, 228, 31, 5, 235);
INSERT INTO performance VALUES (18, 263, 31, 5, 205);
INSERT INTO performance VALUES (18, 333, 31, 5, 235);
INSERT INTO performance VALUES (18, 368, 31, 5, 195);
INSERT INTO performance VALUES (18, 403, 31, 5, 165);
INSERT INTO Workout VALUES (32, 8, '2012-08-25', 8);
INSERT INTO does VALUES (32, 18, '2012-08-25');
INSERT INTO does VALUES (32, 53, '2012-08-25');
INSERT INTO does VALUES (32, 88, '2012-08-25');
INSERT INTO does VALUES (32, 123, '2012-08-25');
INSERT INTO does VALUES (32, 158, '2012-08-25');
INSERT INTO does VALUES (32, 193, '2012-08-25');
INSERT INTO does VALUES (32, 228, '2012-08-25');
INSERT INTO does VALUES (32, 298, '2012-08-25');
INSERT INTO does VALUES (32, 333, '2012-08-25');
INSERT INTO does VALUES (32, 368, '2012-08-25');
INSERT INTO does VALUES (32, 403, '2012-08-25');
INSERT INTO does VALUES (32, 438, '2012-08-25');
INSERT INTO consists_of VALUES (32, 8, 2, 6);
INSERT INTO performance VALUES (8, 18, 32, 6, 260);
INSERT INTO performance VALUES (8, 53, 32, 6, 210);
INSERT INTO performance VALUES (8, 123, 32, 6, 200);
INSERT INTO performance VALUES (8, 158, 32, 6, 150);
INSERT INTO performance VALUES (8, 193, 32, 6, 150);
INSERT INTO performance VALUES (8, 228, 32, 6, 200);
INSERT INTO performance VALUES (8, 333, 32, 6, 160);
INSERT INTO performance VALUES (8, 368, 32, 6, 200);
INSERT INTO performance VALUES (8, 403, 32, 6, 180);
INSERT INTO consists_of VALUES (32, 10, 3, 5);
INSERT INTO performance VALUES (10, 18, 32, 5, 225);
INSERT INTO performance VALUES (10, 53, 32, 5, 215);
INSERT INTO performance VALUES (10, 123, 32, 5, 205);
INSERT INTO performance VALUES (10, 158, 32, 5, 215);
INSERT INTO performance VALUES (10, 193, 32, 5, 245);
INSERT INTO performance VALUES (10, 228, 32, 5, 245);
INSERT INTO performance VALUES (10, 333, 32, 5, 195);
INSERT INTO performance VALUES (10, 368, 32, 5, 175);
INSERT INTO performance VALUES (10, 403, 32, 5, 195);
INSERT INTO consists_of VALUES (32, 3, 3, 6);
INSERT INTO performance VALUES (3, 18, 32, 6, 220);
INSERT INTO performance VALUES (3, 53, 32, 6, 150);
INSERT INTO performance VALUES (3, 123, 32, 6, 220);
INSERT INTO performance VALUES (3, 158, 32, 6, 200);
INSERT INTO performance VALUES (3, 193, 32, 6, 170);
INSERT INTO performance VALUES (3, 228, 32, 6, 230);
INSERT INTO performance VALUES (3, 333, 32, 6, 190);
INSERT INTO performance VALUES (3, 368, 32, 6, 240);
INSERT INTO performance VALUES (3, 403, 32, 6, 200);
INSERT INTO consists_of VALUES (32, 16, 2, 7);
INSERT INTO performance VALUES (16, 18, 32, 7, 215);
INSERT INTO performance VALUES (16, 53, 32, 7, 155);
INSERT INTO performance VALUES (16, 123, 32, 7, 165);
INSERT INTO performance VALUES (16, 158, 32, 7, 145);
INSERT INTO performance VALUES (16, 193, 32, 7, 165);
INSERT INTO performance VALUES (16, 228, 32, 7, 185);
INSERT INTO performance VALUES (16, 333, 32, 7, 195);
INSERT INTO performance VALUES (16, 368, 32, 7, 195);
INSERT INTO performance VALUES (16, 403, 32, 7, 145);
INSERT INTO consists_of VALUES (32, 2, 2, 8);
INSERT INTO performance VALUES (2, 18, 32, 8, 220);
INSERT INTO performance VALUES (2, 53, 32, 8, 190);
INSERT INTO performance VALUES (2, 123, 32, 8, 190);
INSERT INTO performance VALUES (2, 158, 32, 8, 140);
INSERT INTO performance VALUES (2, 193, 32, 8, 150);
INSERT INTO performance VALUES (2, 228, 32, 8, 190);
INSERT INTO performance VALUES (2, 333, 32, 8, 220);
INSERT INTO performance VALUES (2, 368, 32, 8, 240);
INSERT INTO performance VALUES (2, 403, 32, 8, 190);
INSERT INTO Workout VALUES (33, 9, '2012-09-04', 9);
INSERT INTO does VALUES (33, 19, '2012-09-04');
INSERT INTO does VALUES (33, 54, '2012-09-04');
INSERT INTO does VALUES (33, 89, '2012-09-04');
INSERT INTO does VALUES (33, 159, '2012-09-04');
INSERT INTO does VALUES (33, 194, '2012-09-04');
INSERT INTO does VALUES (33, 229, '2012-09-04');
INSERT INTO does VALUES (33, 264, '2012-09-04');
INSERT INTO does VALUES (33, 299, '2012-09-04');
INSERT INTO does VALUES (33, 334, '2012-09-04');
INSERT INTO does VALUES (33, 369, '2012-09-04');
INSERT INTO does VALUES (33, 404, '2012-09-04');
INSERT INTO does VALUES (33, 439, '2012-09-04');
INSERT INTO does VALUES (33, 474, '2012-09-04');
INSERT INTO consists_of VALUES (33, 6, 4, 9);
INSERT INTO performance VALUES (6, 19, 33, 9, 165);
INSERT INTO performance VALUES (6, 54, 33, 9, 135);
INSERT INTO performance VALUES (6, 89, 33, 9, 215);
INSERT INTO performance VALUES (6, 159, 33, 9, 205);
INSERT INTO performance VALUES (6, 194, 33, 9, 155);
INSERT INTO performance VALUES (6, 229, 33, 9, 155);
INSERT INTO performance VALUES (6, 264, 33, 9, 215);
INSERT INTO performance VALUES (6, 299, 33, 9, 255);
INSERT INTO performance VALUES (6, 334, 33, 9, 175);
INSERT INTO performance VALUES (6, 369, 33, 9, 145);
INSERT INTO performance VALUES (6, 404, 33, 9, 205);
INSERT INTO performance VALUES (6, 439, 33, 9, 145);
INSERT INTO performance VALUES (6, 474, 33, 9, 155);
INSERT INTO consists_of VALUES (33, 9, 3, 9);
INSERT INTO performance VALUES (9, 19, 33, 9, 135);
INSERT INTO performance VALUES (9, 54, 33, 9, 225);
INSERT INTO performance VALUES (9, 89, 33, 9, 255);
INSERT INTO performance VALUES (9, 159, 33, 9, 165);
INSERT INTO performance VALUES (9, 194, 33, 9, 145);
INSERT INTO performance VALUES (9, 229, 33, 9, 215);
INSERT INTO performance VALUES (9, 264, 33, 9, 175);
INSERT INTO performance VALUES (9, 299, 33, 9, 155);
INSERT INTO performance VALUES (9, 334, 33, 9, 175);
INSERT INTO performance VALUES (9, 369, 33, 9, 225);
INSERT INTO performance VALUES (9, 404, 33, 9, 165);
INSERT INTO performance VALUES (9, 439, 33, 9, 235);
INSERT INTO performance VALUES (9, 474, 33, 9, 135);
INSERT INTO consists_of VALUES (33, 19, 2, 3);
INSERT INTO performance VALUES (19, 19, 33, 3, 235);
INSERT INTO performance VALUES (19, 54, 33, 3, 175);
INSERT INTO performance VALUES (19, 89, 33, 3, 175);
INSERT INTO performance VALUES (19, 159, 33, 3, 285);
INSERT INTO performance VALUES (19, 194, 33, 3, 165);
INSERT INTO performance VALUES (19, 229, 33, 3, 235);
INSERT INTO performance VALUES (19, 264, 33, 3, 235);
INSERT INTO performance VALUES (19, 299, 33, 3, 265);
INSERT INTO performance VALUES (19, 334, 33, 3, 205);
INSERT INTO performance VALUES (19, 369, 33, 3, 185);
INSERT INTO performance VALUES (19, 404, 33, 3, 225);
INSERT INTO performance VALUES (19, 439, 33, 3, 195);
INSERT INTO performance VALUES (19, 474, 33, 3, 225);
INSERT INTO consists_of VALUES (33, 13, 4, 9);
INSERT INTO performance VALUES (13, 19, 33, 9, 175);
INSERT INTO performance VALUES (13, 54, 33, 9, 195);
INSERT INTO performance VALUES (13, 89, 33, 9, 225);
INSERT INTO performance VALUES (13, 159, 33, 9, 235);
INSERT INTO performance VALUES (13, 194, 33, 9, 145);
INSERT INTO performance VALUES (13, 229, 33, 9, 255);
INSERT INTO performance VALUES (13, 264, 33, 9, 175);
INSERT INTO performance VALUES (13, 299, 33, 9, 185);
INSERT INTO performance VALUES (13, 334, 33, 9, 165);
INSERT INTO performance VALUES (13, 369, 33, 9, 215);
INSERT INTO performance VALUES (13, 404, 33, 9, 205);
INSERT INTO performance VALUES (13, 439, 33, 9, 205);
INSERT INTO performance VALUES (13, 474, 33, 9, 205);
INSERT INTO consists_of VALUES (33, 17, 4, 4);
INSERT INTO performance VALUES (17, 19, 33, 4, 250);
INSERT INTO performance VALUES (17, 54, 33, 4, 220);
INSERT INTO performance VALUES (17, 89, 33, 4, 240);
INSERT INTO performance VALUES (17, 159, 33, 4, 270);
INSERT INTO performance VALUES (17, 194, 33, 4, 180);
INSERT INTO performance VALUES (17, 229, 33, 4, 240);
INSERT INTO performance VALUES (17, 264, 33, 4, 170);
INSERT INTO performance VALUES (17, 299, 33, 4, 250);
INSERT INTO performance VALUES (17, 334, 33, 4, 160);
INSERT INTO performance VALUES (17, 369, 33, 4, 270);
INSERT INTO performance VALUES (17, 404, 33, 4, 230);
INSERT INTO performance VALUES (17, 439, 33, 4, 160);
INSERT INTO performance VALUES (17, 474, 33, 4, 210);
INSERT INTO Workout VALUES (34, 9, '2012-09-11', 9);
INSERT INTO does VALUES (34, 19, '2012-09-11');
INSERT INTO does VALUES (34, 54, '2012-09-11');
INSERT INTO does VALUES (34, 89, '2012-09-11');
INSERT INTO does VALUES (34, 124, '2012-09-11');
INSERT INTO does VALUES (34, 229, '2012-09-11');
INSERT INTO does VALUES (34, 334, '2012-09-11');
INSERT INTO does VALUES (34, 369, '2012-09-11');
INSERT INTO does VALUES (34, 404, '2012-09-11');
INSERT INTO does VALUES (34, 439, '2012-09-11');
INSERT INTO does VALUES (34, 474, '2012-09-11');
INSERT INTO consists_of VALUES (34, 4, 2, 9);
INSERT INTO performance VALUES (4, 19, 34, 9, 165);
INSERT INTO performance VALUES (4, 54, 34, 9, 145);
INSERT INTO performance VALUES (4, 89, 34, 9, 205);
INSERT INTO performance VALUES (4, 229, 34, 9, 205);
INSERT INTO performance VALUES (4, 334, 34, 9, 185);
INSERT INTO performance VALUES (4, 369, 34, 9, 145);
INSERT INTO performance VALUES (4, 404, 34, 9, 145);
INSERT INTO performance VALUES (4, 439, 34, 9, 175);
INSERT INTO performance VALUES (4, 474, 34, 9, 215);
INSERT INTO consists_of VALUES (34, 15, 3, 3);
INSERT INTO performance VALUES (15, 19, 34, 3, 255);
INSERT INTO performance VALUES (15, 54, 34, 3, 215);
INSERT INTO performance VALUES (15, 89, 34, 3, 255);
INSERT INTO performance VALUES (15, 229, 34, 3, 215);
INSERT INTO performance VALUES (15, 334, 34, 3, 175);
INSERT INTO performance VALUES (15, 369, 34, 3, 255);
INSERT INTO performance VALUES (15, 404, 34, 3, 195);
INSERT INTO performance VALUES (15, 439, 34, 3, 255);
INSERT INTO performance VALUES (15, 474, 34, 3, 195);
INSERT INTO consists_of VALUES (34, 17, 4, 6);
INSERT INTO performance VALUES (17, 19, 34, 6, 210);
INSERT INTO performance VALUES (17, 54, 34, 6, 210);
INSERT INTO performance VALUES (17, 89, 34, 6, 200);
INSERT INTO performance VALUES (17, 229, 34, 6, 180);
INSERT INTO performance VALUES (17, 334, 34, 6, 230);
INSERT INTO performance VALUES (17, 369, 34, 6, 240);
INSERT INTO performance VALUES (17, 404, 34, 6, 240);
INSERT INTO performance VALUES (17, 439, 34, 6, 190);
INSERT INTO performance VALUES (17, 474, 34, 6, 160);
INSERT INTO consists_of VALUES (34, 18, 2, 7);
INSERT INTO performance VALUES (18, 19, 34, 7, 155);
INSERT INTO performance VALUES (18, 54, 34, 7, 145);
INSERT INTO performance VALUES (18, 89, 34, 7, 175);
INSERT INTO performance VALUES (18, 229, 34, 7, 185);
INSERT INTO performance VALUES (18, 334, 34, 7, 225);
INSERT INTO performance VALUES (18, 369, 34, 7, 265);
INSERT INTO performance VALUES (18, 404, 34, 7, 225);
INSERT INTO performance VALUES (18, 439, 34, 7, 185);
INSERT INTO performance VALUES (18, 474, 34, 7, 205);
INSERT INTO consists_of VALUES (34, 9, 3, 4);
INSERT INTO performance VALUES (9, 19, 34, 4, 220);
INSERT INTO performance VALUES (9, 54, 34, 4, 160);
INSERT INTO performance VALUES (9, 89, 34, 4, 190);
INSERT INTO performance VALUES (9, 229, 34, 4, 270);
INSERT INTO performance VALUES (9, 334, 34, 4, 230);
INSERT INTO performance VALUES (9, 369, 34, 4, 160);
INSERT INTO performance VALUES (9, 404, 34, 4, 180);
INSERT INTO performance VALUES (9, 439, 34, 4, 190);
INSERT INTO performance VALUES (9, 474, 34, 4, 180);
INSERT INTO Workout VALUES (35, 9, '2012-09-18', 9);
INSERT INTO does VALUES (35, 19, '2012-09-18');
INSERT INTO does VALUES (35, 54, '2012-09-18');
INSERT INTO does VALUES (35, 89, '2012-09-18');
INSERT INTO does VALUES (35, 124, '2012-09-18');
INSERT INTO does VALUES (35, 159, '2012-09-18');
INSERT INTO does VALUES (35, 194, '2012-09-18');
INSERT INTO does VALUES (35, 229, '2012-09-18');
INSERT INTO does VALUES (35, 264, '2012-09-18');
INSERT INTO does VALUES (35, 299, '2012-09-18');
INSERT INTO does VALUES (35, 369, '2012-09-18');
INSERT INTO does VALUES (35, 404, '2012-09-18');
INSERT INTO does VALUES (35, 439, '2012-09-18');
INSERT INTO does VALUES (35, 474, '2012-09-18');
INSERT INTO consists_of VALUES (35, 19, 3, 6);
INSERT INTO performance VALUES (19, 19, 35, 6, 250);
INSERT INTO performance VALUES (19, 54, 35, 6, 170);
INSERT INTO performance VALUES (19, 89, 35, 6, 150);
INSERT INTO performance VALUES (19, 229, 35, 6, 180);
INSERT INTO performance VALUES (19, 369, 35, 6, 250);
INSERT INTO performance VALUES (19, 404, 35, 6, 170);
INSERT INTO performance VALUES (19, 439, 35, 6, 170);
INSERT INTO performance VALUES (19, 474, 35, 6, 170);
INSERT INTO consists_of VALUES (35, 9, 4, 7);
INSERT INTO performance VALUES (9, 19, 35, 7, 175);
INSERT INTO performance VALUES (9, 54, 35, 7, 155);
INSERT INTO performance VALUES (9, 89, 35, 7, 155);
INSERT INTO performance VALUES (9, 229, 35, 7, 205);
INSERT INTO performance VALUES (9, 369, 35, 7, 145);
INSERT INTO performance VALUES (9, 404, 35, 7, 225);
INSERT INTO performance VALUES (9, 439, 35, 7, 215);
INSERT INTO performance VALUES (9, 474, 35, 7, 175);
INSERT INTO consists_of VALUES (35, 5, 3, 6);
INSERT INTO performance VALUES (5, 19, 35, 6, 170);
INSERT INTO performance VALUES (5, 54, 35, 6, 210);
INSERT INTO performance VALUES (5, 89, 35, 6, 150);
INSERT INTO performance VALUES (5, 229, 35, 6, 160);
INSERT INTO performance VALUES (5, 369, 35, 6, 230);
INSERT INTO performance VALUES (5, 404, 35, 6, 230);
INSERT INTO performance VALUES (5, 439, 35, 6, 230);
INSERT INTO performance VALUES (5, 474, 35, 6, 150);
INSERT INTO consists_of VALUES (35, 14, 2, 9);
INSERT INTO performance VALUES (14, 19, 35, 9, 205);
INSERT INTO performance VALUES (14, 54, 35, 9, 195);
INSERT INTO performance VALUES (14, 89, 35, 9, 255);
INSERT INTO performance VALUES (14, 229, 35, 9, 255);
INSERT INTO performance VALUES (14, 369, 35, 9, 235);
INSERT INTO performance VALUES (14, 404, 35, 9, 155);
INSERT INTO performance VALUES (14, 439, 35, 9, 225);
INSERT INTO performance VALUES (14, 474, 35, 9, 205);
INSERT INTO consists_of VALUES (35, 3, 2, 8);
INSERT INTO performance VALUES (3, 19, 35, 8, 180);
INSERT INTO performance VALUES (3, 54, 35, 8, 140);
INSERT INTO performance VALUES (3, 89, 35, 8, 220);
INSERT INTO performance VALUES (3, 229, 35, 8, 210);
INSERT INTO performance VALUES (3, 369, 35, 8, 190);
INSERT INTO performance VALUES (3, 404, 35, 8, 140);
INSERT INTO performance VALUES (3, 439, 35, 8, 170);
INSERT INTO performance VALUES (3, 474, 35, 8, 190);
INSERT INTO Workout VALUES (36, 9, '2012-09-25', 9);
INSERT INTO does VALUES (36, 54, '2012-09-25');
INSERT INTO does VALUES (36, 89, '2012-09-25');
INSERT INTO does VALUES (36, 124, '2012-09-25');
INSERT INTO does VALUES (36, 159, '2012-09-25');
INSERT INTO does VALUES (36, 194, '2012-09-25');
INSERT INTO does VALUES (36, 229, '2012-09-25');
INSERT INTO does VALUES (36, 264, '2012-09-25');
INSERT INTO does VALUES (36, 299, '2012-09-25');
INSERT INTO does VALUES (36, 334, '2012-09-25');
INSERT INTO does VALUES (36, 369, '2012-09-25');
INSERT INTO does VALUES (36, 404, '2012-09-25');
INSERT INTO does VALUES (36, 439, '2012-09-25');
INSERT INTO does VALUES (36, 474, '2012-09-25');
INSERT INTO consists_of VALUES (36, 6, 4, 4);
INSERT INTO performance VALUES (6, 54, 36, 4, 200);
INSERT INTO performance VALUES (6, 89, 36, 4, 270);
INSERT INTO performance VALUES (6, 229, 36, 4, 190);
INSERT INTO performance VALUES (6, 369, 36, 4, 250);
INSERT INTO performance VALUES (6, 404, 36, 4, 160);
INSERT INTO performance VALUES (6, 439, 36, 4, 230);
INSERT INTO performance VALUES (6, 474, 36, 4, 220);
INSERT INTO consists_of VALUES (36, 11, 4, 10);
INSERT INTO performance VALUES (11, 54, 36, 10, 200);
INSERT INTO performance VALUES (11, 89, 36, 10, 180);
INSERT INTO performance VALUES (11, 229, 36, 10, 220);
INSERT INTO performance VALUES (11, 369, 36, 10, 160);
INSERT INTO performance VALUES (11, 404, 36, 10, 160);
INSERT INTO performance VALUES (11, 439, 36, 10, 200);
INSERT INTO performance VALUES (11, 474, 36, 10, 220);
INSERT INTO consists_of VALUES (36, 10, 3, 9);
INSERT INTO performance VALUES (10, 54, 36, 9, 195);
INSERT INTO performance VALUES (10, 89, 36, 9, 185);
INSERT INTO performance VALUES (10, 229, 36, 9, 155);
INSERT INTO performance VALUES (10, 369, 36, 9, 205);
INSERT INTO performance VALUES (10, 404, 36, 9, 175);
INSERT INTO performance VALUES (10, 439, 36, 9, 155);
INSERT INTO performance VALUES (10, 474, 36, 9, 155);
INSERT INTO consists_of VALUES (36, 21, 3, 8);
INSERT INTO performance VALUES (21, 54, 36, 8, 180);
INSERT INTO performance VALUES (21, 89, 36, 8, 190);
INSERT INTO performance VALUES (21, 229, 36, 8, 160);
INSERT INTO performance VALUES (21, 369, 36, 8, 200);
INSERT INTO performance VALUES (21, 404, 36, 8, 140);
INSERT INTO performance VALUES (21, 439, 36, 8, 160);
INSERT INTO performance VALUES (21, 474, 36, 8, 180);
INSERT INTO consists_of VALUES (36, 13, 4, 4);
INSERT INTO performance VALUES (13, 54, 36, 4, 160);
INSERT INTO performance VALUES (13, 89, 36, 4, 270);
INSERT INTO performance VALUES (13, 229, 36, 4, 230);
INSERT INTO performance VALUES (13, 369, 36, 4, 220);
INSERT INTO performance VALUES (13, 404, 36, 4, 230);
INSERT INTO performance VALUES (13, 439, 36, 4, 180);
INSERT INTO performance VALUES (13, 474, 36, 4, 210);
INSERT INTO Workout VALUES (37, 10, '2012-10-04', 10);
INSERT INTO does VALUES (37, 20, '2012-10-04');
INSERT INTO does VALUES (37, 55, '2012-10-04');
INSERT INTO does VALUES (37, 90, '2012-10-04');
INSERT INTO does VALUES (37, 125, '2012-10-04');
INSERT INTO does VALUES (37, 160, '2012-10-04');
INSERT INTO does VALUES (37, 195, '2012-10-04');
INSERT INTO does VALUES (37, 230, '2012-10-04');
INSERT INTO does VALUES (37, 265, '2012-10-04');
INSERT INTO does VALUES (37, 300, '2012-10-04');
INSERT INTO does VALUES (37, 335, '2012-10-04');
INSERT INTO does VALUES (37, 370, '2012-10-04');
INSERT INTO does VALUES (37, 405, '2012-10-04');
INSERT INTO consists_of VALUES (37, 21, 2, 4);
INSERT INTO performance VALUES (21, 20, 37, 4, 190);
INSERT INTO performance VALUES (21, 55, 37, 4, 200);
INSERT INTO performance VALUES (21, 90, 37, 4, 200);
INSERT INTO performance VALUES (21, 125, 37, 4, 230);
INSERT INTO performance VALUES (21, 160, 37, 4, 280);
INSERT INTO performance VALUES (21, 195, 37, 4, 210);
INSERT INTO performance VALUES (21, 230, 37, 4, 170);
INSERT INTO performance VALUES (21, 265, 37, 4, 160);
INSERT INTO performance VALUES (21, 300, 37, 4, 270);
INSERT INTO performance VALUES (21, 335, 37, 4, 160);
INSERT INTO performance VALUES (21, 370, 37, 4, 220);
INSERT INTO performance VALUES (21, 405, 37, 4, 160);
INSERT INTO consists_of VALUES (37, 12, 3, 5);
INSERT INTO performance VALUES (12, 20, 37, 5, 245);
INSERT INTO performance VALUES (12, 55, 37, 5, 155);
INSERT INTO performance VALUES (12, 90, 37, 5, 195);
INSERT INTO performance VALUES (12, 125, 37, 5, 165);
INSERT INTO performance VALUES (12, 160, 37, 5, 275);
INSERT INTO performance VALUES (12, 195, 37, 5, 155);
INSERT INTO performance VALUES (12, 230, 37, 5, 215);
INSERT INTO performance VALUES (12, 265, 37, 5, 245);
INSERT INTO performance VALUES (12, 300, 37, 5, 275);
INSERT INTO performance VALUES (12, 335, 37, 5, 225);
INSERT INTO performance VALUES (12, 370, 37, 5, 205);
INSERT INTO performance VALUES (12, 405, 37, 5, 225);
INSERT INTO consists_of VALUES (37, 11, 3, 9);
INSERT INTO performance VALUES (11, 20, 37, 9, 245);
INSERT INTO performance VALUES (11, 55, 37, 9, 175);
INSERT INTO performance VALUES (11, 90, 37, 9, 205);
INSERT INTO performance VALUES (11, 125, 37, 9, 165);
INSERT INTO performance VALUES (11, 160, 37, 9, 155);
INSERT INTO performance VALUES (11, 195, 37, 9, 235);
INSERT INTO performance VALUES (11, 230, 37, 9, 235);
INSERT INTO performance VALUES (11, 265, 37, 9, 195);
INSERT INTO performance VALUES (11, 300, 37, 9, 205);
INSERT INTO performance VALUES (11, 335, 37, 9, 225);
INSERT INTO performance VALUES (11, 370, 37, 9, 155);
INSERT INTO performance VALUES (11, 405, 37, 9, 185);
INSERT INTO consists_of VALUES (37, 17, 2, 9);
INSERT INTO performance VALUES (17, 20, 37, 9, 175);
INSERT INTO performance VALUES (17, 55, 37, 9, 185);
INSERT INTO performance VALUES (17, 90, 37, 9, 195);
INSERT INTO performance VALUES (17, 125, 37, 9, 155);
INSERT INTO performance VALUES (17, 160, 37, 9, 145);
INSERT INTO performance VALUES (17, 195, 37, 9, 175);
INSERT INTO performance VALUES (17, 230, 37, 9, 245);
INSERT INTO performance VALUES (17, 265, 37, 9, 175);
INSERT INTO performance VALUES (17, 300, 37, 9, 215);
INSERT INTO performance VALUES (17, 335, 37, 9, 235);
INSERT INTO performance VALUES (17, 370, 37, 9, 175);
INSERT INTO performance VALUES (17, 405, 37, 9, 135);
INSERT INTO consists_of VALUES (37, 20, 4, 4);
INSERT INTO performance VALUES (20, 20, 37, 4, 240);
INSERT INTO performance VALUES (20, 55, 37, 4, 190);
INSERT INTO performance VALUES (20, 90, 37, 4, 180);
INSERT INTO performance VALUES (20, 125, 37, 4, 260);
INSERT INTO performance VALUES (20, 160, 37, 4, 250);
INSERT INTO performance VALUES (20, 195, 37, 4, 260);
INSERT INTO performance VALUES (20, 230, 37, 4, 230);
INSERT INTO performance VALUES (20, 265, 37, 4, 230);
INSERT INTO performance VALUES (20, 300, 37, 4, 200);
INSERT INTO performance VALUES (20, 335, 37, 4, 220);
INSERT INTO performance VALUES (20, 370, 37, 4, 200);
INSERT INTO performance VALUES (20, 405, 37, 4, 160);
INSERT INTO Workout VALUES (38, 10, '2012-10-11', 10);
INSERT INTO does VALUES (38, 20, '2012-10-11');
INSERT INTO does VALUES (38, 55, '2012-10-11');
INSERT INTO does VALUES (38, 90, '2012-10-11');
INSERT INTO does VALUES (38, 125, '2012-10-11');
INSERT INTO does VALUES (38, 160, '2012-10-11');
INSERT INTO does VALUES (38, 195, '2012-10-11');
INSERT INTO does VALUES (38, 230, '2012-10-11');
INSERT INTO does VALUES (38, 265, '2012-10-11');
INSERT INTO does VALUES (38, 300, '2012-10-11');
INSERT INTO does VALUES (38, 335, '2012-10-11');
INSERT INTO does VALUES (38, 370, '2012-10-11');
INSERT INTO does VALUES (38, 405, '2012-10-11');
INSERT INTO does VALUES (38, 440, '2012-10-11');
INSERT INTO does VALUES (38, 475, '2012-10-11');
INSERT INTO consists_of VALUES (38, 1, 2, 10);
INSERT INTO performance VALUES (1, 20, 38, 10, 230);
INSERT INTO performance VALUES (1, 55, 38, 10, 160);
INSERT INTO performance VALUES (1, 90, 38, 10, 190);
INSERT INTO performance VALUES (1, 125, 38, 10, 130);
INSERT INTO performance VALUES (1, 160, 38, 10, 220);
INSERT INTO performance VALUES (1, 195, 38, 10, 180);
INSERT INTO performance VALUES (1, 230, 38, 10, 190);
INSERT INTO performance VALUES (1, 265, 38, 10, 140);
INSERT INTO performance VALUES (1, 300, 38, 10, 250);
INSERT INTO performance VALUES (1, 335, 38, 10, 200);
INSERT INTO performance VALUES (1, 370, 38, 10, 220);
INSERT INTO performance VALUES (1, 405, 38, 10, 160);
INSERT INTO consists_of VALUES (38, 3, 4, 7);
INSERT INTO performance VALUES (3, 20, 38, 7, 225);
INSERT INTO performance VALUES (3, 55, 38, 7, 145);
INSERT INTO performance VALUES (3, 90, 38, 7, 165);
INSERT INTO performance VALUES (3, 125, 38, 7, 205);
INSERT INTO performance VALUES (3, 160, 38, 7, 145);
INSERT INTO performance VALUES (3, 195, 38, 7, 165);
INSERT INTO performance VALUES (3, 230, 38, 7, 225);
INSERT INTO performance VALUES (3, 265, 38, 7, 225);
INSERT INTO performance VALUES (3, 300, 38, 7, 265);
INSERT INTO performance VALUES (3, 335, 38, 7, 245);
INSERT INTO performance VALUES (3, 370, 38, 7, 205);
INSERT INTO performance VALUES (3, 405, 38, 7, 155);
INSERT INTO consists_of VALUES (38, 11, 2, 7);
INSERT INTO performance VALUES (11, 20, 38, 7, 195);
INSERT INTO performance VALUES (11, 55, 38, 7, 215);
INSERT INTO performance VALUES (11, 90, 38, 7, 195);
INSERT INTO performance VALUES (11, 125, 38, 7, 205);
INSERT INTO performance VALUES (11, 160, 38, 7, 155);
INSERT INTO performance VALUES (11, 195, 38, 7, 195);
INSERT INTO performance VALUES (11, 230, 38, 7, 225);
INSERT INTO performance VALUES (11, 265, 38, 7, 185);
INSERT INTO performance VALUES (11, 300, 38, 7, 215);
INSERT INTO performance VALUES (11, 335, 38, 7, 225);
INSERT INTO performance VALUES (11, 370, 38, 7, 245);
INSERT INTO performance VALUES (11, 405, 38, 7, 155);
INSERT INTO consists_of VALUES (38, 4, 4, 5);
INSERT INTO performance VALUES (4, 20, 38, 5, 195);
INSERT INTO performance VALUES (4, 55, 38, 5, 185);
INSERT INTO performance VALUES (4, 90, 38, 5, 275);
INSERT INTO performance VALUES (4, 125, 38, 5, 175);
INSERT INTO performance VALUES (4, 160, 38, 5, 245);
INSERT INTO performance VALUES (4, 195, 38, 5, 185);
INSERT INTO performance VALUES (4, 230, 38, 5, 205);
INSERT INTO performance VALUES (4, 265, 38, 5, 235);
INSERT INTO performance VALUES (4, 300, 38, 5, 175);
INSERT INTO performance VALUES (4, 335, 38, 5, 235);
INSERT INTO performance VALUES (4, 370, 38, 5, 155);
INSERT INTO performance VALUES (4, 405, 38, 5, 235);
INSERT INTO consists_of VALUES (38, 15, 4, 9);
INSERT INTO performance VALUES (15, 20, 38, 9, 215);
INSERT INTO performance VALUES (15, 55, 38, 9, 185);
INSERT INTO performance VALUES (15, 90, 38, 9, 255);
INSERT INTO performance VALUES (15, 125, 38, 9, 235);
INSERT INTO performance VALUES (15, 160, 38, 9, 225);
INSERT INTO performance VALUES (15, 195, 38, 9, 145);
INSERT INTO performance VALUES (15, 230, 38, 9, 255);
INSERT INTO performance VALUES (15, 265, 38, 9, 145);
INSERT INTO performance VALUES (15, 300, 38, 9, 205);
INSERT INTO performance VALUES (15, 335, 38, 9, 205);
INSERT INTO performance VALUES (15, 370, 38, 9, 135);
INSERT INTO performance VALUES (15, 405, 38, 9, 225);
INSERT INTO Workout VALUES (39, 10, '2012-10-18', 10);
INSERT INTO does VALUES (39, 20, '2012-10-18');
INSERT INTO does VALUES (39, 55, '2012-10-18');
INSERT INTO does VALUES (39, 90, '2012-10-18');
INSERT INTO does VALUES (39, 160, '2012-10-18');
INSERT INTO does VALUES (39, 195, '2012-10-18');
INSERT INTO does VALUES (39, 230, '2012-10-18');
INSERT INTO does VALUES (39, 265, '2012-10-18');
INSERT INTO does VALUES (39, 300, '2012-10-18');
INSERT INTO does VALUES (39, 335, '2012-10-18');
INSERT INTO does VALUES (39, 370, '2012-10-18');
INSERT INTO does VALUES (39, 405, '2012-10-18');
INSERT INTO does VALUES (39, 440, '2012-10-18');
INSERT INTO does VALUES (39, 475, '2012-10-18');
INSERT INTO consists_of VALUES (39, 18, 4, 7);
INSERT INTO performance VALUES (18, 20, 39, 7, 245);
INSERT INTO performance VALUES (18, 55, 39, 7, 225);
INSERT INTO performance VALUES (18, 90, 39, 7, 245);
INSERT INTO performance VALUES (18, 160, 39, 7, 145);
INSERT INTO performance VALUES (18, 195, 39, 7, 145);
INSERT INTO performance VALUES (18, 230, 39, 7, 175);
INSERT INTO performance VALUES (18, 265, 39, 7, 245);
INSERT INTO performance VALUES (18, 300, 39, 7, 215);
INSERT INTO performance VALUES (18, 335, 39, 7, 235);
INSERT INTO performance VALUES (18, 370, 39, 7, 175);
INSERT INTO performance VALUES (18, 405, 39, 7, 225);
INSERT INTO consists_of VALUES (39, 1, 4, 6);
INSERT INTO performance VALUES (1, 20, 39, 6, 240);
INSERT INTO performance VALUES (1, 55, 39, 6, 230);
INSERT INTO performance VALUES (1, 90, 39, 6, 200);
INSERT INTO performance VALUES (1, 160, 39, 6, 150);
INSERT INTO performance VALUES (1, 195, 39, 6, 220);
INSERT INTO performance VALUES (1, 230, 39, 6, 240);
INSERT INTO performance VALUES (1, 265, 39, 6, 180);
INSERT INTO performance VALUES (1, 300, 39, 6, 200);
INSERT INTO performance VALUES (1, 335, 39, 6, 250);
INSERT INTO performance VALUES (1, 370, 39, 6, 180);
INSERT INTO performance VALUES (1, 405, 39, 6, 190);
INSERT INTO consists_of VALUES (39, 3, 4, 10);
INSERT INTO performance VALUES (3, 20, 39, 10, 150);
INSERT INTO performance VALUES (3, 55, 39, 10, 180);
INSERT INTO performance VALUES (3, 90, 39, 10, 210);
INSERT INTO performance VALUES (3, 160, 39, 10, 230);
INSERT INTO performance VALUES (3, 195, 39, 10, 190);
INSERT INTO performance VALUES (3, 230, 39, 10, 250);
INSERT INTO performance VALUES (3, 265, 39, 10, 170);
INSERT INTO performance VALUES (3, 300, 39, 10, 250);
INSERT INTO performance VALUES (3, 335, 39, 10, 210);
INSERT INTO performance VALUES (3, 370, 39, 10, 190);
INSERT INTO performance VALUES (3, 405, 39, 10, 200);
INSERT INTO consists_of VALUES (39, 12, 2, 10);
INSERT INTO performance VALUES (12, 20, 39, 10, 210);
INSERT INTO performance VALUES (12, 55, 39, 10, 180);
INSERT INTO performance VALUES (12, 90, 39, 10, 170);
INSERT INTO performance VALUES (12, 160, 39, 10, 180);
INSERT INTO performance VALUES (12, 195, 39, 10, 200);
INSERT INTO performance VALUES (12, 230, 39, 10, 240);
INSERT INTO performance VALUES (12, 265, 39, 10, 160);
INSERT INTO performance VALUES (12, 300, 39, 10, 220);
INSERT INTO performance VALUES (12, 335, 39, 10, 150);
INSERT INTO performance VALUES (12, 370, 39, 10, 140);
INSERT INTO performance VALUES (12, 405, 39, 10, 130);
INSERT INTO consists_of VALUES (39, 21, 4, 8);
INSERT INTO performance VALUES (21, 20, 39, 8, 230);
INSERT INTO performance VALUES (21, 55, 39, 8, 170);
INSERT INTO performance VALUES (21, 90, 39, 8, 220);
INSERT INTO performance VALUES (21, 160, 39, 8, 230);
INSERT INTO performance VALUES (21, 195, 39, 8, 160);
INSERT INTO performance VALUES (21, 230, 39, 8, 140);
INSERT INTO performance VALUES (21, 265, 39, 8, 140);
INSERT INTO performance VALUES (21, 300, 39, 8, 200);
INSERT INTO performance VALUES (21, 335, 39, 8, 230);
INSERT INTO performance VALUES (21, 370, 39, 8, 180);
INSERT INTO performance VALUES (21, 405, 39, 8, 220);
INSERT INTO Workout VALUES (40, 10, '2012-10-25', 10);
INSERT INTO does VALUES (40, 20, '2012-10-25');
INSERT INTO does VALUES (40, 55, '2012-10-25');
INSERT INTO does VALUES (40, 90, '2012-10-25');
INSERT INTO does VALUES (40, 125, '2012-10-25');
INSERT INTO does VALUES (40, 160, '2012-10-25');
INSERT INTO does VALUES (40, 195, '2012-10-25');
INSERT INTO does VALUES (40, 230, '2012-10-25');
INSERT INTO does VALUES (40, 265, '2012-10-25');
INSERT INTO does VALUES (40, 300, '2012-10-25');
INSERT INTO does VALUES (40, 335, '2012-10-25');
INSERT INTO does VALUES (40, 370, '2012-10-25');
INSERT INTO does VALUES (40, 405, '2012-10-25');
INSERT INTO does VALUES (40, 440, '2012-10-25');
INSERT INTO does VALUES (40, 475, '2012-10-25');
INSERT INTO consists_of VALUES (40, 1, 4, 8);
INSERT INTO performance VALUES (1, 20, 40, 8, 210);
INSERT INTO performance VALUES (1, 55, 40, 8, 210);
INSERT INTO performance VALUES (1, 90, 40, 8, 190);
INSERT INTO performance VALUES (1, 160, 40, 8, 170);
INSERT INTO performance VALUES (1, 195, 40, 8, 160);
INSERT INTO performance VALUES (1, 230, 40, 8, 260);
INSERT INTO performance VALUES (1, 265, 40, 8, 170);
INSERT INTO performance VALUES (1, 300, 40, 8, 160);
INSERT INTO performance VALUES (1, 335, 40, 8, 170);
INSERT INTO performance VALUES (1, 370, 40, 8, 170);
INSERT INTO performance VALUES (1, 405, 40, 8, 220);
INSERT INTO consists_of VALUES (40, 18, 2, 3);
INSERT INTO performance VALUES (18, 20, 40, 3, 205);
INSERT INTO performance VALUES (18, 55, 40, 3, 165);
INSERT INTO performance VALUES (18, 90, 40, 3, 285);
INSERT INTO performance VALUES (18, 160, 40, 3, 245);
INSERT INTO performance VALUES (18, 195, 40, 3, 165);
INSERT INTO performance VALUES (18, 230, 40, 3, 165);
INSERT INTO performance VALUES (18, 265, 40, 3, 265);
INSERT INTO performance VALUES (18, 300, 40, 3, 225);
INSERT INTO performance VALUES (18, 335, 40, 3, 225);
INSERT INTO performance VALUES (18, 370, 40, 3, 265);
INSERT INTO performance VALUES (18, 405, 40, 3, 265);
INSERT INTO consists_of VALUES (40, 11, 4, 9);
INSERT INTO performance VALUES (11, 20, 40, 9, 195);
INSERT INTO performance VALUES (11, 55, 40, 9, 165);
INSERT INTO performance VALUES (11, 90, 40, 9, 225);
INSERT INTO performance VALUES (11, 160, 40, 9, 155);
INSERT INTO performance VALUES (11, 195, 40, 9, 205);
INSERT INTO performance VALUES (11, 230, 40, 9, 165);
INSERT INTO performance VALUES (11, 265, 40, 9, 165);
INSERT INTO performance VALUES (11, 300, 40, 9, 235);
INSERT INTO performance VALUES (11, 335, 40, 9, 235);
INSERT INTO performance VALUES (11, 370, 40, 9, 165);
INSERT INTO performance VALUES (11, 405, 40, 9, 185);
INSERT INTO consists_of VALUES (40, 20, 3, 6);
INSERT INTO performance VALUES (20, 20, 40, 6, 150);
INSERT INTO performance VALUES (20, 55, 40, 6, 180);
INSERT INTO performance VALUES (20, 90, 40, 6, 200);
INSERT INTO performance VALUES (20, 160, 40, 6, 230);
INSERT INTO performance VALUES (20, 195, 40, 6, 210);
INSERT INTO performance VALUES (20, 230, 40, 6, 190);
INSERT INTO performance VALUES (20, 265, 40, 6, 150);
INSERT INTO performance VALUES (20, 300, 40, 6, 190);
INSERT INTO performance VALUES (20, 335, 40, 6, 190);
INSERT INTO performance VALUES (20, 370, 40, 6, 220);
INSERT INTO performance VALUES (20, 405, 40, 6, 250);
INSERT INTO consists_of VALUES (40, 7, 3, 9);
INSERT INTO performance VALUES (7, 20, 40, 9, 175);
INSERT INTO performance VALUES (7, 55, 40, 9, 145);
INSERT INTO performance VALUES (7, 90, 40, 9, 245);
INSERT INTO performance VALUES (7, 160, 40, 9, 185);
INSERT INTO performance VALUES (7, 195, 40, 9, 205);
INSERT INTO performance VALUES (7, 230, 40, 9, 165);
INSERT INTO performance VALUES (7, 265, 40, 9, 185);
INSERT INTO performance VALUES (7, 300, 40, 9, 225);
INSERT INTO performance VALUES (7, 335, 40, 9, 165);
INSERT INTO performance VALUES (7, 370, 40, 9, 145);
INSERT INTO performance VALUES (7, 405, 40, 9, 145);
INSERT INTO Workout VALUES (41, 11, '2012-01-04', 1);
INSERT INTO does VALUES (41, 21, '2012-01-04');
INSERT INTO does VALUES (41, 56, '2012-01-04');
INSERT INTO does VALUES (41, 91, '2012-01-04');
INSERT INTO does VALUES (41, 126, '2012-01-04');
INSERT INTO does VALUES (41, 161, '2012-01-04');
INSERT INTO does VALUES (41, 231, '2012-01-04');
INSERT INTO does VALUES (41, 266, '2012-01-04');
INSERT INTO does VALUES (41, 301, '2012-01-04');
INSERT INTO does VALUES (41, 336, '2012-01-04');
INSERT INTO does VALUES (41, 371, '2012-01-04');
INSERT INTO does VALUES (41, 406, '2012-01-04');
INSERT INTO does VALUES (41, 441, '2012-01-04');
INSERT INTO does VALUES (41, 476, '2012-01-04');
INSERT INTO consists_of VALUES (41, 20, 3, 7);
INSERT INTO performance VALUES (20, 21, 41, 7, 145);
INSERT INTO performance VALUES (20, 56, 41, 7, 245);
INSERT INTO performance VALUES (20, 91, 41, 7, 205);
INSERT INTO performance VALUES (20, 126, 41, 7, 155);
INSERT INTO performance VALUES (20, 161, 41, 7, 215);
INSERT INTO performance VALUES (20, 231, 41, 7, 225);
INSERT INTO performance VALUES (20, 266, 41, 7, 195);
INSERT INTO performance VALUES (20, 301, 41, 7, 175);
INSERT INTO performance VALUES (20, 336, 41, 7, 245);
INSERT INTO performance VALUES (20, 371, 41, 7, 175);
INSERT INTO performance VALUES (20, 406, 41, 7, 195);
INSERT INTO performance VALUES (20, 441, 41, 7, 175);
INSERT INTO performance VALUES (20, 476, 41, 7, 145);
INSERT INTO consists_of VALUES (41, 1, 4, 7);
INSERT INTO performance VALUES (1, 21, 41, 7, 215);
INSERT INTO performance VALUES (1, 56, 41, 7, 185);
INSERT INTO performance VALUES (1, 91, 41, 7, 225);
INSERT INTO performance VALUES (1, 126, 41, 7, 175);
INSERT INTO performance VALUES (1, 161, 41, 7, 215);
INSERT INTO performance VALUES (1, 231, 41, 7, 175);
INSERT INTO performance VALUES (1, 266, 41, 7, 195);
INSERT INTO performance VALUES (1, 301, 41, 7, 165);
INSERT INTO performance VALUES (1, 336, 41, 7, 165);
INSERT INTO performance VALUES (1, 371, 41, 7, 175);
INSERT INTO performance VALUES (1, 406, 41, 7, 195);
INSERT INTO performance VALUES (1, 441, 41, 7, 145);
INSERT INTO performance VALUES (1, 476, 41, 7, 235);
INSERT INTO consists_of VALUES (41, 8, 4, 9);
INSERT INTO performance VALUES (8, 21, 41, 9, 185);
INSERT INTO performance VALUES (8, 56, 41, 9, 185);
INSERT INTO performance VALUES (8, 91, 41, 9, 185);
INSERT INTO performance VALUES (8, 126, 41, 9, 155);
INSERT INTO performance VALUES (8, 161, 41, 9, 185);
INSERT INTO performance VALUES (8, 231, 41, 9, 135);
INSERT INTO performance VALUES (8, 266, 41, 9, 175);
INSERT INTO performance VALUES (8, 301, 41, 9, 145);
INSERT INTO performance VALUES (8, 336, 41, 9, 225);
INSERT INTO performance VALUES (8, 371, 41, 9, 175);
INSERT INTO performance VALUES (8, 406, 41, 9, 205);
INSERT INTO performance VALUES (8, 441, 41, 9, 165);
INSERT INTO performance VALUES (8, 476, 41, 9, 175);
INSERT INTO consists_of VALUES (41, 21, 3, 7);
INSERT INTO performance VALUES (21, 21, 41, 7, 225);
INSERT INTO performance VALUES (21, 56, 41, 7, 225);
INSERT INTO performance VALUES (21, 91, 41, 7, 195);
INSERT INTO performance VALUES (21, 126, 41, 7, 165);
INSERT INTO performance VALUES (21, 161, 41, 7, 205);
INSERT INTO performance VALUES (21, 231, 41, 7, 155);
INSERT INTO performance VALUES (21, 266, 41, 7, 165);
INSERT INTO performance VALUES (21, 301, 41, 7, 145);
INSERT INTO performance VALUES (21, 336, 41, 7, 205);
INSERT INTO performance VALUES (21, 371, 41, 7, 225);
INSERT INTO performance VALUES (21, 406, 41, 7, 215);
INSERT INTO performance VALUES (21, 441, 41, 7, 175);
INSERT INTO performance VALUES (21, 476, 41, 7, 245);
INSERT INTO consists_of VALUES (41, 12, 4, 6);
INSERT INTO performance VALUES (12, 21, 41, 6, 210);
INSERT INTO performance VALUES (12, 56, 41, 6, 240);
INSERT INTO performance VALUES (12, 91, 41, 6, 150);
INSERT INTO performance VALUES (12, 126, 41, 6, 230);
INSERT INTO performance VALUES (12, 161, 41, 6, 170);
INSERT INTO performance VALUES (12, 231, 41, 6, 230);
INSERT INTO performance VALUES (12, 266, 41, 6, 250);
INSERT INTO performance VALUES (12, 301, 41, 6, 220);
INSERT INTO performance VALUES (12, 336, 41, 6, 150);
INSERT INTO performance VALUES (12, 371, 41, 6, 170);
INSERT INTO performance VALUES (12, 406, 41, 6, 160);
INSERT INTO performance VALUES (12, 441, 41, 6, 180);
INSERT INTO performance VALUES (12, 476, 41, 6, 150);
INSERT INTO Workout VALUES (42, 11, '2012-01-11', 1);
INSERT INTO does VALUES (42, 21, '2012-01-11');
INSERT INTO does VALUES (42, 56, '2012-01-11');
INSERT INTO does VALUES (42, 91, '2012-01-11');
INSERT INTO does VALUES (42, 126, '2012-01-11');
INSERT INTO does VALUES (42, 161, '2012-01-11');
INSERT INTO does VALUES (42, 196, '2012-01-11');
INSERT INTO does VALUES (42, 231, '2012-01-11');
INSERT INTO does VALUES (42, 266, '2012-01-11');
INSERT INTO does VALUES (42, 301, '2012-01-11');
INSERT INTO does VALUES (42, 336, '2012-01-11');
INSERT INTO does VALUES (42, 371, '2012-01-11');
INSERT INTO does VALUES (42, 406, '2012-01-11');
INSERT INTO does VALUES (42, 441, '2012-01-11');
INSERT INTO does VALUES (42, 476, '2012-01-11');
INSERT INTO consists_of VALUES (42, 8, 4, 6);
INSERT INTO performance VALUES (8, 21, 42, 6, 160);
INSERT INTO performance VALUES (8, 56, 42, 6, 180);
INSERT INTO performance VALUES (8, 91, 42, 6, 190);
INSERT INTO performance VALUES (8, 126, 42, 6, 220);
INSERT INTO performance VALUES (8, 161, 42, 6, 230);
INSERT INTO performance VALUES (8, 231, 42, 6, 180);
INSERT INTO performance VALUES (8, 266, 42, 6, 150);
INSERT INTO performance VALUES (8, 301, 42, 6, 190);
INSERT INTO performance VALUES (8, 336, 42, 6, 220);
INSERT INTO performance VALUES (8, 371, 42, 6, 160);
INSERT INTO performance VALUES (8, 406, 42, 6, 170);
INSERT INTO performance VALUES (8, 441, 42, 6, 220);
INSERT INTO performance VALUES (8, 476, 42, 6, 170);
INSERT INTO consists_of VALUES (42, 7, 2, 4);
INSERT INTO performance VALUES (7, 21, 42, 4, 210);
INSERT INTO performance VALUES (7, 56, 42, 4, 200);
INSERT INTO performance VALUES (7, 91, 42, 4, 170);
INSERT INTO performance VALUES (7, 126, 42, 4, 260);
INSERT INTO performance VALUES (7, 161, 42, 4, 230);
INSERT INTO performance VALUES (7, 231, 42, 4, 240);
INSERT INTO performance VALUES (7, 266, 42, 4, 180);
INSERT INTO performance VALUES (7, 301, 42, 4, 180);
INSERT INTO performance VALUES (7, 336, 42, 4, 180);
INSERT INTO performance VALUES (7, 371, 42, 4, 220);
INSERT INTO performance VALUES (7, 406, 42, 4, 190);
INSERT INTO performance VALUES (7, 441, 42, 4, 180);
INSERT INTO performance VALUES (7, 476, 42, 4, 250);
INSERT INTO consists_of VALUES (42, 12, 2, 10);
INSERT INTO performance VALUES (12, 21, 42, 10, 130);
INSERT INTO performance VALUES (12, 56, 42, 10, 130);
INSERT INTO performance VALUES (12, 91, 42, 10, 130);
INSERT INTO performance VALUES (12, 126, 42, 10, 130);
INSERT INTO performance VALUES (12, 161, 42, 10, 170);
INSERT INTO performance VALUES (12, 231, 42, 10, 150);
INSERT INTO performance VALUES (12, 266, 42, 10, 190);
INSERT INTO performance VALUES (12, 301, 42, 10, 140);
INSERT INTO performance VALUES (12, 336, 42, 10, 230);
INSERT INTO performance VALUES (12, 371, 42, 10, 160);
INSERT INTO performance VALUES (12, 406, 42, 10, 170);
INSERT INTO performance VALUES (12, 441, 42, 10, 140);
INSERT INTO performance VALUES (12, 476, 42, 10, 180);
INSERT INTO consists_of VALUES (42, 19, 3, 4);
INSERT INTO performance VALUES (19, 21, 42, 4, 160);
INSERT INTO performance VALUES (19, 56, 42, 4, 200);
INSERT INTO performance VALUES (19, 91, 42, 4, 220);
INSERT INTO performance VALUES (19, 126, 42, 4, 250);
INSERT INTO performance VALUES (19, 161, 42, 4, 230);
INSERT INTO performance VALUES (19, 231, 42, 4, 230);
INSERT INTO performance VALUES (19, 266, 42, 4, 250);
INSERT INTO performance VALUES (19, 301, 42, 4, 170);
INSERT INTO performance VALUES (19, 336, 42, 4, 250);
INSERT INTO performance VALUES (19, 371, 42, 4, 160);
INSERT INTO performance VALUES (19, 406, 42, 4, 160);
INSERT INTO performance VALUES (19, 441, 42, 4, 220);
INSERT INTO performance VALUES (19, 476, 42, 4, 190);
INSERT INTO consists_of VALUES (42, 1, 4, 5);
INSERT INTO performance VALUES (1, 21, 42, 5, 225);
INSERT INTO performance VALUES (1, 56, 42, 5, 235);
INSERT INTO performance VALUES (1, 91, 42, 5, 195);
INSERT INTO performance VALUES (1, 126, 42, 5, 235);
INSERT INTO performance VALUES (1, 161, 42, 5, 235);
INSERT INTO performance VALUES (1, 231, 42, 5, 205);
INSERT INTO performance VALUES (1, 266, 42, 5, 175);
INSERT INTO performance VALUES (1, 301, 42, 5, 175);
INSERT INTO performance VALUES (1, 336, 42, 5, 235);
INSERT INTO performance VALUES (1, 371, 42, 5, 165);
INSERT INTO performance VALUES (1, 406, 42, 5, 165);
INSERT INTO performance VALUES (1, 441, 42, 5, 205);
INSERT INTO performance VALUES (1, 476, 42, 5, 195);
INSERT INTO Workout VALUES (43, 11, '2012-01-18', 1);
INSERT INTO does VALUES (43, 21, '2012-01-18');
INSERT INTO does VALUES (43, 56, '2012-01-18');
INSERT INTO does VALUES (43, 126, '2012-01-18');
INSERT INTO does VALUES (43, 196, '2012-01-18');
INSERT INTO does VALUES (43, 231, '2012-01-18');
INSERT INTO does VALUES (43, 266, '2012-01-18');
INSERT INTO does VALUES (43, 301, '2012-01-18');
INSERT INTO does VALUES (43, 371, '2012-01-18');
INSERT INTO does VALUES (43, 406, '2012-01-18');
INSERT INTO does VALUES (43, 441, '2012-01-18');
INSERT INTO does VALUES (43, 476, '2012-01-18');
INSERT INTO consists_of VALUES (43, 1, 4, 9);
INSERT INTO performance VALUES (1, 21, 43, 9, 175);
INSERT INTO performance VALUES (1, 56, 43, 9, 185);
INSERT INTO performance VALUES (1, 126, 43, 9, 225);
INSERT INTO performance VALUES (1, 231, 43, 9, 165);
INSERT INTO performance VALUES (1, 266, 43, 9, 145);
INSERT INTO performance VALUES (1, 301, 43, 9, 215);
INSERT INTO performance VALUES (1, 371, 43, 9, 205);
INSERT INTO performance VALUES (1, 406, 43, 9, 225);
INSERT INTO performance VALUES (1, 441, 43, 9, 155);
INSERT INTO performance VALUES (1, 476, 43, 9, 165);
INSERT INTO consists_of VALUES (43, 17, 3, 3);
INSERT INTO performance VALUES (17, 21, 43, 3, 175);
INSERT INTO performance VALUES (17, 56, 43, 3, 265);
INSERT INTO performance VALUES (17, 126, 43, 3, 265);
INSERT INTO performance VALUES (17, 231, 43, 3, 215);
INSERT INTO performance VALUES (17, 266, 43, 3, 205);
INSERT INTO performance VALUES (17, 301, 43, 3, 165);
INSERT INTO performance VALUES (17, 371, 43, 3, 195);
INSERT INTO performance VALUES (17, 406, 43, 3, 165);
INSERT INTO performance VALUES (17, 441, 43, 3, 165);
INSERT INTO performance VALUES (17, 476, 43, 3, 205);
INSERT INTO consists_of VALUES (43, 14, 4, 3);
INSERT INTO performance VALUES (14, 21, 43, 3, 225);
INSERT INTO performance VALUES (14, 56, 43, 3, 265);
INSERT INTO performance VALUES (14, 126, 43, 3, 215);
INSERT INTO performance VALUES (14, 231, 43, 3, 245);
INSERT INTO performance VALUES (14, 266, 43, 3, 185);
INSERT INTO performance VALUES (14, 301, 43, 3, 165);
INSERT INTO performance VALUES (14, 371, 43, 3, 225);
INSERT INTO performance VALUES (14, 406, 43, 3, 225);
INSERT INTO performance VALUES (14, 441, 43, 3, 165);
INSERT INTO performance VALUES (14, 476, 43, 3, 195);
INSERT INTO consists_of VALUES (43, 19, 4, 10);
INSERT INTO performance VALUES (19, 21, 43, 10, 170);
INSERT INTO performance VALUES (19, 56, 43, 10, 230);
INSERT INTO performance VALUES (19, 126, 43, 10, 150);
INSERT INTO performance VALUES (19, 231, 43, 10, 210);
INSERT INTO performance VALUES (19, 266, 43, 10, 170);
INSERT INTO performance VALUES (19, 301, 43, 10, 130);
INSERT INTO performance VALUES (19, 371, 43, 10, 180);
INSERT INTO performance VALUES (19, 406, 43, 10, 190);
INSERT INTO performance VALUES (19, 441, 43, 10, 140);
INSERT INTO performance VALUES (19, 476, 43, 10, 180);
INSERT INTO consists_of VALUES (43, 16, 4, 7);
INSERT INTO performance VALUES (16, 21, 43, 7, 155);
INSERT INTO performance VALUES (16, 56, 43, 7, 155);
INSERT INTO performance VALUES (16, 126, 43, 7, 175);
INSERT INTO performance VALUES (16, 231, 43, 7, 185);
INSERT INTO performance VALUES (16, 266, 43, 7, 145);
INSERT INTO performance VALUES (16, 301, 43, 7, 205);
INSERT INTO performance VALUES (16, 371, 43, 7, 175);
INSERT INTO performance VALUES (16, 406, 43, 7, 205);
INSERT INTO performance VALUES (16, 441, 43, 7, 165);
INSERT INTO performance VALUES (16, 476, 43, 7, 195);
INSERT INTO Workout VALUES (44, 11, '2012-01-25', 1);
INSERT INTO does VALUES (44, 21, '2012-01-25');
INSERT INTO does VALUES (44, 56, '2012-01-25');
INSERT INTO does VALUES (44, 91, '2012-01-25');
INSERT INTO does VALUES (44, 126, '2012-01-25');
INSERT INTO does VALUES (44, 161, '2012-01-25');
INSERT INTO does VALUES (44, 196, '2012-01-25');
INSERT INTO does VALUES (44, 231, '2012-01-25');
INSERT INTO does VALUES (44, 266, '2012-01-25');
INSERT INTO does VALUES (44, 336, '2012-01-25');
INSERT INTO does VALUES (44, 371, '2012-01-25');
INSERT INTO does VALUES (44, 406, '2012-01-25');
INSERT INTO does VALUES (44, 441, '2012-01-25');
INSERT INTO does VALUES (44, 476, '2012-01-25');
INSERT INTO consists_of VALUES (44, 21, 4, 8);
INSERT INTO performance VALUES (21, 21, 44, 8, 180);
INSERT INTO performance VALUES (21, 56, 44, 8, 170);
INSERT INTO performance VALUES (21, 126, 44, 8, 160);
INSERT INTO performance VALUES (21, 231, 44, 8, 200);
INSERT INTO performance VALUES (21, 266, 44, 8, 240);
INSERT INTO performance VALUES (21, 371, 44, 8, 190);
INSERT INTO performance VALUES (21, 406, 44, 8, 190);
INSERT INTO performance VALUES (21, 441, 44, 8, 200);
INSERT INTO performance VALUES (21, 476, 44, 8, 180);
INSERT INTO consists_of VALUES (44, 5, 4, 10);
INSERT INTO performance VALUES (5, 21, 44, 10, 160);
INSERT INTO performance VALUES (5, 56, 44, 10, 220);
INSERT INTO performance VALUES (5, 126, 44, 10, 230);
INSERT INTO performance VALUES (5, 231, 44, 10, 180);
INSERT INTO performance VALUES (5, 266, 44, 10, 130);
INSERT INTO performance VALUES (5, 371, 44, 10, 200);
INSERT INTO performance VALUES (5, 406, 44, 10, 130);
INSERT INTO performance VALUES (5, 441, 44, 10, 180);
INSERT INTO performance VALUES (5, 476, 44, 10, 170);
INSERT INTO consists_of VALUES (44, 7, 2, 7);
INSERT INTO performance VALUES (7, 21, 44, 7, 165);
INSERT INTO performance VALUES (7, 56, 44, 7, 195);
INSERT INTO performance VALUES (7, 126, 44, 7, 215);
INSERT INTO performance VALUES (7, 231, 44, 7, 185);
INSERT INTO performance VALUES (7, 266, 44, 7, 155);
INSERT INTO performance VALUES (7, 371, 44, 7, 155);
INSERT INTO performance VALUES (7, 406, 44, 7, 235);
INSERT INTO performance VALUES (7, 441, 44, 7, 185);
INSERT INTO performance VALUES (7, 476, 44, 7, 185);
INSERT INTO consists_of VALUES (44, 2, 2, 4);
INSERT INTO performance VALUES (2, 21, 44, 4, 200);
INSERT INTO performance VALUES (2, 56, 44, 4, 260);
INSERT INTO performance VALUES (2, 126, 44, 4, 240);
INSERT INTO performance VALUES (2, 231, 44, 4, 220);
INSERT INTO performance VALUES (2, 266, 44, 4, 250);
INSERT INTO performance VALUES (2, 371, 44, 4, 230);
INSERT INTO performance VALUES (2, 406, 44, 4, 160);
INSERT INTO performance VALUES (2, 441, 44, 4, 210);
INSERT INTO performance VALUES (2, 476, 44, 4, 210);
INSERT INTO consists_of VALUES (44, 18, 2, 7);
INSERT INTO performance VALUES (18, 21, 44, 7, 195);
INSERT INTO performance VALUES (18, 56, 44, 7, 195);
INSERT INTO performance VALUES (18, 126, 44, 7, 225);
INSERT INTO performance VALUES (18, 231, 44, 7, 145);
INSERT INTO performance VALUES (18, 266, 44, 7, 145);
INSERT INTO performance VALUES (18, 371, 44, 7, 225);
INSERT INTO performance VALUES (18, 406, 44, 7, 225);
INSERT INTO performance VALUES (18, 441, 44, 7, 175);
INSERT INTO performance VALUES (18, 476, 44, 7, 195);
INSERT INTO Workout VALUES (45, 12, '2012-02-04', 2);
INSERT INTO does VALUES (45, 22, '2012-02-04');
INSERT INTO does VALUES (45, 57, '2012-02-04');
INSERT INTO does VALUES (45, 92, '2012-02-04');
INSERT INTO does VALUES (45, 127, '2012-02-04');
INSERT INTO does VALUES (45, 162, '2012-02-04');
INSERT INTO does VALUES (45, 197, '2012-02-04');
INSERT INTO does VALUES (45, 232, '2012-02-04');
INSERT INTO does VALUES (45, 267, '2012-02-04');
INSERT INTO does VALUES (45, 302, '2012-02-04');
INSERT INTO does VALUES (45, 337, '2012-02-04');
INSERT INTO does VALUES (45, 372, '2012-02-04');
INSERT INTO does VALUES (45, 407, '2012-02-04');
INSERT INTO does VALUES (45, 442, '2012-02-04');
INSERT INTO does VALUES (45, 477, '2012-02-04');
INSERT INTO consists_of VALUES (45, 21, 3, 4);
INSERT INTO performance VALUES (21, 22, 45, 4, 210);
INSERT INTO performance VALUES (21, 57, 45, 4, 190);
INSERT INTO performance VALUES (21, 92, 45, 4, 200);
INSERT INTO performance VALUES (21, 127, 45, 4, 210);
INSERT INTO performance VALUES (21, 162, 45, 4, 180);
INSERT INTO performance VALUES (21, 197, 45, 4, 210);
INSERT INTO performance VALUES (21, 232, 45, 4, 190);
INSERT INTO performance VALUES (21, 267, 45, 4, 200);
INSERT INTO performance VALUES (21, 302, 45, 4, 240);
INSERT INTO performance VALUES (21, 337, 45, 4, 200);
INSERT INTO performance VALUES (21, 372, 45, 4, 210);
INSERT INTO performance VALUES (21, 407, 45, 4, 160);
INSERT INTO performance VALUES (21, 442, 45, 4, 210);
INSERT INTO performance VALUES (21, 477, 45, 4, 240);
INSERT INTO consists_of VALUES (45, 13, 2, 8);
INSERT INTO performance VALUES (13, 22, 45, 8, 200);
INSERT INTO performance VALUES (13, 57, 45, 8, 220);
INSERT INTO performance VALUES (13, 92, 45, 8, 170);
INSERT INTO performance VALUES (13, 127, 45, 8, 140);
INSERT INTO performance VALUES (13, 162, 45, 8, 160);
INSERT INTO performance VALUES (13, 197, 45, 8, 170);
INSERT INTO performance VALUES (13, 232, 45, 8, 180);
INSERT INTO performance VALUES (13, 267, 45, 8, 200);
INSERT INTO performance VALUES (13, 302, 45, 8, 150);
INSERT INTO performance VALUES (13, 337, 45, 8, 240);
INSERT INTO performance VALUES (13, 372, 45, 8, 190);
INSERT INTO performance VALUES (13, 407, 45, 8, 230);
INSERT INTO performance VALUES (13, 442, 45, 8, 180);
INSERT INTO performance VALUES (13, 477, 45, 8, 230);
INSERT INTO consists_of VALUES (45, 6, 4, 5);
INSERT INTO performance VALUES (6, 22, 45, 5, 185);
INSERT INTO performance VALUES (6, 57, 45, 5, 235);
INSERT INTO performance VALUES (6, 92, 45, 5, 235);
INSERT INTO performance VALUES (6, 127, 45, 5, 205);
INSERT INTO performance VALUES (6, 162, 45, 5, 205);
INSERT INTO performance VALUES (6, 197, 45, 5, 225);
INSERT INTO performance VALUES (6, 232, 45, 5, 215);
INSERT INTO performance VALUES (6, 267, 45, 5, 245);
INSERT INTO performance VALUES (6, 302, 45, 5, 235);
INSERT INTO performance VALUES (6, 337, 45, 5, 195);
INSERT INTO performance VALUES (6, 372, 45, 5, 225);
INSERT INTO performance VALUES (6, 407, 45, 5, 225);
INSERT INTO performance VALUES (6, 442, 45, 5, 225);
INSERT INTO performance VALUES (6, 477, 45, 5, 185);
INSERT INTO consists_of VALUES (45, 2, 2, 3);
INSERT INTO performance VALUES (2, 22, 45, 3, 175);
INSERT INTO performance VALUES (2, 57, 45, 3, 185);
INSERT INTO performance VALUES (2, 92, 45, 3, 235);
INSERT INTO performance VALUES (2, 127, 45, 3, 235);
INSERT INTO performance VALUES (2, 162, 45, 3, 205);
INSERT INTO performance VALUES (2, 197, 45, 3, 185);
INSERT INTO performance VALUES (2, 232, 45, 3, 165);
INSERT INTO performance VALUES (2, 267, 45, 3, 225);
INSERT INTO performance VALUES (2, 302, 45, 3, 235);
INSERT INTO performance VALUES (2, 337, 45, 3, 225);
INSERT INTO performance VALUES (2, 372, 45, 3, 175);
INSERT INTO performance VALUES (2, 407, 45, 3, 195);
INSERT INTO performance VALUES (2, 442, 45, 3, 175);
INSERT INTO performance VALUES (2, 477, 45, 3, 195);
INSERT INTO consists_of VALUES (45, 18, 4, 10);
INSERT INTO performance VALUES (18, 22, 45, 10, 190);
INSERT INTO performance VALUES (18, 57, 45, 10, 170);
INSERT INTO performance VALUES (18, 92, 45, 10, 170);
INSERT INTO performance VALUES (18, 127, 45, 10, 170);
INSERT INTO performance VALUES (18, 162, 45, 10, 130);
INSERT INTO performance VALUES (18, 197, 45, 10, 180);
INSERT INTO performance VALUES (18, 232, 45, 10, 150);
INSERT INTO performance VALUES (18, 267, 45, 10, 150);
INSERT INTO performance VALUES (18, 302, 45, 10, 200);
INSERT INTO performance VALUES (18, 337, 45, 10, 180);
INSERT INTO performance VALUES (18, 372, 45, 10, 190);
INSERT INTO performance VALUES (18, 407, 45, 10, 220);
INSERT INTO performance VALUES (18, 442, 45, 10, 190);
INSERT INTO performance VALUES (18, 477, 45, 10, 200);
INSERT INTO Workout VALUES (46, 12, '2012-02-11', 2);
INSERT INTO does VALUES (46, 22, '2012-02-11');
INSERT INTO does VALUES (46, 92, '2012-02-11');
INSERT INTO does VALUES (46, 127, '2012-02-11');
INSERT INTO does VALUES (46, 162, '2012-02-11');
INSERT INTO does VALUES (46, 232, '2012-02-11');
INSERT INTO does VALUES (46, 267, '2012-02-11');
INSERT INTO does VALUES (46, 302, '2012-02-11');
INSERT INTO does VALUES (46, 337, '2012-02-11');
INSERT INTO does VALUES (46, 372, '2012-02-11');
INSERT INTO does VALUES (46, 442, '2012-02-11');
INSERT INTO consists_of VALUES (46, 16, 3, 7);
INSERT INTO performance VALUES (16, 22, 46, 7, 165);
INSERT INTO performance VALUES (16, 92, 46, 7, 145);
INSERT INTO performance VALUES (16, 127, 46, 7, 225);
INSERT INTO performance VALUES (16, 162, 46, 7, 165);
INSERT INTO performance VALUES (16, 232, 46, 7, 165);
INSERT INTO performance VALUES (16, 267, 46, 7, 225);
INSERT INTO performance VALUES (16, 302, 46, 7, 195);
INSERT INTO performance VALUES (16, 337, 46, 7, 235);
INSERT INTO performance VALUES (16, 372, 46, 7, 195);
INSERT INTO performance VALUES (16, 442, 46, 7, 195);
INSERT INTO consists_of VALUES (46, 14, 4, 10);
INSERT INTO performance VALUES (14, 22, 46, 10, 170);
INSERT INTO performance VALUES (14, 92, 46, 10, 150);
INSERT INTO performance VALUES (14, 127, 46, 10, 200);
INSERT INTO performance VALUES (14, 162, 46, 10, 170);
INSERT INTO performance VALUES (14, 232, 46, 10, 200);
INSERT INTO performance VALUES (14, 267, 46, 10, 200);
INSERT INTO performance VALUES (14, 302, 46, 10, 140);
INSERT INTO performance VALUES (14, 337, 46, 10, 140);
INSERT INTO performance VALUES (14, 372, 46, 10, 150);
INSERT INTO performance VALUES (14, 442, 46, 10, 140);
INSERT INTO consists_of VALUES (46, 1, 3, 8);
INSERT INTO performance VALUES (1, 22, 46, 8, 220);
INSERT INTO performance VALUES (1, 92, 46, 8, 210);
INSERT INTO performance VALUES (1, 127, 46, 8, 150);
INSERT INTO performance VALUES (1, 162, 46, 8, 180);
INSERT INTO performance VALUES (1, 232, 46, 8, 170);
INSERT INTO performance VALUES (1, 267, 46, 8, 140);
INSERT INTO performance VALUES (1, 302, 46, 8, 190);
INSERT INTO performance VALUES (1, 337, 46, 8, 180);
INSERT INTO performance VALUES (1, 372, 46, 8, 140);
INSERT INTO performance VALUES (1, 442, 46, 8, 200);
INSERT INTO consists_of VALUES (46, 19, 3, 4);
INSERT INTO performance VALUES (19, 22, 46, 4, 200);
INSERT INTO performance VALUES (19, 92, 46, 4, 200);
INSERT INTO performance VALUES (19, 127, 46, 4, 160);
INSERT INTO performance VALUES (19, 162, 46, 4, 160);
INSERT INTO performance VALUES (19, 232, 46, 4, 230);
INSERT INTO performance VALUES (19, 267, 46, 4, 220);
INSERT INTO performance VALUES (19, 302, 46, 4, 180);
INSERT INTO performance VALUES (19, 337, 46, 4, 160);
INSERT INTO performance VALUES (19, 372, 46, 4, 230);
INSERT INTO performance VALUES (19, 442, 46, 4, 180);
INSERT INTO consists_of VALUES (46, 5, 3, 7);
INSERT INTO performance VALUES (5, 22, 46, 7, 175);
INSERT INTO performance VALUES (5, 92, 46, 7, 205);
INSERT INTO performance VALUES (5, 127, 46, 7, 165);
INSERT INTO performance VALUES (5, 162, 46, 7, 185);
INSERT INTO performance VALUES (5, 232, 46, 7, 165);
INSERT INTO performance VALUES (5, 267, 46, 7, 165);
INSERT INTO performance VALUES (5, 302, 46, 7, 165);
INSERT INTO performance VALUES (5, 337, 46, 7, 235);
INSERT INTO performance VALUES (5, 372, 46, 7, 215);
INSERT INTO performance VALUES (5, 442, 46, 7, 215);
INSERT INTO Workout VALUES (47, 12, '2012-02-18', 2);
INSERT INTO does VALUES (47, 22, '2012-02-18');
INSERT INTO does VALUES (47, 57, '2012-02-18');
INSERT INTO does VALUES (47, 92, '2012-02-18');
INSERT INTO does VALUES (47, 162, '2012-02-18');
INSERT INTO does VALUES (47, 197, '2012-02-18');
INSERT INTO does VALUES (47, 232, '2012-02-18');
INSERT INTO does VALUES (47, 267, '2012-02-18');
INSERT INTO does VALUES (47, 302, '2012-02-18');
INSERT INTO does VALUES (47, 337, '2012-02-18');
INSERT INTO does VALUES (47, 372, '2012-02-18');
INSERT INTO does VALUES (47, 407, '2012-02-18');
INSERT INTO does VALUES (47, 442, '2012-02-18');
INSERT INTO does VALUES (47, 477, '2012-02-18');
INSERT INTO consists_of VALUES (47, 2, 4, 9);
INSERT INTO performance VALUES (2, 22, 47, 9, 215);
INSERT INTO performance VALUES (2, 92, 47, 9, 165);
INSERT INTO performance VALUES (2, 162, 47, 9, 185);
INSERT INTO performance VALUES (2, 232, 47, 9, 185);
INSERT INTO performance VALUES (2, 267, 47, 9, 225);
INSERT INTO performance VALUES (2, 302, 47, 9, 175);
INSERT INTO performance VALUES (2, 337, 47, 9, 135);
INSERT INTO performance VALUES (2, 372, 47, 9, 215);
INSERT INTO performance VALUES (2, 442, 47, 9, 165);
INSERT INTO consists_of VALUES (47, 17, 4, 3);
INSERT INTO performance VALUES (17, 22, 47, 3, 195);
INSERT INTO performance VALUES (17, 92, 47, 3, 245);
INSERT INTO performance VALUES (17, 162, 47, 3, 185);
INSERT INTO performance VALUES (17, 232, 47, 3, 225);
INSERT INTO performance VALUES (17, 267, 47, 3, 215);
INSERT INTO performance VALUES (17, 302, 47, 3, 245);
INSERT INTO performance VALUES (17, 337, 47, 3, 225);
INSERT INTO performance VALUES (17, 372, 47, 3, 205);
INSERT INTO performance VALUES (17, 442, 47, 3, 205);
INSERT INTO consists_of VALUES (47, 16, 3, 9);
INSERT INTO performance VALUES (16, 22, 47, 9, 195);
INSERT INTO performance VALUES (16, 92, 47, 9, 145);
INSERT INTO performance VALUES (16, 162, 47, 9, 145);
INSERT INTO performance VALUES (16, 232, 47, 9, 135);
INSERT INTO performance VALUES (16, 267, 47, 9, 175);
INSERT INTO performance VALUES (16, 302, 47, 9, 165);
INSERT INTO performance VALUES (16, 337, 47, 9, 155);
INSERT INTO performance VALUES (16, 372, 47, 9, 155);
INSERT INTO performance VALUES (16, 442, 47, 9, 195);
INSERT INTO consists_of VALUES (47, 9, 4, 5);
INSERT INTO performance VALUES (9, 22, 47, 5, 155);
INSERT INTO performance VALUES (9, 92, 47, 5, 155);
INSERT INTO performance VALUES (9, 162, 47, 5, 195);
INSERT INTO performance VALUES (9, 232, 47, 5, 205);
INSERT INTO performance VALUES (9, 267, 47, 5, 245);
INSERT INTO performance VALUES (9, 302, 47, 5, 225);
INSERT INTO performance VALUES (9, 337, 47, 5, 195);
INSERT INTO performance VALUES (9, 372, 47, 5, 165);
INSERT INTO performance VALUES (9, 442, 47, 5, 215);
INSERT INTO consists_of VALUES (47, 15, 2, 5);
INSERT INTO performance VALUES (15, 22, 47, 5, 175);
INSERT INTO performance VALUES (15, 92, 47, 5, 165);
INSERT INTO performance VALUES (15, 162, 47, 5, 185);
INSERT INTO performance VALUES (15, 232, 47, 5, 225);
INSERT INTO performance VALUES (15, 267, 47, 5, 175);
INSERT INTO performance VALUES (15, 302, 47, 5, 235);
INSERT INTO performance VALUES (15, 337, 47, 5, 205);
INSERT INTO performance VALUES (15, 372, 47, 5, 215);
INSERT INTO performance VALUES (15, 442, 47, 5, 225);
INSERT INTO Workout VALUES (48, 12, '2012-02-25', 2);
INSERT INTO does VALUES (48, 22, '2012-02-25');
INSERT INTO does VALUES (48, 57, '2012-02-25');
INSERT INTO does VALUES (48, 92, '2012-02-25');
INSERT INTO does VALUES (48, 127, '2012-02-25');
INSERT INTO does VALUES (48, 162, '2012-02-25');
INSERT INTO does VALUES (48, 197, '2012-02-25');
INSERT INTO does VALUES (48, 232, '2012-02-25');
INSERT INTO does VALUES (48, 267, '2012-02-25');
INSERT INTO does VALUES (48, 337, '2012-02-25');
INSERT INTO does VALUES (48, 372, '2012-02-25');
INSERT INTO does VALUES (48, 407, '2012-02-25');
INSERT INTO does VALUES (48, 442, '2012-02-25');
INSERT INTO does VALUES (48, 477, '2012-02-25');
INSERT INTO consists_of VALUES (48, 15, 2, 7);
INSERT INTO performance VALUES (15, 22, 48, 7, 165);
INSERT INTO performance VALUES (15, 92, 48, 7, 205);
INSERT INTO performance VALUES (15, 162, 48, 7, 155);
INSERT INTO performance VALUES (15, 232, 48, 7, 185);
INSERT INTO performance VALUES (15, 267, 48, 7, 205);
INSERT INTO performance VALUES (15, 337, 48, 7, 185);
INSERT INTO performance VALUES (15, 372, 48, 7, 225);
INSERT INTO performance VALUES (15, 442, 48, 7, 215);
INSERT INTO consists_of VALUES (48, 20, 4, 9);
INSERT INTO performance VALUES (20, 22, 48, 9, 145);
INSERT INTO performance VALUES (20, 92, 48, 9, 185);
INSERT INTO performance VALUES (20, 162, 48, 9, 215);
INSERT INTO performance VALUES (20, 232, 48, 9, 205);
INSERT INTO performance VALUES (20, 267, 48, 9, 215);
INSERT INTO performance VALUES (20, 337, 48, 9, 145);
INSERT INTO performance VALUES (20, 372, 48, 9, 145);
INSERT INTO performance VALUES (20, 442, 48, 9, 175);
INSERT INTO consists_of VALUES (48, 3, 4, 3);
INSERT INTO performance VALUES (3, 22, 48, 3, 235);
INSERT INTO performance VALUES (3, 92, 48, 3, 235);
INSERT INTO performance VALUES (3, 162, 48, 3, 225);
INSERT INTO performance VALUES (3, 232, 48, 3, 225);
INSERT INTO performance VALUES (3, 267, 48, 3, 215);
INSERT INTO performance VALUES (3, 337, 48, 3, 235);
INSERT INTO performance VALUES (3, 372, 48, 3, 235);
INSERT INTO performance VALUES (3, 442, 48, 3, 165);
INSERT INTO consists_of VALUES (48, 7, 3, 5);
INSERT INTO performance VALUES (7, 22, 48, 5, 195);
INSERT INTO performance VALUES (7, 92, 48, 5, 235);
INSERT INTO performance VALUES (7, 162, 48, 5, 215);
INSERT INTO performance VALUES (7, 232, 48, 5, 205);
INSERT INTO performance VALUES (7, 267, 48, 5, 175);
INSERT INTO performance VALUES (7, 337, 48, 5, 235);
INSERT INTO performance VALUES (7, 372, 48, 5, 185);
INSERT INTO performance VALUES (7, 442, 48, 5, 175);
INSERT INTO consists_of VALUES (48, 11, 3, 7);
INSERT INTO performance VALUES (11, 22, 48, 7, 165);
INSERT INTO performance VALUES (11, 92, 48, 7, 205);
INSERT INTO performance VALUES (11, 162, 48, 7, 195);
INSERT INTO performance VALUES (11, 232, 48, 7, 195);
INSERT INTO performance VALUES (11, 267, 48, 7, 245);
INSERT INTO performance VALUES (11, 337, 48, 7, 165);
INSERT INTO performance VALUES (11, 372, 48, 7, 205);
INSERT INTO performance VALUES (11, 442, 48, 7, 185);
INSERT INTO Workout VALUES (49, 13, '2012-03-04', 3);
INSERT INTO does VALUES (49, 23, '2012-03-04');
INSERT INTO does VALUES (49, 58, '2012-03-04');
INSERT INTO does VALUES (49, 93, '2012-03-04');
INSERT INTO does VALUES (49, 128, '2012-03-04');
INSERT INTO does VALUES (49, 163, '2012-03-04');
INSERT INTO does VALUES (49, 198, '2012-03-04');
INSERT INTO does VALUES (49, 268, '2012-03-04');
INSERT INTO does VALUES (49, 303, '2012-03-04');
INSERT INTO does VALUES (49, 338, '2012-03-04');
INSERT INTO does VALUES (49, 373, '2012-03-04');
INSERT INTO does VALUES (49, 408, '2012-03-04');
INSERT INTO does VALUES (49, 443, '2012-03-04');
INSERT INTO does VALUES (49, 478, '2012-03-04');
INSERT INTO consists_of VALUES (49, 19, 3, 8);
INSERT INTO performance VALUES (19, 23, 49, 8, 210);
INSERT INTO performance VALUES (19, 58, 49, 8, 240);
INSERT INTO performance VALUES (19, 93, 49, 8, 220);
INSERT INTO performance VALUES (19, 128, 49, 8, 150);
INSERT INTO performance VALUES (19, 163, 49, 8, 190);
INSERT INTO performance VALUES (19, 198, 49, 8, 190);
INSERT INTO performance VALUES (19, 268, 49, 8, 220);
INSERT INTO performance VALUES (19, 303, 49, 8, 180);
INSERT INTO performance VALUES (19, 338, 49, 8, 150);
INSERT INTO performance VALUES (19, 373, 49, 8, 210);
INSERT INTO performance VALUES (19, 408, 49, 8, 140);
INSERT INTO performance VALUES (19, 443, 49, 8, 210);
INSERT INTO performance VALUES (19, 478, 49, 8, 160);
INSERT INTO consists_of VALUES (49, 11, 3, 3);
INSERT INTO performance VALUES (11, 23, 49, 3, 245);
INSERT INTO performance VALUES (11, 58, 49, 3, 255);
INSERT INTO performance VALUES (11, 93, 49, 3, 165);
INSERT INTO performance VALUES (11, 128, 49, 3, 185);
INSERT INTO performance VALUES (11, 163, 49, 3, 215);
INSERT INTO performance VALUES (11, 198, 49, 3, 205);
INSERT INTO performance VALUES (11, 268, 49, 3, 255);
INSERT INTO performance VALUES (11, 303, 49, 3, 225);
INSERT INTO performance VALUES (11, 338, 49, 3, 265);
INSERT INTO performance VALUES (11, 373, 49, 3, 175);
INSERT INTO performance VALUES (11, 408, 49, 3, 255);
INSERT INTO performance VALUES (11, 443, 49, 3, 205);
INSERT INTO performance VALUES (11, 478, 49, 3, 275);
INSERT INTO consists_of VALUES (49, 21, 2, 3);
INSERT INTO performance VALUES (21, 23, 49, 3, 165);
INSERT INTO performance VALUES (21, 58, 49, 3, 215);
INSERT INTO performance VALUES (21, 93, 49, 3, 195);
INSERT INTO performance VALUES (21, 128, 49, 3, 275);
INSERT INTO performance VALUES (21, 163, 49, 3, 225);
INSERT INTO performance VALUES (21, 198, 49, 3, 175);
INSERT INTO performance VALUES (21, 268, 49, 3, 255);
INSERT INTO performance VALUES (21, 303, 49, 3, 175);
INSERT INTO performance VALUES (21, 338, 49, 3, 215);
INSERT INTO performance VALUES (21, 373, 49, 3, 195);
INSERT INTO performance VALUES (21, 408, 49, 3, 245);
INSERT INTO performance VALUES (21, 443, 49, 3, 235);
INSERT INTO performance VALUES (21, 478, 49, 3, 275);
INSERT INTO consists_of VALUES (49, 7, 3, 10);
INSERT INTO performance VALUES (7, 23, 49, 10, 210);
INSERT INTO performance VALUES (7, 58, 49, 10, 160);
INSERT INTO performance VALUES (7, 93, 49, 10, 190);
INSERT INTO performance VALUES (7, 128, 49, 10, 180);
INSERT INTO performance VALUES (7, 163, 49, 10, 190);
INSERT INTO performance VALUES (7, 198, 49, 10, 140);
INSERT INTO performance VALUES (7, 268, 49, 10, 210);
INSERT INTO performance VALUES (7, 303, 49, 10, 190);
INSERT INTO performance VALUES (7, 338, 49, 10, 130);
INSERT INTO performance VALUES (7, 373, 49, 10, 210);
INSERT INTO performance VALUES (7, 408, 49, 10, 200);
INSERT INTO performance VALUES (7, 443, 49, 10, 160);
INSERT INTO performance VALUES (7, 478, 49, 10, 180);
INSERT INTO consists_of VALUES (49, 8, 3, 7);
INSERT INTO performance VALUES (8, 23, 49, 7, 205);
INSERT INTO performance VALUES (8, 58, 49, 7, 195);
INSERT INTO performance VALUES (8, 93, 49, 7, 145);
INSERT INTO performance VALUES (8, 128, 49, 7, 155);
INSERT INTO performance VALUES (8, 163, 49, 7, 145);
INSERT INTO performance VALUES (8, 198, 49, 7, 165);
INSERT INTO performance VALUES (8, 268, 49, 7, 215);
INSERT INTO performance VALUES (8, 303, 49, 7, 225);
INSERT INTO performance VALUES (8, 338, 49, 7, 175);
INSERT INTO performance VALUES (8, 373, 49, 7, 205);
INSERT INTO performance VALUES (8, 408, 49, 7, 185);
INSERT INTO performance VALUES (8, 443, 49, 7, 185);
INSERT INTO performance VALUES (8, 478, 49, 7, 175);
INSERT INTO Workout VALUES (50, 13, '2012-03-11', 3);
INSERT INTO does VALUES (50, 58, '2012-03-11');
INSERT INTO does VALUES (50, 93, '2012-03-11');
INSERT INTO does VALUES (50, 128, '2012-03-11');
INSERT INTO does VALUES (50, 163, '2012-03-11');
INSERT INTO does VALUES (50, 198, '2012-03-11');
INSERT INTO does VALUES (50, 233, '2012-03-11');
INSERT INTO does VALUES (50, 268, '2012-03-11');
INSERT INTO does VALUES (50, 303, '2012-03-11');
INSERT INTO does VALUES (50, 338, '2012-03-11');
INSERT INTO does VALUES (50, 373, '2012-03-11');
INSERT INTO does VALUES (50, 408, '2012-03-11');
INSERT INTO does VALUES (50, 478, '2012-03-11');
INSERT INTO consists_of VALUES (50, 8, 3, 9);
INSERT INTO performance VALUES (8, 58, 50, 9, 225);
INSERT INTO performance VALUES (8, 93, 50, 9, 185);
INSERT INTO performance VALUES (8, 128, 50, 9, 175);
INSERT INTO performance VALUES (8, 163, 50, 9, 165);
INSERT INTO performance VALUES (8, 198, 50, 9, 165);
INSERT INTO performance VALUES (8, 268, 50, 9, 135);
INSERT INTO performance VALUES (8, 303, 50, 9, 165);
INSERT INTO performance VALUES (8, 338, 50, 9, 145);
INSERT INTO performance VALUES (8, 373, 50, 9, 215);
INSERT INTO performance VALUES (8, 408, 50, 9, 215);
INSERT INTO performance VALUES (8, 478, 50, 9, 205);
INSERT INTO consists_of VALUES (50, 3, 4, 5);
INSERT INTO performance VALUES (3, 58, 50, 5, 195);
INSERT INTO performance VALUES (3, 93, 50, 5, 215);
INSERT INTO performance VALUES (3, 128, 50, 5, 175);
INSERT INTO performance VALUES (3, 163, 50, 5, 195);
INSERT INTO performance VALUES (3, 198, 50, 5, 185);
INSERT INTO performance VALUES (3, 268, 50, 5, 245);
INSERT INTO performance VALUES (3, 303, 50, 5, 165);
INSERT INTO performance VALUES (3, 338, 50, 5, 195);
INSERT INTO performance VALUES (3, 373, 50, 5, 165);
INSERT INTO performance VALUES (3, 408, 50, 5, 205);
INSERT INTO performance VALUES (3, 478, 50, 5, 165);
INSERT INTO consists_of VALUES (50, 13, 2, 5);
INSERT INTO performance VALUES (13, 58, 50, 5, 195);
INSERT INTO performance VALUES (13, 93, 50, 5, 185);
INSERT INTO performance VALUES (13, 128, 50, 5, 245);
INSERT INTO performance VALUES (13, 163, 50, 5, 165);
INSERT INTO performance VALUES (13, 198, 50, 5, 185);
INSERT INTO performance VALUES (13, 268, 50, 5, 205);
INSERT INTO performance VALUES (13, 303, 50, 5, 215);
INSERT INTO performance VALUES (13, 338, 50, 5, 235);
INSERT INTO performance VALUES (13, 373, 50, 5, 235);
INSERT INTO performance VALUES (13, 408, 50, 5, 235);
INSERT INTO performance VALUES (13, 478, 50, 5, 185);
INSERT INTO consists_of VALUES (50, 9, 3, 3);
INSERT INTO performance VALUES (9, 58, 50, 3, 175);
INSERT INTO performance VALUES (9, 93, 50, 3, 185);
INSERT INTO performance VALUES (9, 128, 50, 3, 265);
INSERT INTO performance VALUES (9, 163, 50, 3, 235);
INSERT INTO performance VALUES (9, 198, 50, 3, 175);
INSERT INTO performance VALUES (9, 268, 50, 3, 215);
INSERT INTO performance VALUES (9, 303, 50, 3, 215);
INSERT INTO performance VALUES (9, 338, 50, 3, 195);
INSERT INTO performance VALUES (9, 373, 50, 3, 235);
INSERT INTO performance VALUES (9, 408, 50, 3, 175);
INSERT INTO performance VALUES (9, 478, 50, 3, 235);
INSERT INTO consists_of VALUES (50, 1, 3, 7);
INSERT INTO performance VALUES (1, 58, 50, 7, 165);
INSERT INTO performance VALUES (1, 93, 50, 7, 215);
INSERT INTO performance VALUES (1, 128, 50, 7, 155);
INSERT INTO performance VALUES (1, 163, 50, 7, 145);
INSERT INTO performance VALUES (1, 198, 50, 7, 145);
INSERT INTO performance VALUES (1, 268, 50, 7, 165);
INSERT INTO performance VALUES (1, 303, 50, 7, 155);
INSERT INTO performance VALUES (1, 338, 50, 7, 235);
INSERT INTO performance VALUES (1, 373, 50, 7, 155);
INSERT INTO performance VALUES (1, 408, 50, 7, 155);
INSERT INTO performance VALUES (1, 478, 50, 7, 255);
INSERT INTO Workout VALUES (51, 13, '2012-03-18', 3);
INSERT INTO does VALUES (51, 23, '2012-03-18');
INSERT INTO does VALUES (51, 128, '2012-03-18');
INSERT INTO does VALUES (51, 163, '2012-03-18');
INSERT INTO does VALUES (51, 198, '2012-03-18');
INSERT INTO does VALUES (51, 233, '2012-03-18');
INSERT INTO does VALUES (51, 268, '2012-03-18');
INSERT INTO does VALUES (51, 303, '2012-03-18');
INSERT INTO does VALUES (51, 338, '2012-03-18');
INSERT INTO does VALUES (51, 373, '2012-03-18');
INSERT INTO does VALUES (51, 408, '2012-03-18');
INSERT INTO does VALUES (51, 443, '2012-03-18');
INSERT INTO does VALUES (51, 478, '2012-03-18');
INSERT INTO consists_of VALUES (51, 14, 2, 5);
INSERT INTO performance VALUES (14, 128, 51, 5, 255);
INSERT INTO performance VALUES (14, 163, 51, 5, 165);
INSERT INTO performance VALUES (14, 198, 51, 5, 235);
INSERT INTO performance VALUES (14, 268, 51, 5, 155);
INSERT INTO performance VALUES (14, 303, 51, 5, 185);
INSERT INTO performance VALUES (14, 338, 51, 5, 205);
INSERT INTO performance VALUES (14, 373, 51, 5, 175);
INSERT INTO performance VALUES (14, 408, 51, 5, 255);
INSERT INTO performance VALUES (14, 478, 51, 5, 205);
INSERT INTO consists_of VALUES (51, 12, 2, 3);
INSERT INTO performance VALUES (12, 128, 51, 3, 205);
INSERT INTO performance VALUES (12, 163, 51, 3, 165);
INSERT INTO performance VALUES (12, 198, 51, 3, 205);
INSERT INTO performance VALUES (12, 268, 51, 3, 195);
INSERT INTO performance VALUES (12, 303, 51, 3, 195);
INSERT INTO performance VALUES (12, 338, 51, 3, 265);
INSERT INTO performance VALUES (12, 373, 51, 3, 175);
INSERT INTO performance VALUES (12, 408, 51, 3, 265);
INSERT INTO performance VALUES (12, 478, 51, 3, 265);
INSERT INTO consists_of VALUES (51, 21, 2, 7);
INSERT INTO performance VALUES (21, 128, 51, 7, 235);
INSERT INTO performance VALUES (21, 163, 51, 7, 215);
INSERT INTO performance VALUES (21, 198, 51, 7, 195);
INSERT INTO performance VALUES (21, 268, 51, 7, 225);
INSERT INTO performance VALUES (21, 303, 51, 7, 155);
INSERT INTO performance VALUES (21, 338, 51, 7, 165);
INSERT INTO performance VALUES (21, 373, 51, 7, 225);
INSERT INTO performance VALUES (21, 408, 51, 7, 235);
INSERT INTO performance VALUES (21, 478, 51, 7, 205);
INSERT INTO consists_of VALUES (51, 20, 2, 4);
INSERT INTO performance VALUES (20, 128, 51, 4, 190);
INSERT INTO performance VALUES (20, 163, 51, 4, 190);
INSERT INTO performance VALUES (20, 198, 51, 4, 260);
INSERT INTO performance VALUES (20, 268, 51, 4, 180);
INSERT INTO performance VALUES (20, 303, 51, 4, 210);
INSERT INTO performance VALUES (20, 338, 51, 4, 200);
INSERT INTO performance VALUES (20, 373, 51, 4, 240);
INSERT INTO performance VALUES (20, 408, 51, 4, 210);
INSERT INTO performance VALUES (20, 478, 51, 4, 270);
INSERT INTO consists_of VALUES (51, 8, 4, 8);
INSERT INTO performance VALUES (8, 128, 51, 8, 180);
INSERT INTO performance VALUES (8, 163, 51, 8, 140);
INSERT INTO performance VALUES (8, 198, 51, 8, 210);
INSERT INTO performance VALUES (8, 268, 51, 8, 180);
INSERT INTO performance VALUES (8, 303, 51, 8, 210);
INSERT INTO performance VALUES (8, 338, 51, 8, 150);
INSERT INTO performance VALUES (8, 373, 51, 8, 150);
INSERT INTO performance VALUES (8, 408, 51, 8, 250);
INSERT INTO performance VALUES (8, 478, 51, 8, 170);
INSERT INTO Workout VALUES (52, 13, '2012-03-25', 3);
INSERT INTO does VALUES (52, 23, '2012-03-25');
INSERT INTO does VALUES (52, 58, '2012-03-25');
INSERT INTO does VALUES (52, 93, '2012-03-25');
INSERT INTO does VALUES (52, 128, '2012-03-25');
INSERT INTO does VALUES (52, 163, '2012-03-25');
INSERT INTO does VALUES (52, 198, '2012-03-25');
INSERT INTO does VALUES (52, 233, '2012-03-25');
INSERT INTO does VALUES (52, 303, '2012-03-25');
INSERT INTO does VALUES (52, 338, '2012-03-25');
INSERT INTO does VALUES (52, 373, '2012-03-25');
INSERT INTO does VALUES (52, 408, '2012-03-25');
INSERT INTO does VALUES (52, 443, '2012-03-25');
INSERT INTO consists_of VALUES (52, 5, 2, 9);
INSERT INTO performance VALUES (5, 128, 52, 9, 185);
INSERT INTO performance VALUES (5, 163, 52, 9, 135);
INSERT INTO performance VALUES (5, 198, 52, 9, 155);
INSERT INTO performance VALUES (5, 303, 52, 9, 205);
INSERT INTO performance VALUES (5, 338, 52, 9, 145);
INSERT INTO performance VALUES (5, 373, 52, 9, 215);
INSERT INTO performance VALUES (5, 408, 52, 9, 215);
INSERT INTO consists_of VALUES (52, 19, 3, 9);
INSERT INTO performance VALUES (19, 128, 52, 9, 165);
INSERT INTO performance VALUES (19, 163, 52, 9, 155);
INSERT INTO performance VALUES (19, 198, 52, 9, 145);
INSERT INTO performance VALUES (19, 303, 52, 9, 185);
INSERT INTO performance VALUES (19, 338, 52, 9, 135);
INSERT INTO performance VALUES (19, 373, 52, 9, 205);
INSERT INTO performance VALUES (19, 408, 52, 9, 155);
INSERT INTO consists_of VALUES (52, 21, 3, 6);
INSERT INTO performance VALUES (21, 128, 52, 6, 190);
INSERT INTO performance VALUES (21, 163, 52, 6, 230);
INSERT INTO performance VALUES (21, 198, 52, 6, 250);
INSERT INTO performance VALUES (21, 303, 52, 6, 200);
INSERT INTO performance VALUES (21, 338, 52, 6, 180);
INSERT INTO performance VALUES (21, 373, 52, 6, 200);
INSERT INTO performance VALUES (21, 408, 52, 6, 260);
INSERT INTO consists_of VALUES (52, 6, 4, 6);
INSERT INTO performance VALUES (6, 128, 52, 6, 190);
INSERT INTO performance VALUES (6, 163, 52, 6, 220);
INSERT INTO performance VALUES (6, 198, 52, 6, 250);
INSERT INTO performance VALUES (6, 303, 52, 6, 190);
INSERT INTO performance VALUES (6, 338, 52, 6, 170);
INSERT INTO performance VALUES (6, 373, 52, 6, 230);
INSERT INTO performance VALUES (6, 408, 52, 6, 250);
INSERT INTO consists_of VALUES (52, 14, 2, 4);
INSERT INTO performance VALUES (14, 128, 52, 4, 270);
INSERT INTO performance VALUES (14, 163, 52, 4, 200);
INSERT INTO performance VALUES (14, 198, 52, 4, 170);
INSERT INTO performance VALUES (14, 303, 52, 4, 230);
INSERT INTO performance VALUES (14, 338, 52, 4, 200);
INSERT INTO performance VALUES (14, 373, 52, 4, 170);
INSERT INTO performance VALUES (14, 408, 52, 4, 270);
INSERT INTO Workout VALUES (53, 14, '2012-04-04', 4);
INSERT INTO does VALUES (53, 24, '2012-04-04');
INSERT INTO does VALUES (53, 59, '2012-04-04');
INSERT INTO does VALUES (53, 94, '2012-04-04');
INSERT INTO does VALUES (53, 129, '2012-04-04');
INSERT INTO does VALUES (53, 164, '2012-04-04');
INSERT INTO does VALUES (53, 199, '2012-04-04');
INSERT INTO does VALUES (53, 234, '2012-04-04');
INSERT INTO does VALUES (53, 269, '2012-04-04');
INSERT INTO does VALUES (53, 304, '2012-04-04');
INSERT INTO does VALUES (53, 339, '2012-04-04');
INSERT INTO does VALUES (53, 374, '2012-04-04');
INSERT INTO does VALUES (53, 444, '2012-04-04');
INSERT INTO does VALUES (53, 479, '2012-04-04');
INSERT INTO consists_of VALUES (53, 18, 2, 10);
INSERT INTO performance VALUES (18, 24, 53, 10, 140);
INSERT INTO performance VALUES (18, 59, 53, 10, 220);
INSERT INTO performance VALUES (18, 94, 53, 10, 190);
INSERT INTO performance VALUES (18, 129, 53, 10, 210);
INSERT INTO performance VALUES (18, 164, 53, 10, 140);
INSERT INTO performance VALUES (18, 199, 53, 10, 140);
INSERT INTO performance VALUES (18, 234, 53, 10, 190);
INSERT INTO performance VALUES (18, 269, 53, 10, 180);
INSERT INTO performance VALUES (18, 304, 53, 10, 210);
INSERT INTO performance VALUES (18, 339, 53, 10, 190);
INSERT INTO performance VALUES (18, 374, 53, 10, 130);
INSERT INTO performance VALUES (18, 444, 53, 10, 150);
INSERT INTO performance VALUES (18, 479, 53, 10, 210);
INSERT INTO consists_of VALUES (53, 14, 4, 6);
INSERT INTO performance VALUES (14, 24, 53, 6, 210);
INSERT INTO performance VALUES (14, 59, 53, 6, 190);
INSERT INTO performance VALUES (14, 94, 53, 6, 160);
INSERT INTO performance VALUES (14, 129, 53, 6, 160);
INSERT INTO performance VALUES (14, 164, 53, 6, 160);
INSERT INTO performance VALUES (14, 199, 53, 6, 230);
INSERT INTO performance VALUES (14, 234, 53, 6, 210);
INSERT INTO performance VALUES (14, 269, 53, 6, 250);
INSERT INTO performance VALUES (14, 304, 53, 6, 200);
INSERT INTO performance VALUES (14, 339, 53, 6, 240);
INSERT INTO performance VALUES (14, 374, 53, 6, 180);
INSERT INTO performance VALUES (14, 444, 53, 6, 220);
INSERT INTO performance VALUES (14, 479, 53, 6, 160);
INSERT INTO consists_of VALUES (53, 10, 4, 5);
INSERT INTO performance VALUES (10, 24, 53, 5, 225);
INSERT INTO performance VALUES (10, 59, 53, 5, 185);
INSERT INTO performance VALUES (10, 94, 53, 5, 175);
INSERT INTO performance VALUES (10, 129, 53, 5, 195);
INSERT INTO performance VALUES (10, 164, 53, 5, 235);
INSERT INTO performance VALUES (10, 199, 53, 5, 205);
INSERT INTO performance VALUES (10, 234, 53, 5, 215);
INSERT INTO performance VALUES (10, 269, 53, 5, 215);
INSERT INTO performance VALUES (10, 304, 53, 5, 155);
INSERT INTO performance VALUES (10, 339, 53, 5, 245);
INSERT INTO performance VALUES (10, 374, 53, 5, 185);
INSERT INTO performance VALUES (10, 444, 53, 5, 175);
INSERT INTO performance VALUES (10, 479, 53, 5, 235);
INSERT INTO consists_of VALUES (53, 9, 2, 6);
INSERT INTO performance VALUES (9, 24, 53, 6, 170);
INSERT INTO performance VALUES (9, 59, 53, 6, 190);
INSERT INTO performance VALUES (9, 94, 53, 6, 210);
INSERT INTO performance VALUES (9, 129, 53, 6, 190);
INSERT INTO performance VALUES (9, 164, 53, 6, 230);
INSERT INTO performance VALUES (9, 199, 53, 6, 160);
INSERT INTO performance VALUES (9, 234, 53, 6, 230);
INSERT INTO performance VALUES (9, 269, 53, 6, 180);
INSERT INTO performance VALUES (9, 304, 53, 6, 240);
INSERT INTO performance VALUES (9, 339, 53, 6, 190);
INSERT INTO performance VALUES (9, 374, 53, 6, 180);
INSERT INTO performance VALUES (9, 444, 53, 6, 160);
INSERT INTO performance VALUES (9, 479, 53, 6, 220);
INSERT INTO consists_of VALUES (53, 12, 4, 10);
INSERT INTO performance VALUES (12, 24, 53, 10, 200);
INSERT INTO performance VALUES (12, 59, 53, 10, 220);
INSERT INTO performance VALUES (12, 94, 53, 10, 190);
INSERT INTO performance VALUES (12, 129, 53, 10, 150);
INSERT INTO performance VALUES (12, 164, 53, 10, 220);
INSERT INTO performance VALUES (12, 199, 53, 10, 200);
INSERT INTO performance VALUES (12, 234, 53, 10, 190);
INSERT INTO performance VALUES (12, 269, 53, 10, 200);
INSERT INTO performance VALUES (12, 304, 53, 10, 150);
INSERT INTO performance VALUES (12, 339, 53, 10, 160);
INSERT INTO performance VALUES (12, 374, 53, 10, 190);
INSERT INTO performance VALUES (12, 444, 53, 10, 210);
INSERT INTO performance VALUES (12, 479, 53, 10, 140);
INSERT INTO Workout VALUES (54, 14, '2012-04-11', 4);
INSERT INTO does VALUES (54, 24, '2012-04-11');
INSERT INTO does VALUES (54, 59, '2012-04-11');
INSERT INTO does VALUES (54, 164, '2012-04-11');
INSERT INTO does VALUES (54, 199, '2012-04-11');
INSERT INTO does VALUES (54, 234, '2012-04-11');
INSERT INTO does VALUES (54, 269, '2012-04-11');
INSERT INTO does VALUES (54, 304, '2012-04-11');
INSERT INTO does VALUES (54, 339, '2012-04-11');
INSERT INTO does VALUES (54, 374, '2012-04-11');
INSERT INTO does VALUES (54, 409, '2012-04-11');
INSERT INTO does VALUES (54, 444, '2012-04-11');
INSERT INTO does VALUES (54, 479, '2012-04-11');
INSERT INTO consists_of VALUES (54, 1, 3, 3);
INSERT INTO performance VALUES (1, 24, 54, 3, 235);
INSERT INTO performance VALUES (1, 59, 54, 3, 185);
INSERT INTO performance VALUES (1, 164, 54, 3, 195);
INSERT INTO performance VALUES (1, 199, 54, 3, 215);
INSERT INTO performance VALUES (1, 234, 54, 3, 225);
INSERT INTO performance VALUES (1, 269, 54, 3, 235);
INSERT INTO performance VALUES (1, 304, 54, 3, 215);
INSERT INTO performance VALUES (1, 339, 54, 3, 255);
INSERT INTO performance VALUES (1, 374, 54, 3, 245);
INSERT INTO performance VALUES (1, 444, 54, 3, 185);
INSERT INTO performance VALUES (1, 479, 54, 3, 255);
INSERT INTO consists_of VALUES (54, 20, 3, 8);
INSERT INTO performance VALUES (20, 24, 54, 8, 150);
INSERT INTO performance VALUES (20, 59, 54, 8, 210);
INSERT INTO performance VALUES (20, 164, 54, 8, 210);
INSERT INTO performance VALUES (20, 199, 54, 8, 230);
INSERT INTO performance VALUES (20, 234, 54, 8, 160);
INSERT INTO performance VALUES (20, 269, 54, 8, 240);
INSERT INTO performance VALUES (20, 304, 54, 8, 190);
INSERT INTO performance VALUES (20, 339, 54, 8, 140);
INSERT INTO performance VALUES (20, 374, 54, 8, 170);
INSERT INTO performance VALUES (20, 444, 54, 8, 200);
INSERT INTO performance VALUES (20, 479, 54, 8, 140);
INSERT INTO consists_of VALUES (54, 6, 4, 7);
INSERT INTO performance VALUES (6, 24, 54, 7, 165);
INSERT INTO performance VALUES (6, 59, 54, 7, 185);
INSERT INTO performance VALUES (6, 164, 54, 7, 145);
INSERT INTO performance VALUES (6, 199, 54, 7, 195);
INSERT INTO performance VALUES (6, 234, 54, 7, 145);
INSERT INTO performance VALUES (6, 269, 54, 7, 245);
INSERT INTO performance VALUES (6, 304, 54, 7, 165);
INSERT INTO performance VALUES (6, 339, 54, 7, 235);
INSERT INTO performance VALUES (6, 374, 54, 7, 145);
INSERT INTO performance VALUES (6, 444, 54, 7, 145);
INSERT INTO performance VALUES (6, 479, 54, 7, 195);
INSERT INTO consists_of VALUES (54, 2, 2, 6);
INSERT INTO performance VALUES (2, 24, 54, 6, 220);
INSERT INTO performance VALUES (2, 59, 54, 6, 190);
INSERT INTO performance VALUES (2, 164, 54, 6, 150);
INSERT INTO performance VALUES (2, 199, 54, 6, 200);
INSERT INTO performance VALUES (2, 234, 54, 6, 240);
INSERT INTO performance VALUES (2, 269, 54, 6, 200);
INSERT INTO performance VALUES (2, 304, 54, 6, 210);
INSERT INTO performance VALUES (2, 339, 54, 6, 190);
INSERT INTO performance VALUES (2, 374, 54, 6, 170);
INSERT INTO performance VALUES (2, 444, 54, 6, 200);
INSERT INTO performance VALUES (2, 479, 54, 6, 260);
INSERT INTO consists_of VALUES (54, 12, 2, 9);
INSERT INTO performance VALUES (12, 24, 54, 9, 185);
INSERT INTO performance VALUES (12, 59, 54, 9, 215);
INSERT INTO performance VALUES (12, 164, 54, 9, 205);
INSERT INTO performance VALUES (12, 199, 54, 9, 215);
INSERT INTO performance VALUES (12, 234, 54, 9, 215);
INSERT INTO performance VALUES (12, 269, 54, 9, 165);
INSERT INTO performance VALUES (12, 304, 54, 9, 135);
INSERT INTO performance VALUES (12, 339, 54, 9, 175);
INSERT INTO performance VALUES (12, 374, 54, 9, 135);
INSERT INTO performance VALUES (12, 444, 54, 9, 205);
INSERT INTO performance VALUES (12, 479, 54, 9, 155);
INSERT INTO Workout VALUES (55, 14, '2012-04-18', 4);
INSERT INTO does VALUES (55, 24, '2012-04-18');
INSERT INTO does VALUES (55, 59, '2012-04-18');
INSERT INTO does VALUES (55, 129, '2012-04-18');
INSERT INTO does VALUES (55, 164, '2012-04-18');
INSERT INTO does VALUES (55, 269, '2012-04-18');
INSERT INTO does VALUES (55, 304, '2012-04-18');
INSERT INTO does VALUES (55, 339, '2012-04-18');
INSERT INTO does VALUES (55, 374, '2012-04-18');
INSERT INTO does VALUES (55, 409, '2012-04-18');
INSERT INTO does VALUES (55, 444, '2012-04-18');
INSERT INTO does VALUES (55, 479, '2012-04-18');
INSERT INTO consists_of VALUES (55, 8, 4, 6);
INSERT INTO performance VALUES (8, 24, 55, 6, 180);
INSERT INTO performance VALUES (8, 59, 55, 6, 230);
INSERT INTO performance VALUES (8, 164, 55, 6, 180);
INSERT INTO performance VALUES (8, 269, 55, 6, 160);
INSERT INTO performance VALUES (8, 304, 55, 6, 170);
INSERT INTO performance VALUES (8, 339, 55, 6, 240);
INSERT INTO performance VALUES (8, 374, 55, 6, 210);
INSERT INTO performance VALUES (8, 444, 55, 6, 220);
INSERT INTO performance VALUES (8, 479, 55, 6, 220);
INSERT INTO consists_of VALUES (55, 15, 2, 5);
INSERT INTO performance VALUES (15, 24, 55, 5, 175);
INSERT INTO performance VALUES (15, 59, 55, 5, 265);
INSERT INTO performance VALUES (15, 164, 55, 5, 225);
INSERT INTO performance VALUES (15, 269, 55, 5, 245);
INSERT INTO performance VALUES (15, 304, 55, 5, 195);
INSERT INTO performance VALUES (15, 339, 55, 5, 245);
INSERT INTO performance VALUES (15, 374, 55, 5, 195);
INSERT INTO performance VALUES (15, 444, 55, 5, 155);
INSERT INTO performance VALUES (15, 479, 55, 5, 225);
INSERT INTO consists_of VALUES (55, 16, 4, 9);
INSERT INTO performance VALUES (16, 24, 55, 9, 175);
INSERT INTO performance VALUES (16, 59, 55, 9, 205);
INSERT INTO performance VALUES (16, 164, 55, 9, 155);
INSERT INTO performance VALUES (16, 269, 55, 9, 195);
INSERT INTO performance VALUES (16, 304, 55, 9, 135);
INSERT INTO performance VALUES (16, 339, 55, 9, 145);
INSERT INTO performance VALUES (16, 374, 55, 9, 215);
INSERT INTO performance VALUES (16, 444, 55, 9, 225);
INSERT INTO performance VALUES (16, 479, 55, 9, 235);
INSERT INTO consists_of VALUES (55, 6, 3, 9);
INSERT INTO performance VALUES (6, 24, 55, 9, 205);
INSERT INTO performance VALUES (6, 59, 55, 9, 155);
INSERT INTO performance VALUES (6, 164, 55, 9, 165);
INSERT INTO performance VALUES (6, 269, 55, 9, 245);
INSERT INTO performance VALUES (6, 304, 55, 9, 155);
INSERT INTO performance VALUES (6, 339, 55, 9, 175);
INSERT INTO performance VALUES (6, 374, 55, 9, 195);
INSERT INTO performance VALUES (6, 444, 55, 9, 205);
INSERT INTO performance VALUES (6, 479, 55, 9, 245);
INSERT INTO consists_of VALUES (55, 12, 2, 10);
INSERT INTO performance VALUES (12, 24, 55, 10, 170);
INSERT INTO performance VALUES (12, 59, 55, 10, 140);
INSERT INTO performance VALUES (12, 164, 55, 10, 160);
INSERT INTO performance VALUES (12, 269, 55, 10, 190);
INSERT INTO performance VALUES (12, 304, 55, 10, 170);
INSERT INTO performance VALUES (12, 339, 55, 10, 210);
INSERT INTO performance VALUES (12, 374, 55, 10, 190);
INSERT INTO performance VALUES (12, 444, 55, 10, 180);
INSERT INTO performance VALUES (12, 479, 55, 10, 140);
INSERT INTO Workout VALUES (56, 14, '2012-04-25', 4);
INSERT INTO does VALUES (56, 24, '2012-04-25');
INSERT INTO does VALUES (56, 59, '2012-04-25');
INSERT INTO does VALUES (56, 94, '2012-04-25');
INSERT INTO does VALUES (56, 129, '2012-04-25');
INSERT INTO does VALUES (56, 164, '2012-04-25');
INSERT INTO does VALUES (56, 199, '2012-04-25');
INSERT INTO does VALUES (56, 234, '2012-04-25');
INSERT INTO does VALUES (56, 304, '2012-04-25');
INSERT INTO does VALUES (56, 374, '2012-04-25');
INSERT INTO does VALUES (56, 409, '2012-04-25');
INSERT INTO does VALUES (56, 444, '2012-04-25');
INSERT INTO does VALUES (56, 479, '2012-04-25');
INSERT INTO consists_of VALUES (56, 7, 2, 7);
INSERT INTO performance VALUES (7, 24, 56, 7, 225);
INSERT INTO performance VALUES (7, 59, 56, 7, 175);
INSERT INTO performance VALUES (7, 164, 56, 7, 185);
INSERT INTO performance VALUES (7, 304, 56, 7, 185);
INSERT INTO performance VALUES (7, 374, 56, 7, 195);
INSERT INTO performance VALUES (7, 444, 56, 7, 165);
INSERT INTO performance VALUES (7, 479, 56, 7, 185);
INSERT INTO consists_of VALUES (56, 15, 3, 9);
INSERT INTO performance VALUES (15, 24, 56, 9, 195);
INSERT INTO performance VALUES (15, 59, 56, 9, 145);
INSERT INTO performance VALUES (15, 164, 56, 9, 225);
INSERT INTO performance VALUES (15, 304, 56, 9, 195);
INSERT INTO performance VALUES (15, 374, 56, 9, 185);
INSERT INTO performance VALUES (15, 444, 56, 9, 225);
INSERT INTO performance VALUES (15, 479, 56, 9, 205);
INSERT INTO consists_of VALUES (56, 6, 2, 3);
INSERT INTO performance VALUES (6, 24, 56, 3, 185);
INSERT INTO performance VALUES (6, 59, 56, 3, 235);
INSERT INTO performance VALUES (6, 164, 56, 3, 165);
INSERT INTO performance VALUES (6, 304, 56, 3, 175);
INSERT INTO performance VALUES (6, 374, 56, 3, 255);
INSERT INTO performance VALUES (6, 444, 56, 3, 165);
INSERT INTO performance VALUES (6, 479, 56, 3, 205);
INSERT INTO consists_of VALUES (56, 4, 4, 8);
INSERT INTO performance VALUES (4, 24, 56, 8, 200);
INSERT INTO performance VALUES (4, 59, 56, 8, 190);
INSERT INTO performance VALUES (4, 164, 56, 8, 150);
INSERT INTO performance VALUES (4, 304, 56, 8, 150);
INSERT INTO performance VALUES (4, 374, 56, 8, 180);
INSERT INTO performance VALUES (4, 444, 56, 8, 190);
INSERT INTO performance VALUES (4, 479, 56, 8, 140);
INSERT INTO consists_of VALUES (56, 10, 4, 9);
INSERT INTO performance VALUES (10, 24, 56, 9, 165);
INSERT INTO performance VALUES (10, 59, 56, 9, 195);
INSERT INTO performance VALUES (10, 164, 56, 9, 175);
INSERT INTO performance VALUES (10, 304, 56, 9, 175);
INSERT INTO performance VALUES (10, 374, 56, 9, 185);
INSERT INTO performance VALUES (10, 444, 56, 9, 165);
INSERT INTO performance VALUES (10, 479, 56, 9, 165);
INSERT INTO Workout VALUES (57, 15, '2012-05-04', 5);
INSERT INTO does VALUES (57, 25, '2012-05-04');
INSERT INTO does VALUES (57, 60, '2012-05-04');
INSERT INTO does VALUES (57, 95, '2012-05-04');
INSERT INTO does VALUES (57, 130, '2012-05-04');
INSERT INTO does VALUES (57, 200, '2012-05-04');
INSERT INTO does VALUES (57, 270, '2012-05-04');
INSERT INTO does VALUES (57, 305, '2012-05-04');
INSERT INTO does VALUES (57, 340, '2012-05-04');
INSERT INTO does VALUES (57, 375, '2012-05-04');
INSERT INTO does VALUES (57, 410, '2012-05-04');
INSERT INTO does VALUES (57, 445, '2012-05-04');
INSERT INTO does VALUES (57, 480, '2012-05-04');
INSERT INTO consists_of VALUES (57, 10, 3, 7);
INSERT INTO performance VALUES (10, 25, 57, 7, 225);
INSERT INTO performance VALUES (10, 60, 57, 7, 175);
INSERT INTO performance VALUES (10, 95, 57, 7, 235);
INSERT INTO performance VALUES (10, 130, 57, 7, 235);
INSERT INTO performance VALUES (10, 200, 57, 7, 225);
INSERT INTO performance VALUES (10, 270, 57, 7, 235);
INSERT INTO performance VALUES (10, 305, 57, 7, 165);
INSERT INTO performance VALUES (10, 340, 57, 7, 155);
INSERT INTO performance VALUES (10, 375, 57, 7, 195);
INSERT INTO performance VALUES (10, 410, 57, 7, 145);
INSERT INTO performance VALUES (10, 445, 57, 7, 195);
INSERT INTO performance VALUES (10, 480, 57, 7, 225);
INSERT INTO consists_of VALUES (57, 9, 4, 9);
INSERT INTO performance VALUES (9, 25, 57, 9, 195);
INSERT INTO performance VALUES (9, 60, 57, 9, 225);
INSERT INTO performance VALUES (9, 95, 57, 9, 195);
INSERT INTO performance VALUES (9, 130, 57, 9, 195);
INSERT INTO performance VALUES (9, 200, 57, 9, 185);
INSERT INTO performance VALUES (9, 270, 57, 9, 155);
INSERT INTO performance VALUES (9, 305, 57, 9, 135);
INSERT INTO performance VALUES (9, 340, 57, 9, 185);
INSERT INTO performance VALUES (9, 375, 57, 9, 145);
INSERT INTO performance VALUES (9, 410, 57, 9, 155);
INSERT INTO performance VALUES (9, 445, 57, 9, 145);
INSERT INTO performance VALUES (9, 480, 57, 9, 235);
INSERT INTO consists_of VALUES (57, 17, 4, 5);
INSERT INTO performance VALUES (17, 25, 57, 5, 155);
INSERT INTO performance VALUES (17, 60, 57, 5, 205);
INSERT INTO performance VALUES (17, 95, 57, 5, 235);
INSERT INTO performance VALUES (17, 130, 57, 5, 155);
INSERT INTO performance VALUES (17, 200, 57, 5, 195);
INSERT INTO performance VALUES (17, 270, 57, 5, 245);
INSERT INTO performance VALUES (17, 305, 57, 5, 245);
INSERT INTO performance VALUES (17, 340, 57, 5, 215);
INSERT INTO performance VALUES (17, 375, 57, 5, 225);
INSERT INTO performance VALUES (17, 410, 57, 5, 175);
INSERT INTO performance VALUES (17, 445, 57, 5, 155);
INSERT INTO performance VALUES (17, 480, 57, 5, 195);
INSERT INTO consists_of VALUES (57, 21, 2, 8);
INSERT INTO performance VALUES (21, 25, 57, 8, 190);
INSERT INTO performance VALUES (21, 60, 57, 8, 210);
INSERT INTO performance VALUES (21, 95, 57, 8, 170);
INSERT INTO performance VALUES (21, 130, 57, 8, 150);
INSERT INTO performance VALUES (21, 200, 57, 8, 160);
INSERT INTO performance VALUES (21, 270, 57, 8, 190);
INSERT INTO performance VALUES (21, 305, 57, 8, 220);
INSERT INTO performance VALUES (21, 340, 57, 8, 190);
INSERT INTO performance VALUES (21, 375, 57, 8, 140);
INSERT INTO performance VALUES (21, 410, 57, 8, 220);
INSERT INTO performance VALUES (21, 445, 57, 8, 140);
INSERT INTO performance VALUES (21, 480, 57, 8, 220);
INSERT INTO consists_of VALUES (57, 2, 4, 9);
INSERT INTO performance VALUES (2, 25, 57, 9, 165);
INSERT INTO performance VALUES (2, 60, 57, 9, 185);
INSERT INTO performance VALUES (2, 95, 57, 9, 185);
INSERT INTO performance VALUES (2, 130, 57, 9, 215);
INSERT INTO performance VALUES (2, 200, 57, 9, 175);
INSERT INTO performance VALUES (2, 270, 57, 9, 135);
INSERT INTO performance VALUES (2, 305, 57, 9, 145);
INSERT INTO performance VALUES (2, 340, 57, 9, 225);
INSERT INTO performance VALUES (2, 375, 57, 9, 135);
INSERT INTO performance VALUES (2, 410, 57, 9, 195);
INSERT INTO performance VALUES (2, 445, 57, 9, 155);
INSERT INTO performance VALUES (2, 480, 57, 9, 185);
INSERT INTO Workout VALUES (58, 15, '2012-05-11', 5);
INSERT INTO does VALUES (58, 25, '2012-05-11');
INSERT INTO does VALUES (58, 60, '2012-05-11');
INSERT INTO does VALUES (58, 95, '2012-05-11');
INSERT INTO does VALUES (58, 130, '2012-05-11');
INSERT INTO does VALUES (58, 165, '2012-05-11');
INSERT INTO does VALUES (58, 200, '2012-05-11');
INSERT INTO does VALUES (58, 235, '2012-05-11');
INSERT INTO does VALUES (58, 270, '2012-05-11');
INSERT INTO does VALUES (58, 340, '2012-05-11');
INSERT INTO does VALUES (58, 375, '2012-05-11');
INSERT INTO does VALUES (58, 410, '2012-05-11');
INSERT INTO does VALUES (58, 445, '2012-05-11');
INSERT INTO does VALUES (58, 480, '2012-05-11');
INSERT INTO consists_of VALUES (58, 8, 2, 3);
INSERT INTO performance VALUES (8, 25, 58, 3, 195);
INSERT INTO performance VALUES (8, 60, 58, 3, 175);
INSERT INTO performance VALUES (8, 95, 58, 3, 175);
INSERT INTO performance VALUES (8, 130, 58, 3, 265);
INSERT INTO performance VALUES (8, 200, 58, 3, 205);
INSERT INTO performance VALUES (8, 270, 58, 3, 215);
INSERT INTO performance VALUES (8, 340, 58, 3, 275);
INSERT INTO performance VALUES (8, 375, 58, 3, 165);
INSERT INTO performance VALUES (8, 410, 58, 3, 195);
INSERT INTO performance VALUES (8, 445, 58, 3, 245);
INSERT INTO performance VALUES (8, 480, 58, 3, 165);
INSERT INTO consists_of VALUES (58, 15, 2, 4);
INSERT INTO performance VALUES (15, 25, 58, 4, 210);
INSERT INTO performance VALUES (15, 60, 58, 4, 160);
INSERT INTO performance VALUES (15, 95, 58, 4, 180);
INSERT INTO performance VALUES (15, 130, 58, 4, 180);
INSERT INTO performance VALUES (15, 200, 58, 4, 160);
INSERT INTO performance VALUES (15, 270, 58, 4, 200);
INSERT INTO performance VALUES (15, 340, 58, 4, 250);
INSERT INTO performance VALUES (15, 375, 58, 4, 160);
INSERT INTO performance VALUES (15, 410, 58, 4, 230);
INSERT INTO performance VALUES (15, 445, 58, 4, 240);
INSERT INTO performance VALUES (15, 480, 58, 4, 210);
INSERT INTO consists_of VALUES (58, 1, 4, 6);
INSERT INTO performance VALUES (1, 25, 58, 6, 200);
INSERT INTO performance VALUES (1, 60, 58, 6, 210);
INSERT INTO performance VALUES (1, 95, 58, 6, 230);
INSERT INTO performance VALUES (1, 130, 58, 6, 180);
INSERT INTO performance VALUES (1, 200, 58, 6, 230);
INSERT INTO performance VALUES (1, 270, 58, 6, 220);
INSERT INTO performance VALUES (1, 340, 58, 6, 230);
INSERT INTO performance VALUES (1, 375, 58, 6, 210);
INSERT INTO performance VALUES (1, 410, 58, 6, 210);
INSERT INTO performance VALUES (1, 445, 58, 6, 170);
INSERT INTO performance VALUES (1, 480, 58, 6, 200);
INSERT INTO consists_of VALUES (58, 2, 4, 8);
INSERT INTO performance VALUES (2, 25, 58, 8, 160);
INSERT INTO performance VALUES (2, 60, 58, 8, 140);
INSERT INTO performance VALUES (2, 95, 58, 8, 160);
INSERT INTO performance VALUES (2, 130, 58, 8, 140);
INSERT INTO performance VALUES (2, 200, 58, 8, 200);
INSERT INTO performance VALUES (2, 270, 58, 8, 210);
INSERT INTO performance VALUES (2, 340, 58, 8, 210);
INSERT INTO performance VALUES (2, 375, 58, 8, 180);
INSERT INTO performance VALUES (2, 410, 58, 8, 150);
INSERT INTO performance VALUES (2, 445, 58, 8, 170);
INSERT INTO performance VALUES (2, 480, 58, 8, 190);
INSERT INTO consists_of VALUES (58, 3, 2, 8);
INSERT INTO performance VALUES (3, 25, 58, 8, 210);
INSERT INTO performance VALUES (3, 60, 58, 8, 180);
INSERT INTO performance VALUES (3, 95, 58, 8, 200);
INSERT INTO performance VALUES (3, 130, 58, 8, 150);
INSERT INTO performance VALUES (3, 200, 58, 8, 150);
INSERT INTO performance VALUES (3, 270, 58, 8, 140);
INSERT INTO performance VALUES (3, 340, 58, 8, 150);
INSERT INTO performance VALUES (3, 375, 58, 8, 210);
INSERT INTO performance VALUES (3, 410, 58, 8, 200);
INSERT INTO performance VALUES (3, 445, 58, 8, 180);
INSERT INTO performance VALUES (3, 480, 58, 8, 170);
INSERT INTO Workout VALUES (59, 15, '2012-05-18', 5);
INSERT INTO does VALUES (59, 25, '2012-05-18');
INSERT INTO does VALUES (59, 60, '2012-05-18');
INSERT INTO does VALUES (59, 95, '2012-05-18');
INSERT INTO does VALUES (59, 130, '2012-05-18');
INSERT INTO does VALUES (59, 200, '2012-05-18');
INSERT INTO does VALUES (59, 235, '2012-05-18');
INSERT INTO does VALUES (59, 270, '2012-05-18');
INSERT INTO does VALUES (59, 305, '2012-05-18');
INSERT INTO does VALUES (59, 340, '2012-05-18');
INSERT INTO does VALUES (59, 375, '2012-05-18');
INSERT INTO does VALUES (59, 410, '2012-05-18');
INSERT INTO does VALUES (59, 445, '2012-05-18');
INSERT INTO does VALUES (59, 480, '2012-05-18');
INSERT INTO consists_of VALUES (59, 2, 4, 9);
INSERT INTO performance VALUES (2, 25, 59, 9, 225);
INSERT INTO performance VALUES (2, 60, 59, 9, 225);
INSERT INTO performance VALUES (2, 95, 59, 9, 175);
INSERT INTO performance VALUES (2, 130, 59, 9, 205);
INSERT INTO performance VALUES (2, 200, 59, 9, 155);
INSERT INTO performance VALUES (2, 270, 59, 9, 145);
INSERT INTO performance VALUES (2, 340, 59, 9, 205);
INSERT INTO performance VALUES (2, 375, 59, 9, 195);
INSERT INTO performance VALUES (2, 410, 59, 9, 195);
INSERT INTO performance VALUES (2, 445, 59, 9, 165);
INSERT INTO performance VALUES (2, 480, 59, 9, 215);
INSERT INTO consists_of VALUES (59, 1, 2, 10);
INSERT INTO performance VALUES (1, 25, 59, 10, 200);
INSERT INTO performance VALUES (1, 60, 59, 10, 200);
INSERT INTO performance VALUES (1, 95, 59, 10, 150);
INSERT INTO performance VALUES (1, 130, 59, 10, 220);
INSERT INTO performance VALUES (1, 200, 59, 10, 160);
INSERT INTO performance VALUES (1, 270, 59, 10, 240);
INSERT INTO performance VALUES (1, 340, 59, 10, 210);
INSERT INTO performance VALUES (1, 375, 59, 10, 170);
INSERT INTO performance VALUES (1, 410, 59, 10, 160);
INSERT INTO performance VALUES (1, 445, 59, 10, 200);
INSERT INTO performance VALUES (1, 480, 59, 10, 140);
INSERT INTO consists_of VALUES (59, 13, 2, 10);
INSERT INTO performance VALUES (13, 25, 59, 10, 150);
INSERT INTO performance VALUES (13, 60, 59, 10, 170);
INSERT INTO performance VALUES (13, 95, 59, 10, 170);
INSERT INTO performance VALUES (13, 130, 59, 10, 230);
INSERT INTO performance VALUES (13, 200, 59, 10, 190);
INSERT INTO performance VALUES (13, 270, 59, 10, 200);
INSERT INTO performance VALUES (13, 340, 59, 10, 140);
INSERT INTO performance VALUES (13, 375, 59, 10, 220);
INSERT INTO performance VALUES (13, 410, 59, 10, 210);
INSERT INTO performance VALUES (13, 445, 59, 10, 220);
INSERT INTO performance VALUES (13, 480, 59, 10, 190);
INSERT INTO consists_of VALUES (59, 6, 3, 3);
INSERT INTO performance VALUES (6, 25, 59, 3, 205);
INSERT INTO performance VALUES (6, 60, 59, 3, 255);
INSERT INTO performance VALUES (6, 95, 59, 3, 235);
INSERT INTO performance VALUES (6, 130, 59, 3, 165);
INSERT INTO performance VALUES (6, 200, 59, 3, 235);
INSERT INTO performance VALUES (6, 270, 59, 3, 255);
INSERT INTO performance VALUES (6, 340, 59, 3, 265);
INSERT INTO performance VALUES (6, 375, 59, 3, 175);
INSERT INTO performance VALUES (6, 410, 59, 3, 195);
INSERT INTO performance VALUES (6, 445, 59, 3, 195);
INSERT INTO performance VALUES (6, 480, 59, 3, 195);
INSERT INTO consists_of VALUES (59, 21, 2, 4);
INSERT INTO performance VALUES (21, 25, 59, 4, 250);
INSERT INTO performance VALUES (21, 60, 59, 4, 220);
INSERT INTO performance VALUES (21, 95, 59, 4, 170);
INSERT INTO performance VALUES (21, 130, 59, 4, 270);
INSERT INTO performance VALUES (21, 200, 59, 4, 220);
INSERT INTO performance VALUES (21, 270, 59, 4, 160);
INSERT INTO performance VALUES (21, 340, 59, 4, 250);
INSERT INTO performance VALUES (21, 375, 59, 4, 220);
INSERT INTO performance VALUES (21, 410, 59, 4, 220);
INSERT INTO performance VALUES (21, 445, 59, 4, 250);
INSERT INTO performance VALUES (21, 480, 59, 4, 160);
INSERT INTO Workout VALUES (60, 15, '2012-05-25', 5);
INSERT INTO does VALUES (60, 25, '2012-05-25');
INSERT INTO does VALUES (60, 60, '2012-05-25');
INSERT INTO does VALUES (60, 95, '2012-05-25');
INSERT INTO does VALUES (60, 130, '2012-05-25');
INSERT INTO does VALUES (60, 165, '2012-05-25');
INSERT INTO does VALUES (60, 200, '2012-05-25');
INSERT INTO does VALUES (60, 235, '2012-05-25');
INSERT INTO does VALUES (60, 270, '2012-05-25');
INSERT INTO does VALUES (60, 305, '2012-05-25');
INSERT INTO does VALUES (60, 340, '2012-05-25');
INSERT INTO does VALUES (60, 375, '2012-05-25');
INSERT INTO does VALUES (60, 410, '2012-05-25');
INSERT INTO does VALUES (60, 445, '2012-05-25');
INSERT INTO consists_of VALUES (60, 20, 4, 6);
INSERT INTO performance VALUES (20, 25, 60, 6, 220);
INSERT INTO performance VALUES (20, 60, 60, 6, 200);
INSERT INTO performance VALUES (20, 95, 60, 6, 170);
INSERT INTO performance VALUES (20, 130, 60, 6, 260);
INSERT INTO performance VALUES (20, 200, 60, 6, 250);
INSERT INTO performance VALUES (20, 270, 60, 6, 210);
INSERT INTO performance VALUES (20, 340, 60, 6, 210);
INSERT INTO performance VALUES (20, 375, 60, 6, 220);
INSERT INTO performance VALUES (20, 410, 60, 6, 160);
INSERT INTO performance VALUES (20, 445, 60, 6, 160);
INSERT INTO consists_of VALUES (60, 4, 4, 6);
INSERT INTO performance VALUES (4, 25, 60, 6, 210);
INSERT INTO performance VALUES (4, 60, 60, 6, 220);
INSERT INTO performance VALUES (4, 95, 60, 6, 160);
INSERT INTO performance VALUES (4, 130, 60, 6, 170);
INSERT INTO performance VALUES (4, 200, 60, 6, 210);
INSERT INTO performance VALUES (4, 270, 60, 6, 210);
INSERT INTO performance VALUES (4, 340, 60, 6, 170);
INSERT INTO performance VALUES (4, 375, 60, 6, 160);
INSERT INTO performance VALUES (4, 410, 60, 6, 230);
INSERT INTO performance VALUES (4, 445, 60, 6, 160);
INSERT INTO consists_of VALUES (60, 3, 4, 9);
INSERT INTO performance VALUES (3, 25, 60, 9, 225);
INSERT INTO performance VALUES (3, 60, 60, 9, 235);
INSERT INTO performance VALUES (3, 95, 60, 9, 215);
INSERT INTO performance VALUES (3, 130, 60, 9, 245);
INSERT INTO performance VALUES (3, 200, 60, 9, 185);
INSERT INTO performance VALUES (3, 270, 60, 9, 245);
INSERT INTO performance VALUES (3, 340, 60, 9, 225);
INSERT INTO performance VALUES (3, 375, 60, 9, 215);
INSERT INTO performance VALUES (3, 410, 60, 9, 205);
INSERT INTO performance VALUES (3, 445, 60, 9, 195);
INSERT INTO consists_of VALUES (60, 18, 4, 3);
INSERT INTO performance VALUES (18, 25, 60, 3, 225);
INSERT INTO performance VALUES (18, 60, 60, 3, 205);
INSERT INTO performance VALUES (18, 95, 60, 3, 235);
INSERT INTO performance VALUES (18, 130, 60, 3, 235);
INSERT INTO performance VALUES (18, 200, 60, 3, 235);
INSERT INTO performance VALUES (18, 270, 60, 3, 235);
INSERT INTO performance VALUES (18, 340, 60, 3, 185);
INSERT INTO performance VALUES (18, 375, 60, 3, 165);
INSERT INTO performance VALUES (18, 410, 60, 3, 255);
INSERT INTO performance VALUES (18, 445, 60, 3, 205);
INSERT INTO consists_of VALUES (60, 11, 4, 7);
INSERT INTO performance VALUES (11, 25, 60, 7, 185);
INSERT INTO performance VALUES (11, 60, 60, 7, 255);
INSERT INTO performance VALUES (11, 95, 60, 7, 175);
INSERT INTO performance VALUES (11, 130, 60, 7, 245);
INSERT INTO performance VALUES (11, 200, 60, 7, 145);
INSERT INTO performance VALUES (11, 270, 60, 7, 205);
INSERT INTO performance VALUES (11, 340, 60, 7, 195);
INSERT INTO performance VALUES (11, 375, 60, 7, 195);
INSERT INTO performance VALUES (11, 410, 60, 7, 155);
INSERT INTO performance VALUES (11, 445, 60, 7, 195);
INSERT INTO Workout VALUES (61, 16, '2012-06-04', 6);
INSERT INTO does VALUES (61, 26, '2012-06-04');
INSERT INTO does VALUES (61, 61, '2012-06-04');
INSERT INTO does VALUES (61, 96, '2012-06-04');
INSERT INTO does VALUES (61, 131, '2012-06-04');
INSERT INTO does VALUES (61, 166, '2012-06-04');
INSERT INTO does VALUES (61, 201, '2012-06-04');
INSERT INTO does VALUES (61, 236, '2012-06-04');
INSERT INTO does VALUES (61, 271, '2012-06-04');
INSERT INTO does VALUES (61, 306, '2012-06-04');
INSERT INTO does VALUES (61, 341, '2012-06-04');
INSERT INTO does VALUES (61, 376, '2012-06-04');
INSERT INTO does VALUES (61, 411, '2012-06-04');
INSERT INTO does VALUES (61, 446, '2012-06-04');
INSERT INTO does VALUES (61, 481, '2012-06-04');
INSERT INTO consists_of VALUES (61, 14, 4, 10);
INSERT INTO performance VALUES (14, 26, 61, 10, 170);
INSERT INTO performance VALUES (14, 61, 61, 10, 220);
INSERT INTO performance VALUES (14, 96, 61, 10, 130);
INSERT INTO performance VALUES (14, 131, 61, 10, 250);
INSERT INTO performance VALUES (14, 166, 61, 10, 200);
INSERT INTO performance VALUES (14, 201, 61, 10, 170);
INSERT INTO performance VALUES (14, 236, 61, 10, 170);
INSERT INTO performance VALUES (14, 271, 61, 10, 220);
INSERT INTO performance VALUES (14, 306, 61, 10, 130);
INSERT INTO performance VALUES (14, 341, 61, 10, 140);
INSERT INTO performance VALUES (14, 376, 61, 10, 200);
INSERT INTO performance VALUES (14, 411, 61, 10, 210);
INSERT INTO performance VALUES (14, 446, 61, 10, 180);
INSERT INTO performance VALUES (14, 481, 61, 10, 210);
INSERT INTO consists_of VALUES (61, 21, 2, 9);
INSERT INTO performance VALUES (21, 26, 61, 9, 135);
INSERT INTO performance VALUES (21, 61, 61, 9, 225);
INSERT INTO performance VALUES (21, 96, 61, 9, 225);
INSERT INTO performance VALUES (21, 131, 61, 9, 155);
INSERT INTO performance VALUES (21, 166, 61, 9, 175);
INSERT INTO performance VALUES (21, 201, 61, 9, 135);
INSERT INTO performance VALUES (21, 236, 61, 9, 195);
INSERT INTO performance VALUES (21, 271, 61, 9, 145);
INSERT INTO performance VALUES (21, 306, 61, 9, 195);
INSERT INTO performance VALUES (21, 341, 61, 9, 225);
INSERT INTO performance VALUES (21, 376, 61, 9, 185);
INSERT INTO performance VALUES (21, 411, 61, 9, 205);
INSERT INTO performance VALUES (21, 446, 61, 9, 165);
INSERT INTO performance VALUES (21, 481, 61, 9, 185);
INSERT INTO consists_of VALUES (61, 10, 4, 9);
INSERT INTO performance VALUES (10, 26, 61, 9, 225);
INSERT INTO performance VALUES (10, 61, 61, 9, 235);
INSERT INTO performance VALUES (10, 96, 61, 9, 165);
INSERT INTO performance VALUES (10, 131, 61, 9, 185);
INSERT INTO performance VALUES (10, 166, 61, 9, 195);
INSERT INTO performance VALUES (10, 201, 61, 9, 155);
INSERT INTO performance VALUES (10, 236, 61, 9, 185);
INSERT INTO performance VALUES (10, 271, 61, 9, 235);
INSERT INTO performance VALUES (10, 306, 61, 9, 155);
INSERT INTO performance VALUES (10, 341, 61, 9, 215);
INSERT INTO performance VALUES (10, 376, 61, 9, 185);
INSERT INTO performance VALUES (10, 411, 61, 9, 225);
INSERT INTO performance VALUES (10, 446, 61, 9, 145);
INSERT INTO performance VALUES (10, 481, 61, 9, 225);
INSERT INTO consists_of VALUES (61, 20, 4, 6);
INSERT INTO performance VALUES (20, 26, 61, 6, 210);
INSERT INTO performance VALUES (20, 61, 61, 6, 260);
INSERT INTO performance VALUES (20, 96, 61, 6, 240);
INSERT INTO performance VALUES (20, 131, 61, 6, 210);
INSERT INTO performance VALUES (20, 166, 61, 6, 240);
INSERT INTO performance VALUES (20, 201, 61, 6, 190);
INSERT INTO performance VALUES (20, 236, 61, 6, 190);
INSERT INTO performance VALUES (20, 271, 61, 6, 260);
INSERT INTO performance VALUES (20, 306, 61, 6, 230);
INSERT INTO performance VALUES (20, 341, 61, 6, 270);
INSERT INTO performance VALUES (20, 376, 61, 6, 190);
INSERT INTO performance VALUES (20, 411, 61, 6, 270);
INSERT INTO performance VALUES (20, 446, 61, 6, 170);
INSERT INTO performance VALUES (20, 481, 61, 6, 200);
INSERT INTO consists_of VALUES (61, 17, 2, 7);
INSERT INTO performance VALUES (17, 26, 61, 7, 235);
INSERT INTO performance VALUES (17, 61, 61, 7, 205);
INSERT INTO performance VALUES (17, 96, 61, 7, 175);
INSERT INTO performance VALUES (17, 131, 61, 7, 175);
INSERT INTO performance VALUES (17, 166, 61, 7, 145);
INSERT INTO performance VALUES (17, 201, 61, 7, 215);
INSERT INTO performance VALUES (17, 236, 61, 7, 205);
INSERT INTO performance VALUES (17, 271, 61, 7, 235);
INSERT INTO performance VALUES (17, 306, 61, 7, 195);
INSERT INTO performance VALUES (17, 341, 61, 7, 195);
INSERT INTO performance VALUES (17, 376, 61, 7, 155);
INSERT INTO performance VALUES (17, 411, 61, 7, 185);
INSERT INTO performance VALUES (17, 446, 61, 7, 145);
INSERT INTO performance VALUES (17, 481, 61, 7, 175);
INSERT INTO Workout VALUES (62, 16, '2012-06-11', 6);
INSERT INTO does VALUES (62, 26, '2012-06-11');
INSERT INTO does VALUES (62, 96, '2012-06-11');
INSERT INTO does VALUES (62, 166, '2012-06-11');
INSERT INTO does VALUES (62, 201, '2012-06-11');
INSERT INTO does VALUES (62, 271, '2012-06-11');
INSERT INTO does VALUES (62, 306, '2012-06-11');
INSERT INTO does VALUES (62, 341, '2012-06-11');
INSERT INTO does VALUES (62, 376, '2012-06-11');
INSERT INTO does VALUES (62, 411, '2012-06-11');
INSERT INTO does VALUES (62, 446, '2012-06-11');
INSERT INTO does VALUES (62, 481, '2012-06-11');
INSERT INTO consists_of VALUES (62, 10, 4, 3);
INSERT INTO performance VALUES (10, 26, 62, 3, 245);
INSERT INTO performance VALUES (10, 96, 62, 3, 245);
INSERT INTO performance VALUES (10, 166, 62, 3, 185);
INSERT INTO performance VALUES (10, 201, 62, 3, 215);
INSERT INTO performance VALUES (10, 271, 62, 3, 245);
INSERT INTO performance VALUES (10, 306, 62, 3, 235);
INSERT INTO performance VALUES (10, 341, 62, 3, 195);
INSERT INTO performance VALUES (10, 376, 62, 3, 225);
INSERT INTO performance VALUES (10, 411, 62, 3, 235);
INSERT INTO performance VALUES (10, 446, 62, 3, 165);
INSERT INTO performance VALUES (10, 481, 62, 3, 215);
INSERT INTO consists_of VALUES (62, 18, 2, 3);
INSERT INTO performance VALUES (18, 26, 62, 3, 235);
INSERT INTO performance VALUES (18, 96, 62, 3, 215);
INSERT INTO performance VALUES (18, 166, 62, 3, 195);
INSERT INTO performance VALUES (18, 201, 62, 3, 225);
INSERT INTO performance VALUES (18, 271, 62, 3, 175);
INSERT INTO performance VALUES (18, 306, 62, 3, 215);
INSERT INTO performance VALUES (18, 341, 62, 3, 235);
INSERT INTO performance VALUES (18, 376, 62, 3, 195);
INSERT INTO performance VALUES (18, 411, 62, 3, 275);
INSERT INTO performance VALUES (18, 446, 62, 3, 175);
INSERT INTO performance VALUES (18, 481, 62, 3, 255);
INSERT INTO consists_of VALUES (62, 1, 3, 9);
INSERT INTO performance VALUES (1, 26, 62, 9, 205);
INSERT INTO performance VALUES (1, 96, 62, 9, 205);
INSERT INTO performance VALUES (1, 166, 62, 9, 225);
INSERT INTO performance VALUES (1, 201, 62, 9, 215);
INSERT INTO performance VALUES (1, 271, 62, 9, 165);
INSERT INTO performance VALUES (1, 306, 62, 9, 155);
INSERT INTO performance VALUES (1, 341, 62, 9, 145);
INSERT INTO performance VALUES (1, 376, 62, 9, 225);
INSERT INTO performance VALUES (1, 411, 62, 9, 235);
INSERT INTO performance VALUES (1, 446, 62, 9, 185);
INSERT INTO performance VALUES (1, 481, 62, 9, 245);
INSERT INTO consists_of VALUES (62, 17, 3, 3);
INSERT INTO performance VALUES (17, 26, 62, 3, 255);
INSERT INTO performance VALUES (17, 96, 62, 3, 215);
INSERT INTO performance VALUES (17, 166, 62, 3, 225);
INSERT INTO performance VALUES (17, 201, 62, 3, 185);
INSERT INTO performance VALUES (17, 271, 62, 3, 285);
INSERT INTO performance VALUES (17, 306, 62, 3, 255);
INSERT INTO performance VALUES (17, 341, 62, 3, 215);
INSERT INTO performance VALUES (17, 376, 62, 3, 165);
INSERT INTO performance VALUES (17, 411, 62, 3, 225);
INSERT INTO performance VALUES (17, 446, 62, 3, 235);
INSERT INTO performance VALUES (17, 481, 62, 3, 235);
INSERT INTO consists_of VALUES (62, 19, 3, 9);
INSERT INTO performance VALUES (19, 26, 62, 9, 215);
INSERT INTO performance VALUES (19, 96, 62, 9, 195);
INSERT INTO performance VALUES (19, 166, 62, 9, 145);
INSERT INTO performance VALUES (19, 201, 62, 9, 245);
INSERT INTO performance VALUES (19, 271, 62, 9, 185);
INSERT INTO performance VALUES (19, 306, 62, 9, 215);
INSERT INTO performance VALUES (19, 341, 62, 9, 135);
INSERT INTO performance VALUES (19, 376, 62, 9, 195);
INSERT INTO performance VALUES (19, 411, 62, 9, 235);
INSERT INTO performance VALUES (19, 446, 62, 9, 165);
INSERT INTO performance VALUES (19, 481, 62, 9, 195);
INSERT INTO Workout VALUES (63, 16, '2012-06-18', 6);
INSERT INTO does VALUES (63, 26, '2012-06-18');
INSERT INTO does VALUES (63, 61, '2012-06-18');
INSERT INTO does VALUES (63, 96, '2012-06-18');
INSERT INTO does VALUES (63, 131, '2012-06-18');
INSERT INTO does VALUES (63, 201, '2012-06-18');
INSERT INTO does VALUES (63, 236, '2012-06-18');
INSERT INTO does VALUES (63, 306, '2012-06-18');
INSERT INTO does VALUES (63, 341, '2012-06-18');
INSERT INTO does VALUES (63, 376, '2012-06-18');
INSERT INTO does VALUES (63, 411, '2012-06-18');
INSERT INTO does VALUES (63, 446, '2012-06-18');
INSERT INTO does VALUES (63, 481, '2012-06-18');
INSERT INTO consists_of VALUES (63, 20, 2, 9);
INSERT INTO performance VALUES (20, 26, 63, 9, 215);
INSERT INTO performance VALUES (20, 96, 63, 9, 145);
INSERT INTO performance VALUES (20, 201, 63, 9, 245);
INSERT INTO performance VALUES (20, 306, 63, 9, 205);
INSERT INTO performance VALUES (20, 341, 63, 9, 165);
INSERT INTO performance VALUES (20, 376, 63, 9, 215);
INSERT INTO performance VALUES (20, 411, 63, 9, 135);
INSERT INTO performance VALUES (20, 446, 63, 9, 175);
INSERT INTO performance VALUES (20, 481, 63, 9, 175);
INSERT INTO consists_of VALUES (63, 17, 4, 4);
INSERT INTO performance VALUES (17, 26, 63, 4, 230);
INSERT INTO performance VALUES (17, 96, 63, 4, 210);
INSERT INTO performance VALUES (17, 201, 63, 4, 280);
INSERT INTO performance VALUES (17, 306, 63, 4, 250);
INSERT INTO performance VALUES (17, 341, 63, 4, 240);
INSERT INTO performance VALUES (17, 376, 63, 4, 250);
INSERT INTO performance VALUES (17, 411, 63, 4, 270);
INSERT INTO performance VALUES (17, 446, 63, 4, 240);
INSERT INTO performance VALUES (17, 481, 63, 4, 250);
INSERT INTO consists_of VALUES (63, 6, 3, 8);
INSERT INTO performance VALUES (6, 26, 63, 8, 170);
INSERT INTO performance VALUES (6, 96, 63, 8, 200);
INSERT INTO performance VALUES (6, 201, 63, 8, 210);
INSERT INTO performance VALUES (6, 306, 63, 8, 200);
INSERT INTO performance VALUES (6, 341, 63, 8, 150);
INSERT INTO performance VALUES (6, 376, 63, 8, 230);
INSERT INTO performance VALUES (6, 411, 63, 8, 190);
INSERT INTO performance VALUES (6, 446, 63, 8, 230);
INSERT INTO performance VALUES (6, 481, 63, 8, 220);
INSERT INTO consists_of VALUES (63, 15, 3, 3);
INSERT INTO performance VALUES (15, 26, 63, 3, 255);
INSERT INTO performance VALUES (15, 96, 63, 3, 185);
INSERT INTO performance VALUES (15, 201, 63, 3, 255);
INSERT INTO performance VALUES (15, 306, 63, 3, 195);
INSERT INTO performance VALUES (15, 341, 63, 3, 205);
INSERT INTO performance VALUES (15, 376, 63, 3, 215);
INSERT INTO performance VALUES (15, 411, 63, 3, 275);
INSERT INTO performance VALUES (15, 446, 63, 3, 255);
INSERT INTO performance VALUES (15, 481, 63, 3, 205);
INSERT INTO consists_of VALUES (63, 9, 3, 8);
INSERT INTO performance VALUES (9, 26, 63, 8, 210);
INSERT INTO performance VALUES (9, 96, 63, 8, 140);
INSERT INTO performance VALUES (9, 201, 63, 8, 210);
INSERT INTO performance VALUES (9, 306, 63, 8, 150);
INSERT INTO performance VALUES (9, 341, 63, 8, 140);
INSERT INTO performance VALUES (9, 376, 63, 8, 210);
INSERT INTO performance VALUES (9, 411, 63, 8, 210);
INSERT INTO performance VALUES (9, 446, 63, 8, 190);
INSERT INTO performance VALUES (9, 481, 63, 8, 210);
INSERT INTO Workout VALUES (64, 16, '2012-06-25', 6);
INSERT INTO does VALUES (64, 26, '2012-06-25');
INSERT INTO does VALUES (64, 61, '2012-06-25');
INSERT INTO does VALUES (64, 96, '2012-06-25');
INSERT INTO does VALUES (64, 131, '2012-06-25');
INSERT INTO does VALUES (64, 166, '2012-06-25');
INSERT INTO does VALUES (64, 201, '2012-06-25');
INSERT INTO does VALUES (64, 236, '2012-06-25');
INSERT INTO does VALUES (64, 271, '2012-06-25');
INSERT INTO does VALUES (64, 306, '2012-06-25');
INSERT INTO does VALUES (64, 341, '2012-06-25');
INSERT INTO does VALUES (64, 411, '2012-06-25');
INSERT INTO does VALUES (64, 446, '2012-06-25');
INSERT INTO does VALUES (64, 481, '2012-06-25');
INSERT INTO consists_of VALUES (64, 3, 4, 8);
INSERT INTO performance VALUES (3, 26, 64, 8, 160);
INSERT INTO performance VALUES (3, 96, 64, 8, 190);
INSERT INTO performance VALUES (3, 201, 64, 8, 160);
INSERT INTO performance VALUES (3, 306, 64, 8, 220);
INSERT INTO performance VALUES (3, 341, 64, 8, 260);
INSERT INTO performance VALUES (3, 411, 64, 8, 180);
INSERT INTO performance VALUES (3, 446, 64, 8, 200);
INSERT INTO performance VALUES (3, 481, 64, 8, 150);
INSERT INTO consists_of VALUES (64, 2, 2, 10);
INSERT INTO performance VALUES (2, 26, 64, 10, 160);
INSERT INTO performance VALUES (2, 96, 64, 10, 130);
INSERT INTO performance VALUES (2, 201, 64, 10, 230);
INSERT INTO performance VALUES (2, 306, 64, 10, 170);
INSERT INTO performance VALUES (2, 341, 64, 10, 190);
INSERT INTO performance VALUES (2, 411, 64, 10, 200);
INSERT INTO performance VALUES (2, 446, 64, 10, 200);
INSERT INTO performance VALUES (2, 481, 64, 10, 170);
INSERT INTO consists_of VALUES (64, 9, 4, 3);
INSERT INTO performance VALUES (9, 26, 64, 3, 195);
INSERT INTO performance VALUES (9, 96, 64, 3, 235);
INSERT INTO performance VALUES (9, 201, 64, 3, 225);
INSERT INTO performance VALUES (9, 306, 64, 3, 205);
INSERT INTO performance VALUES (9, 341, 64, 3, 235);
INSERT INTO performance VALUES (9, 411, 64, 3, 175);
INSERT INTO performance VALUES (9, 446, 64, 3, 255);
INSERT INTO performance VALUES (9, 481, 64, 3, 245);
INSERT INTO consists_of VALUES (64, 17, 2, 10);
INSERT INTO performance VALUES (17, 26, 64, 10, 190);
INSERT INTO performance VALUES (17, 96, 64, 10, 180);
INSERT INTO performance VALUES (17, 201, 64, 10, 140);
INSERT INTO performance VALUES (17, 306, 64, 10, 180);
INSERT INTO performance VALUES (17, 341, 64, 10, 200);
INSERT INTO performance VALUES (17, 411, 64, 10, 140);
INSERT INTO performance VALUES (17, 446, 64, 10, 220);
INSERT INTO performance VALUES (17, 481, 64, 10, 240);
INSERT INTO consists_of VALUES (64, 15, 4, 4);
INSERT INTO performance VALUES (15, 26, 64, 4, 210);
INSERT INTO performance VALUES (15, 96, 64, 4, 250);
INSERT INTO performance VALUES (15, 201, 64, 4, 260);
INSERT INTO performance VALUES (15, 306, 64, 4, 200);
INSERT INTO performance VALUES (15, 341, 64, 4, 220);
INSERT INTO performance VALUES (15, 411, 64, 4, 160);
INSERT INTO performance VALUES (15, 446, 64, 4, 240);
INSERT INTO performance VALUES (15, 481, 64, 4, 270);
INSERT INTO Workout VALUES (65, 17, '2012-07-04', 7);
INSERT INTO does VALUES (65, 27, '2012-07-04');
INSERT INTO does VALUES (65, 62, '2012-07-04');
INSERT INTO does VALUES (65, 97, '2012-07-04');
INSERT INTO does VALUES (65, 132, '2012-07-04');
INSERT INTO does VALUES (65, 167, '2012-07-04');
INSERT INTO does VALUES (65, 237, '2012-07-04');
INSERT INTO does VALUES (65, 272, '2012-07-04');
INSERT INTO does VALUES (65, 307, '2012-07-04');
INSERT INTO does VALUES (65, 377, '2012-07-04');
INSERT INTO does VALUES (65, 412, '2012-07-04');
INSERT INTO does VALUES (65, 447, '2012-07-04');
INSERT INTO does VALUES (65, 482, '2012-07-04');
INSERT INTO consists_of VALUES (65, 7, 2, 8);
INSERT INTO performance VALUES (7, 27, 65, 8, 150);
INSERT INTO performance VALUES (7, 62, 65, 8, 170);
INSERT INTO performance VALUES (7, 97, 65, 8, 170);
INSERT INTO performance VALUES (7, 132, 65, 8, 190);
INSERT INTO performance VALUES (7, 167, 65, 8, 160);
INSERT INTO performance VALUES (7, 237, 65, 8, 210);
INSERT INTO performance VALUES (7, 272, 65, 8, 200);
INSERT INTO performance VALUES (7, 307, 65, 8, 240);
INSERT INTO performance VALUES (7, 377, 65, 8, 210);
INSERT INTO performance VALUES (7, 412, 65, 8, 230);
INSERT INTO performance VALUES (7, 447, 65, 8, 230);
INSERT INTO performance VALUES (7, 482, 65, 8, 170);
INSERT INTO consists_of VALUES (65, 1, 2, 4);
INSERT INTO performance VALUES (1, 27, 65, 4, 250);
INSERT INTO performance VALUES (1, 62, 65, 4, 200);
INSERT INTO performance VALUES (1, 97, 65, 4, 200);
INSERT INTO performance VALUES (1, 132, 65, 4, 200);
INSERT INTO performance VALUES (1, 167, 65, 4, 160);
INSERT INTO performance VALUES (1, 237, 65, 4, 260);
INSERT INTO performance VALUES (1, 272, 65, 4, 190);
INSERT INTO performance VALUES (1, 307, 65, 4, 200);
INSERT INTO performance VALUES (1, 377, 65, 4, 230);
INSERT INTO performance VALUES (1, 412, 65, 4, 200);
INSERT INTO performance VALUES (1, 447, 65, 4, 210);
INSERT INTO performance VALUES (1, 482, 65, 4, 280);
INSERT INTO consists_of VALUES (65, 19, 4, 6);
INSERT INTO performance VALUES (19, 27, 65, 6, 210);
INSERT INTO performance VALUES (19, 62, 65, 6, 270);
INSERT INTO performance VALUES (19, 97, 65, 6, 230);
INSERT INTO performance VALUES (19, 132, 65, 6, 200);
INSERT INTO performance VALUES (19, 167, 65, 6, 240);
INSERT INTO performance VALUES (19, 237, 65, 6, 150);
INSERT INTO performance VALUES (19, 272, 65, 6, 160);
INSERT INTO performance VALUES (19, 307, 65, 6, 210);
INSERT INTO performance VALUES (19, 377, 65, 6, 240);
INSERT INTO performance VALUES (19, 412, 65, 6, 230);
INSERT INTO performance VALUES (19, 447, 65, 6, 180);
INSERT INTO performance VALUES (19, 482, 65, 6, 260);
INSERT INTO consists_of VALUES (65, 13, 2, 10);
INSERT INTO performance VALUES (13, 27, 65, 10, 170);
INSERT INTO performance VALUES (13, 62, 65, 10, 230);
INSERT INTO performance VALUES (13, 97, 65, 10, 220);
INSERT INTO performance VALUES (13, 132, 65, 10, 140);
INSERT INTO performance VALUES (13, 167, 65, 10, 200);
INSERT INTO performance VALUES (13, 237, 65, 10, 160);
INSERT INTO performance VALUES (13, 272, 65, 10, 140);
INSERT INTO performance VALUES (13, 307, 65, 10, 170);
INSERT INTO performance VALUES (13, 377, 65, 10, 150);
INSERT INTO performance VALUES (13, 412, 65, 10, 230);
INSERT INTO performance VALUES (13, 447, 65, 10, 140);
INSERT INTO performance VALUES (13, 482, 65, 10, 200);
INSERT INTO consists_of VALUES (65, 9, 4, 7);
INSERT INTO performance VALUES (9, 27, 65, 7, 245);
INSERT INTO performance VALUES (9, 62, 65, 7, 225);
INSERT INTO performance VALUES (9, 97, 65, 7, 165);
INSERT INTO performance VALUES (9, 132, 65, 7, 265);
INSERT INTO performance VALUES (9, 167, 65, 7, 175);
INSERT INTO performance VALUES (9, 237, 65, 7, 215);
INSERT INTO performance VALUES (9, 272, 65, 7, 205);
INSERT INTO performance VALUES (9, 307, 65, 7, 195);
INSERT INTO performance VALUES (9, 377, 65, 7, 195);
INSERT INTO performance VALUES (9, 412, 65, 7, 255);
INSERT INTO performance VALUES (9, 447, 65, 7, 195);
INSERT INTO performance VALUES (9, 482, 65, 7, 215);
INSERT INTO Workout VALUES (66, 17, '2012-07-11', 7);
INSERT INTO does VALUES (66, 27, '2012-07-11');
INSERT INTO does VALUES (66, 62, '2012-07-11');
INSERT INTO does VALUES (66, 97, '2012-07-11');
INSERT INTO does VALUES (66, 132, '2012-07-11');
INSERT INTO does VALUES (66, 167, '2012-07-11');
INSERT INTO does VALUES (66, 202, '2012-07-11');
INSERT INTO does VALUES (66, 237, '2012-07-11');
INSERT INTO does VALUES (66, 307, '2012-07-11');
INSERT INTO does VALUES (66, 342, '2012-07-11');
INSERT INTO does VALUES (66, 377, '2012-07-11');
INSERT INTO does VALUES (66, 412, '2012-07-11');
INSERT INTO does VALUES (66, 447, '2012-07-11');
INSERT INTO does VALUES (66, 482, '2012-07-11');
INSERT INTO consists_of VALUES (66, 12, 2, 3);
INSERT INTO performance VALUES (12, 27, 66, 3, 185);
INSERT INTO performance VALUES (12, 62, 66, 3, 185);
INSERT INTO performance VALUES (12, 97, 66, 3, 175);
INSERT INTO performance VALUES (12, 132, 66, 3, 225);
INSERT INTO performance VALUES (12, 167, 66, 3, 215);
INSERT INTO performance VALUES (12, 237, 66, 3, 255);
INSERT INTO performance VALUES (12, 307, 66, 3, 265);
INSERT INTO performance VALUES (12, 377, 66, 3, 225);
INSERT INTO performance VALUES (12, 412, 66, 3, 265);
INSERT INTO performance VALUES (12, 447, 66, 3, 195);
INSERT INTO performance VALUES (12, 482, 66, 3, 165);
INSERT INTO consists_of VALUES (66, 20, 4, 6);
INSERT INTO performance VALUES (20, 27, 66, 6, 160);
INSERT INTO performance VALUES (20, 62, 66, 6, 180);
INSERT INTO performance VALUES (20, 97, 66, 6, 210);
INSERT INTO performance VALUES (20, 132, 66, 6, 260);
INSERT INTO performance VALUES (20, 167, 66, 6, 150);
INSERT INTO performance VALUES (20, 237, 66, 6, 250);
INSERT INTO performance VALUES (20, 307, 66, 6, 190);
INSERT INTO performance VALUES (20, 377, 66, 6, 220);
INSERT INTO performance VALUES (20, 412, 66, 6, 170);
INSERT INTO performance VALUES (20, 447, 66, 6, 160);
INSERT INTO performance VALUES (20, 482, 66, 6, 270);
INSERT INTO consists_of VALUES (66, 7, 3, 8);
INSERT INTO performance VALUES (7, 27, 66, 8, 230);
INSERT INTO performance VALUES (7, 62, 66, 8, 240);
INSERT INTO performance VALUES (7, 97, 66, 8, 190);
INSERT INTO performance VALUES (7, 132, 66, 8, 140);
INSERT INTO performance VALUES (7, 167, 66, 8, 170);
INSERT INTO performance VALUES (7, 237, 66, 8, 160);
INSERT INTO performance VALUES (7, 307, 66, 8, 220);
INSERT INTO performance VALUES (7, 377, 66, 8, 220);
INSERT INTO performance VALUES (7, 412, 66, 8, 250);
INSERT INTO performance VALUES (7, 447, 66, 8, 220);
INSERT INTO performance VALUES (7, 482, 66, 8, 260);
INSERT INTO consists_of VALUES (66, 17, 2, 8);
INSERT INTO performance VALUES (17, 27, 66, 8, 180);
INSERT INTO performance VALUES (17, 62, 66, 8, 200);
INSERT INTO performance VALUES (17, 97, 66, 8, 180);
INSERT INTO performance VALUES (17, 132, 66, 8, 200);
INSERT INTO performance VALUES (17, 167, 66, 8, 160);
INSERT INTO performance VALUES (17, 237, 66, 8, 220);
INSERT INTO performance VALUES (17, 307, 66, 8, 220);
INSERT INTO performance VALUES (17, 377, 66, 8, 210);
INSERT INTO performance VALUES (17, 412, 66, 8, 180);
INSERT INTO performance VALUES (17, 447, 66, 8, 140);
INSERT INTO performance VALUES (17, 482, 66, 8, 240);
INSERT INTO consists_of VALUES (66, 11, 2, 8);
INSERT INTO performance VALUES (11, 27, 66, 8, 200);
INSERT INTO performance VALUES (11, 62, 66, 8, 210);
INSERT INTO performance VALUES (11, 97, 66, 8, 240);
INSERT INTO performance VALUES (11, 132, 66, 8, 200);
INSERT INTO performance VALUES (11, 167, 66, 8, 150);
INSERT INTO performance VALUES (11, 237, 66, 8, 180);
INSERT INTO performance VALUES (11, 307, 66, 8, 230);
INSERT INTO performance VALUES (11, 377, 66, 8, 180);
INSERT INTO performance VALUES (11, 412, 66, 8, 240);
INSERT INTO performance VALUES (11, 447, 66, 8, 220);
INSERT INTO performance VALUES (11, 482, 66, 8, 260);
INSERT INTO Workout VALUES (67, 17, '2012-07-18', 7);
INSERT INTO does VALUES (67, 27, '2012-07-18');
INSERT INTO does VALUES (67, 62, '2012-07-18');
INSERT INTO does VALUES (67, 97, '2012-07-18');
INSERT INTO does VALUES (67, 132, '2012-07-18');
INSERT INTO does VALUES (67, 167, '2012-07-18');
INSERT INTO does VALUES (67, 202, '2012-07-18');
INSERT INTO does VALUES (67, 237, '2012-07-18');
INSERT INTO does VALUES (67, 272, '2012-07-18');
INSERT INTO does VALUES (67, 307, '2012-07-18');
INSERT INTO does VALUES (67, 342, '2012-07-18');
INSERT INTO does VALUES (67, 377, '2012-07-18');
INSERT INTO does VALUES (67, 412, '2012-07-18');
INSERT INTO does VALUES (67, 447, '2012-07-18');
INSERT INTO does VALUES (67, 482, '2012-07-18');
INSERT INTO consists_of VALUES (67, 12, 3, 10);
INSERT INTO performance VALUES (12, 27, 67, 10, 150);
INSERT INTO performance VALUES (12, 62, 67, 10, 210);
INSERT INTO performance VALUES (12, 97, 67, 10, 220);
INSERT INTO performance VALUES (12, 132, 67, 10, 170);
INSERT INTO performance VALUES (12, 167, 67, 10, 200);
INSERT INTO performance VALUES (12, 237, 67, 10, 230);
INSERT INTO performance VALUES (12, 307, 67, 10, 130);
INSERT INTO performance VALUES (12, 377, 67, 10, 140);
INSERT INTO performance VALUES (12, 412, 67, 10, 180);
INSERT INTO performance VALUES (12, 447, 67, 10, 190);
INSERT INTO performance VALUES (12, 482, 67, 10, 210);
INSERT INTO consists_of VALUES (67, 4, 2, 3);
INSERT INTO performance VALUES (4, 27, 67, 3, 265);
INSERT INTO performance VALUES (4, 62, 67, 3, 225);
INSERT INTO performance VALUES (4, 97, 67, 3, 165);
INSERT INTO performance VALUES (4, 132, 67, 3, 175);
INSERT INTO performance VALUES (4, 167, 67, 3, 255);
INSERT INTO performance VALUES (4, 237, 67, 3, 235);
INSERT INTO performance VALUES (4, 307, 67, 3, 205);
INSERT INTO performance VALUES (4, 377, 67, 3, 215);
INSERT INTO performance VALUES (4, 412, 67, 3, 175);
INSERT INTO performance VALUES (4, 447, 67, 3, 225);
INSERT INTO performance VALUES (4, 482, 67, 3, 215);
INSERT INTO consists_of VALUES (67, 3, 3, 6);
INSERT INTO performance VALUES (3, 27, 67, 6, 150);
INSERT INTO performance VALUES (3, 62, 67, 6, 230);
INSERT INTO performance VALUES (3, 97, 67, 6, 150);
INSERT INTO performance VALUES (3, 132, 67, 6, 260);
INSERT INTO performance VALUES (3, 167, 67, 6, 160);
INSERT INTO performance VALUES (3, 237, 67, 6, 150);
INSERT INTO performance VALUES (3, 307, 67, 6, 190);
INSERT INTO performance VALUES (3, 377, 67, 6, 250);
INSERT INTO performance VALUES (3, 412, 67, 6, 250);
INSERT INTO performance VALUES (3, 447, 67, 6, 210);
INSERT INTO performance VALUES (3, 482, 67, 6, 270);
INSERT INTO consists_of VALUES (67, 5, 2, 10);
INSERT INTO performance VALUES (5, 27, 67, 10, 130);
INSERT INTO performance VALUES (5, 62, 67, 10, 240);
INSERT INTO performance VALUES (5, 97, 67, 10, 200);
INSERT INTO performance VALUES (5, 132, 67, 10, 200);
INSERT INTO performance VALUES (5, 167, 67, 10, 150);
INSERT INTO performance VALUES (5, 237, 67, 10, 190);
INSERT INTO performance VALUES (5, 307, 67, 10, 230);
INSERT INTO performance VALUES (5, 377, 67, 10, 160);
INSERT INTO performance VALUES (5, 412, 67, 10, 190);
INSERT INTO performance VALUES (5, 447, 67, 10, 150);
INSERT INTO performance VALUES (5, 482, 67, 10, 160);
INSERT INTO consists_of VALUES (67, 2, 4, 8);
INSERT INTO performance VALUES (2, 27, 67, 8, 220);
INSERT INTO performance VALUES (2, 62, 67, 8, 200);
INSERT INTO performance VALUES (2, 97, 67, 8, 230);
INSERT INTO performance VALUES (2, 132, 67, 8, 200);
INSERT INTO performance VALUES (2, 167, 67, 8, 240);
INSERT INTO performance VALUES (2, 237, 67, 8, 220);
INSERT INTO performance VALUES (2, 307, 67, 8, 210);
INSERT INTO performance VALUES (2, 377, 67, 8, 190);
INSERT INTO performance VALUES (2, 412, 67, 8, 190);
INSERT INTO performance VALUES (2, 447, 67, 8, 170);
INSERT INTO performance VALUES (2, 482, 67, 8, 180);
INSERT INTO Workout VALUES (68, 17, '2012-07-25', 7);
INSERT INTO does VALUES (68, 27, '2012-07-25');
INSERT INTO does VALUES (68, 62, '2012-07-25');
INSERT INTO does VALUES (68, 132, '2012-07-25');
INSERT INTO does VALUES (68, 167, '2012-07-25');
INSERT INTO does VALUES (68, 202, '2012-07-25');
INSERT INTO does VALUES (68, 237, '2012-07-25');
INSERT INTO does VALUES (68, 272, '2012-07-25');
INSERT INTO does VALUES (68, 307, '2012-07-25');
INSERT INTO does VALUES (68, 342, '2012-07-25');
INSERT INTO does VALUES (68, 377, '2012-07-25');
INSERT INTO does VALUES (68, 412, '2012-07-25');
INSERT INTO does VALUES (68, 447, '2012-07-25');
INSERT INTO does VALUES (68, 482, '2012-07-25');
INSERT INTO consists_of VALUES (68, 21, 2, 5);
INSERT INTO performance VALUES (21, 27, 68, 5, 215);
INSERT INTO performance VALUES (21, 62, 68, 5, 225);
INSERT INTO performance VALUES (21, 132, 68, 5, 265);
INSERT INTO performance VALUES (21, 167, 68, 5, 175);
INSERT INTO performance VALUES (21, 237, 68, 5, 195);
INSERT INTO performance VALUES (21, 307, 68, 5, 255);
INSERT INTO performance VALUES (21, 377, 68, 5, 255);
INSERT INTO performance VALUES (21, 412, 68, 5, 185);
INSERT INTO performance VALUES (21, 447, 68, 5, 165);
INSERT INTO performance VALUES (21, 482, 68, 5, 255);
INSERT INTO consists_of VALUES (68, 3, 2, 5);
INSERT INTO performance VALUES (3, 27, 68, 5, 165);
INSERT INTO performance VALUES (3, 62, 68, 5, 255);
INSERT INTO performance VALUES (3, 132, 68, 5, 165);
INSERT INTO performance VALUES (3, 167, 68, 5, 165);
INSERT INTO performance VALUES (3, 237, 68, 5, 185);
INSERT INTO performance VALUES (3, 307, 68, 5, 225);
INSERT INTO performance VALUES (3, 377, 68, 5, 165);
INSERT INTO performance VALUES (3, 412, 68, 5, 265);
INSERT INTO performance VALUES (3, 447, 68, 5, 255);
INSERT INTO performance VALUES (3, 482, 68, 5, 195);
INSERT INTO consists_of VALUES (68, 4, 4, 10);
INSERT INTO performance VALUES (4, 27, 68, 10, 190);
INSERT INTO performance VALUES (4, 62, 68, 10, 180);
INSERT INTO performance VALUES (4, 132, 68, 10, 240);
INSERT INTO performance VALUES (4, 167, 68, 10, 180);
INSERT INTO performance VALUES (4, 237, 68, 10, 230);
INSERT INTO performance VALUES (4, 307, 68, 10, 230);
INSERT INTO performance VALUES (4, 377, 68, 10, 180);
INSERT INTO performance VALUES (4, 412, 68, 10, 150);
INSERT INTO performance VALUES (4, 447, 68, 10, 220);
INSERT INTO performance VALUES (4, 482, 68, 10, 170);
INSERT INTO consists_of VALUES (68, 9, 3, 4);
INSERT INTO performance VALUES (9, 27, 68, 4, 260);
INSERT INTO performance VALUES (9, 62, 68, 4, 260);
INSERT INTO performance VALUES (9, 132, 68, 4, 220);
INSERT INTO performance VALUES (9, 167, 68, 4, 200);
INSERT INTO performance VALUES (9, 237, 68, 4, 230);
INSERT INTO performance VALUES (9, 307, 68, 4, 240);
INSERT INTO performance VALUES (9, 377, 68, 4, 170);
INSERT INTO performance VALUES (9, 412, 68, 4, 180);
INSERT INTO performance VALUES (9, 447, 68, 4, 260);
INSERT INTO performance VALUES (9, 482, 68, 4, 230);
INSERT INTO consists_of VALUES (68, 7, 4, 6);
INSERT INTO performance VALUES (7, 27, 68, 6, 240);
INSERT INTO performance VALUES (7, 62, 68, 6, 160);
INSERT INTO performance VALUES (7, 132, 68, 6, 240);
INSERT INTO performance VALUES (7, 167, 68, 6, 210);
INSERT INTO performance VALUES (7, 237, 68, 6, 190);
INSERT INTO performance VALUES (7, 307, 68, 6, 200);
INSERT INTO performance VALUES (7, 377, 68, 6, 230);
INSERT INTO performance VALUES (7, 412, 68, 6, 230);
INSERT INTO performance VALUES (7, 447, 68, 6, 220);
INSERT INTO performance VALUES (7, 482, 68, 6, 200);
INSERT INTO Workout VALUES (69, 18, '2012-08-04', 8);
INSERT INTO does VALUES (69, 28, '2012-08-04');
INSERT INTO does VALUES (69, 63, '2012-08-04');
INSERT INTO does VALUES (69, 98, '2012-08-04');
INSERT INTO does VALUES (69, 133, '2012-08-04');
INSERT INTO does VALUES (69, 238, '2012-08-04');
INSERT INTO does VALUES (69, 273, '2012-08-04');
INSERT INTO does VALUES (69, 308, '2012-08-04');
INSERT INTO does VALUES (69, 343, '2012-08-04');
INSERT INTO does VALUES (69, 378, '2012-08-04');
INSERT INTO does VALUES (69, 413, '2012-08-04');
INSERT INTO does VALUES (69, 483, '2012-08-04');
INSERT INTO consists_of VALUES (69, 9, 4, 6);
INSERT INTO performance VALUES (9, 28, 69, 6, 250);
INSERT INTO performance VALUES (9, 63, 69, 6, 190);
INSERT INTO performance VALUES (9, 98, 69, 6, 150);
INSERT INTO performance VALUES (9, 133, 69, 6, 150);
INSERT INTO performance VALUES (9, 238, 69, 6, 180);
INSERT INTO performance VALUES (9, 273, 69, 6, 170);
INSERT INTO performance VALUES (9, 308, 69, 6, 160);
INSERT INTO performance VALUES (9, 343, 69, 6, 180);
INSERT INTO performance VALUES (9, 378, 69, 6, 150);
INSERT INTO performance VALUES (9, 413, 69, 6, 160);
INSERT INTO performance VALUES (9, 483, 69, 6, 150);
INSERT INTO consists_of VALUES (69, 4, 4, 9);
INSERT INTO performance VALUES (4, 28, 69, 9, 225);
INSERT INTO performance VALUES (4, 63, 69, 9, 185);
INSERT INTO performance VALUES (4, 98, 69, 9, 225);
INSERT INTO performance VALUES (4, 133, 69, 9, 135);
INSERT INTO performance VALUES (4, 238, 69, 9, 195);
INSERT INTO performance VALUES (4, 273, 69, 9, 155);
INSERT INTO performance VALUES (4, 308, 69, 9, 235);
INSERT INTO performance VALUES (4, 343, 69, 9, 165);
INSERT INTO performance VALUES (4, 378, 69, 9, 195);
INSERT INTO performance VALUES (4, 413, 69, 9, 215);
INSERT INTO performance VALUES (4, 483, 69, 9, 175);
INSERT INTO consists_of VALUES (69, 13, 2, 10);
INSERT INTO performance VALUES (13, 28, 69, 10, 200);
INSERT INTO performance VALUES (13, 63, 69, 10, 190);
INSERT INTO performance VALUES (13, 98, 69, 10, 180);
INSERT INTO performance VALUES (13, 133, 69, 10, 190);
INSERT INTO performance VALUES (13, 238, 69, 10, 160);
INSERT INTO performance VALUES (13, 273, 69, 10, 140);
INSERT INTO performance VALUES (13, 308, 69, 10, 130);
INSERT INTO performance VALUES (13, 343, 69, 10, 130);
INSERT INTO performance VALUES (13, 378, 69, 10, 200);
INSERT INTO performance VALUES (13, 413, 69, 10, 190);
INSERT INTO performance VALUES (13, 483, 69, 10, 170);
INSERT INTO consists_of VALUES (69, 17, 2, 4);
INSERT INTO performance VALUES (17, 28, 69, 4, 210);
INSERT INTO performance VALUES (17, 63, 69, 4, 240);
INSERT INTO performance VALUES (17, 98, 69, 4, 190);
INSERT INTO performance VALUES (17, 133, 69, 4, 230);
INSERT INTO performance VALUES (17, 238, 69, 4, 230);
INSERT INTO performance VALUES (17, 273, 69, 4, 230);
INSERT INTO performance VALUES (17, 308, 69, 4, 220);
INSERT INTO performance VALUES (17, 343, 69, 4, 230);
INSERT INTO performance VALUES (17, 378, 69, 4, 190);
INSERT INTO performance VALUES (17, 413, 69, 4, 170);
INSERT INTO performance VALUES (17, 483, 69, 4, 170);
INSERT INTO consists_of VALUES (69, 7, 2, 3);
INSERT INTO performance VALUES (7, 28, 69, 3, 195);
INSERT INTO performance VALUES (7, 63, 69, 3, 165);
INSERT INTO performance VALUES (7, 98, 69, 3, 225);
INSERT INTO performance VALUES (7, 133, 69, 3, 215);
INSERT INTO performance VALUES (7, 238, 69, 3, 205);
INSERT INTO performance VALUES (7, 273, 69, 3, 235);
INSERT INTO performance VALUES (7, 308, 69, 3, 235);
INSERT INTO performance VALUES (7, 343, 69, 3, 175);
INSERT INTO performance VALUES (7, 378, 69, 3, 195);
INSERT INTO performance VALUES (7, 413, 69, 3, 225);
INSERT INTO performance VALUES (7, 483, 69, 3, 165);
INSERT INTO Workout VALUES (70, 18, '2012-08-11', 8);
INSERT INTO does VALUES (70, 28, '2012-08-11');
INSERT INTO does VALUES (70, 63, '2012-08-11');
INSERT INTO does VALUES (70, 98, '2012-08-11');
INSERT INTO does VALUES (70, 133, '2012-08-11');
INSERT INTO does VALUES (70, 168, '2012-08-11');
INSERT INTO does VALUES (70, 203, '2012-08-11');
INSERT INTO does VALUES (70, 238, '2012-08-11');
INSERT INTO does VALUES (70, 273, '2012-08-11');
INSERT INTO does VALUES (70, 308, '2012-08-11');
INSERT INTO does VALUES (70, 343, '2012-08-11');
INSERT INTO does VALUES (70, 378, '2012-08-11');
INSERT INTO does VALUES (70, 413, '2012-08-11');
INSERT INTO does VALUES (70, 448, '2012-08-11');
INSERT INTO does VALUES (70, 483, '2012-08-11');
INSERT INTO consists_of VALUES (70, 17, 2, 8);
INSERT INTO performance VALUES (17, 28, 70, 8, 210);
INSERT INTO performance VALUES (17, 63, 70, 8, 160);
INSERT INTO performance VALUES (17, 98, 70, 8, 240);
INSERT INTO performance VALUES (17, 133, 70, 8, 210);
INSERT INTO performance VALUES (17, 238, 70, 8, 230);
INSERT INTO performance VALUES (17, 273, 70, 8, 220);
INSERT INTO performance VALUES (17, 308, 70, 8, 180);
INSERT INTO performance VALUES (17, 343, 70, 8, 190);
INSERT INTO performance VALUES (17, 378, 70, 8, 170);
INSERT INTO performance VALUES (17, 413, 70, 8, 150);
INSERT INTO performance VALUES (17, 483, 70, 8, 160);
INSERT INTO consists_of VALUES (70, 6, 2, 8);
INSERT INTO performance VALUES (6, 28, 70, 8, 170);
INSERT INTO performance VALUES (6, 63, 70, 8, 200);
INSERT INTO performance VALUES (6, 98, 70, 8, 170);
INSERT INTO performance VALUES (6, 133, 70, 8, 220);
INSERT INTO performance VALUES (6, 238, 70, 8, 200);
INSERT INTO performance VALUES (6, 273, 70, 8, 170);
INSERT INTO performance VALUES (6, 308, 70, 8, 190);
INSERT INTO performance VALUES (6, 343, 70, 8, 200);
INSERT INTO performance VALUES (6, 378, 70, 8, 230);
INSERT INTO performance VALUES (6, 413, 70, 8, 200);
INSERT INTO performance VALUES (6, 483, 70, 8, 170);
INSERT INTO consists_of VALUES (70, 21, 4, 3);
INSERT INTO performance VALUES (21, 28, 70, 3, 215);
INSERT INTO performance VALUES (21, 63, 70, 3, 185);
INSERT INTO performance VALUES (21, 98, 70, 3, 175);
INSERT INTO performance VALUES (21, 133, 70, 3, 195);
INSERT INTO performance VALUES (21, 238, 70, 3, 165);
INSERT INTO performance VALUES (21, 273, 70, 3, 195);
INSERT INTO performance VALUES (21, 308, 70, 3, 175);
INSERT INTO performance VALUES (21, 343, 70, 3, 165);
INSERT INTO performance VALUES (21, 378, 70, 3, 265);
INSERT INTO performance VALUES (21, 413, 70, 3, 195);
INSERT INTO performance VALUES (21, 483, 70, 3, 175);
INSERT INTO consists_of VALUES (70, 4, 2, 3);
INSERT INTO performance VALUES (4, 28, 70, 3, 185);
INSERT INTO performance VALUES (4, 63, 70, 3, 195);
INSERT INTO performance VALUES (4, 98, 70, 3, 185);
INSERT INTO performance VALUES (4, 133, 70, 3, 185);
INSERT INTO performance VALUES (4, 238, 70, 3, 245);
INSERT INTO performance VALUES (4, 273, 70, 3, 235);
INSERT INTO performance VALUES (4, 308, 70, 3, 165);
INSERT INTO performance VALUES (4, 343, 70, 3, 195);
INSERT INTO performance VALUES (4, 378, 70, 3, 245);
INSERT INTO performance VALUES (4, 413, 70, 3, 195);
INSERT INTO performance VALUES (4, 483, 70, 3, 205);
INSERT INTO consists_of VALUES (70, 1, 4, 5);
INSERT INTO performance VALUES (1, 28, 70, 5, 165);
INSERT INTO performance VALUES (1, 63, 70, 5, 175);
INSERT INTO performance VALUES (1, 98, 70, 5, 195);
INSERT INTO performance VALUES (1, 133, 70, 5, 185);
INSERT INTO performance VALUES (1, 238, 70, 5, 225);
INSERT INTO performance VALUES (1, 273, 70, 5, 205);
INSERT INTO performance VALUES (1, 308, 70, 5, 225);
INSERT INTO performance VALUES (1, 343, 70, 5, 205);
INSERT INTO performance VALUES (1, 378, 70, 5, 245);
INSERT INTO performance VALUES (1, 413, 70, 5, 225);
INSERT INTO performance VALUES (1, 483, 70, 5, 195);
INSERT INTO Workout VALUES (71, 18, '2012-08-18', 8);
INSERT INTO does VALUES (71, 28, '2012-08-18');
INSERT INTO does VALUES (71, 63, '2012-08-18');
INSERT INTO does VALUES (71, 98, '2012-08-18');
INSERT INTO does VALUES (71, 133, '2012-08-18');
INSERT INTO does VALUES (71, 168, '2012-08-18');
INSERT INTO does VALUES (71, 203, '2012-08-18');
INSERT INTO does VALUES (71, 238, '2012-08-18');
INSERT INTO does VALUES (71, 273, '2012-08-18');
INSERT INTO does VALUES (71, 308, '2012-08-18');
INSERT INTO does VALUES (71, 343, '2012-08-18');
INSERT INTO does VALUES (71, 378, '2012-08-18');
INSERT INTO does VALUES (71, 413, '2012-08-18');
INSERT INTO does VALUES (71, 448, '2012-08-18');
INSERT INTO consists_of VALUES (71, 12, 4, 4);
INSERT INTO performance VALUES (12, 28, 71, 4, 180);
INSERT INTO performance VALUES (12, 63, 71, 4, 230);
INSERT INTO performance VALUES (12, 98, 71, 4, 210);
INSERT INTO performance VALUES (12, 133, 71, 4, 180);
INSERT INTO performance VALUES (12, 238, 71, 4, 210);
INSERT INTO performance VALUES (12, 273, 71, 4, 240);
INSERT INTO performance VALUES (12, 308, 71, 4, 220);
INSERT INTO performance VALUES (12, 343, 71, 4, 240);
INSERT INTO performance VALUES (12, 378, 71, 4, 240);
INSERT INTO performance VALUES (12, 413, 71, 4, 230);
INSERT INTO consists_of VALUES (71, 13, 2, 9);
INSERT INTO performance VALUES (13, 28, 71, 9, 165);
INSERT INTO performance VALUES (13, 63, 71, 9, 145);
INSERT INTO performance VALUES (13, 98, 71, 9, 175);
INSERT INTO performance VALUES (13, 133, 71, 9, 215);
INSERT INTO performance VALUES (13, 238, 71, 9, 165);
INSERT INTO performance VALUES (13, 273, 71, 9, 205);
INSERT INTO performance VALUES (13, 308, 71, 9, 165);
INSERT INTO performance VALUES (13, 343, 71, 9, 135);
INSERT INTO performance VALUES (13, 378, 71, 9, 145);
INSERT INTO performance VALUES (13, 413, 71, 9, 195);
INSERT INTO consists_of VALUES (71, 8, 2, 6);
INSERT INTO performance VALUES (8, 28, 71, 6, 210);
INSERT INTO performance VALUES (8, 63, 71, 6, 190);
INSERT INTO performance VALUES (8, 98, 71, 6, 240);
INSERT INTO performance VALUES (8, 133, 71, 6, 200);
INSERT INTO performance VALUES (8, 238, 71, 6, 230);
INSERT INTO performance VALUES (8, 273, 71, 6, 210);
INSERT INTO performance VALUES (8, 308, 71, 6, 150);
INSERT INTO performance VALUES (8, 343, 71, 6, 200);
INSERT INTO performance VALUES (8, 378, 71, 6, 200);
INSERT INTO performance VALUES (8, 413, 71, 6, 230);
INSERT INTO consists_of VALUES (71, 20, 4, 4);
INSERT INTO performance VALUES (20, 28, 71, 4, 170);
INSERT INTO performance VALUES (20, 63, 71, 4, 230);
INSERT INTO performance VALUES (20, 98, 71, 4, 190);
INSERT INTO performance VALUES (20, 133, 71, 4, 190);
INSERT INTO performance VALUES (20, 238, 71, 4, 210);
INSERT INTO performance VALUES (20, 273, 71, 4, 190);
INSERT INTO performance VALUES (20, 308, 71, 4, 170);
INSERT INTO performance VALUES (20, 343, 71, 4, 240);
INSERT INTO performance VALUES (20, 378, 71, 4, 170);
INSERT INTO performance VALUES (20, 413, 71, 4, 200);
INSERT INTO consists_of VALUES (71, 6, 2, 10);
INSERT INTO performance VALUES (6, 28, 71, 10, 170);
INSERT INTO performance VALUES (6, 63, 71, 10, 200);
INSERT INTO performance VALUES (6, 98, 71, 10, 180);
INSERT INTO performance VALUES (6, 133, 71, 10, 160);
INSERT INTO performance VALUES (6, 238, 71, 10, 150);
INSERT INTO performance VALUES (6, 273, 71, 10, 140);
INSERT INTO performance VALUES (6, 308, 71, 10, 190);
INSERT INTO performance VALUES (6, 343, 71, 10, 130);
INSERT INTO performance VALUES (6, 378, 71, 10, 140);
INSERT INTO performance VALUES (6, 413, 71, 10, 170);
INSERT INTO Workout VALUES (72, 18, '2012-08-25', 8);
INSERT INTO does VALUES (72, 28, '2012-08-25');
INSERT INTO does VALUES (72, 63, '2012-08-25');
INSERT INTO does VALUES (72, 98, '2012-08-25');
INSERT INTO does VALUES (72, 133, '2012-08-25');
INSERT INTO does VALUES (72, 168, '2012-08-25');
INSERT INTO does VALUES (72, 203, '2012-08-25');
INSERT INTO does VALUES (72, 238, '2012-08-25');
INSERT INTO does VALUES (72, 273, '2012-08-25');
INSERT INTO does VALUES (72, 308, '2012-08-25');
INSERT INTO does VALUES (72, 343, '2012-08-25');
INSERT INTO does VALUES (72, 378, '2012-08-25');
INSERT INTO does VALUES (72, 413, '2012-08-25');
INSERT INTO does VALUES (72, 448, '2012-08-25');
INSERT INTO does VALUES (72, 483, '2012-08-25');
INSERT INTO consists_of VALUES (72, 7, 4, 6);
INSERT INTO performance VALUES (7, 28, 72, 6, 250);
INSERT INTO performance VALUES (7, 63, 72, 6, 190);
INSERT INTO performance VALUES (7, 98, 72, 6, 240);
INSERT INTO performance VALUES (7, 133, 72, 6, 200);
INSERT INTO performance VALUES (7, 238, 72, 6, 180);
INSERT INTO performance VALUES (7, 273, 72, 6, 190);
INSERT INTO performance VALUES (7, 308, 72, 6, 240);
INSERT INTO performance VALUES (7, 343, 72, 6, 150);
INSERT INTO performance VALUES (7, 378, 72, 6, 200);
INSERT INTO performance VALUES (7, 413, 72, 6, 160);
INSERT INTO consists_of VALUES (72, 4, 3, 3);
INSERT INTO performance VALUES (4, 28, 72, 3, 245);
INSERT INTO performance VALUES (4, 63, 72, 3, 205);
INSERT INTO performance VALUES (4, 98, 72, 3, 245);
INSERT INTO performance VALUES (4, 133, 72, 3, 185);
INSERT INTO performance VALUES (4, 238, 72, 3, 185);
INSERT INTO performance VALUES (4, 273, 72, 3, 235);
INSERT INTO performance VALUES (4, 308, 72, 3, 255);
INSERT INTO performance VALUES (4, 343, 72, 3, 245);
INSERT INTO performance VALUES (4, 378, 72, 3, 185);
INSERT INTO performance VALUES (4, 413, 72, 3, 245);
INSERT INTO consists_of VALUES (72, 1, 2, 6);
INSERT INTO performance VALUES (1, 28, 72, 6, 190);
INSERT INTO performance VALUES (1, 63, 72, 6, 190);
INSERT INTO performance VALUES (1, 98, 72, 6, 190);
INSERT INTO performance VALUES (1, 133, 72, 6, 190);
INSERT INTO performance VALUES (1, 238, 72, 6, 170);
INSERT INTO performance VALUES (1, 273, 72, 6, 160);
INSERT INTO performance VALUES (1, 308, 72, 6, 150);
INSERT INTO performance VALUES (1, 343, 72, 6, 170);
INSERT INTO performance VALUES (1, 378, 72, 6, 180);
INSERT INTO performance VALUES (1, 413, 72, 6, 230);
INSERT INTO consists_of VALUES (72, 13, 2, 6);
INSERT INTO performance VALUES (13, 28, 72, 6, 190);
INSERT INTO performance VALUES (13, 63, 72, 6, 230);
INSERT INTO performance VALUES (13, 98, 72, 6, 160);
INSERT INTO performance VALUES (13, 133, 72, 6, 190);
INSERT INTO performance VALUES (13, 238, 72, 6, 230);
INSERT INTO performance VALUES (13, 273, 72, 6, 190);
INSERT INTO performance VALUES (13, 308, 72, 6, 170);
INSERT INTO performance VALUES (13, 343, 72, 6, 170);
INSERT INTO performance VALUES (13, 378, 72, 6, 220);
INSERT INTO performance VALUES (13, 413, 72, 6, 200);
INSERT INTO consists_of VALUES (72, 11, 4, 3);
INSERT INTO performance VALUES (11, 28, 72, 3, 265);
INSERT INTO performance VALUES (11, 63, 72, 3, 205);
INSERT INTO performance VALUES (11, 98, 72, 3, 185);
INSERT INTO performance VALUES (11, 133, 72, 3, 195);
INSERT INTO performance VALUES (11, 238, 72, 3, 165);
INSERT INTO performance VALUES (11, 273, 72, 3, 185);
INSERT INTO performance VALUES (11, 308, 72, 3, 245);
INSERT INTO performance VALUES (11, 343, 72, 3, 165);
INSERT INTO performance VALUES (11, 378, 72, 3, 165);
INSERT INTO performance VALUES (11, 413, 72, 3, 245);
INSERT INTO Workout VALUES (73, 19, '2012-09-04', 9);
INSERT INTO does VALUES (73, 29, '2012-09-04');
INSERT INTO does VALUES (73, 64, '2012-09-04');
INSERT INTO does VALUES (73, 99, '2012-09-04');
INSERT INTO does VALUES (73, 134, '2012-09-04');
INSERT INTO does VALUES (73, 169, '2012-09-04');
INSERT INTO does VALUES (73, 204, '2012-09-04');
INSERT INTO does VALUES (73, 239, '2012-09-04');
INSERT INTO does VALUES (73, 309, '2012-09-04');
INSERT INTO does VALUES (73, 344, '2012-09-04');
INSERT INTO does VALUES (73, 379, '2012-09-04');
INSERT INTO does VALUES (73, 414, '2012-09-04');
INSERT INTO does VALUES (73, 484, '2012-09-04');
INSERT INTO consists_of VALUES (73, 19, 3, 3);
INSERT INTO performance VALUES (19, 29, 73, 3, 235);
INSERT INTO performance VALUES (19, 64, 73, 3, 165);
INSERT INTO performance VALUES (19, 99, 73, 3, 175);
INSERT INTO performance VALUES (19, 134, 73, 3, 195);
INSERT INTO performance VALUES (19, 169, 73, 3, 265);
INSERT INTO performance VALUES (19, 204, 73, 3, 175);
INSERT INTO performance VALUES (19, 239, 73, 3, 225);
INSERT INTO performance VALUES (19, 309, 73, 3, 245);
INSERT INTO performance VALUES (19, 344, 73, 3, 195);
INSERT INTO performance VALUES (19, 379, 73, 3, 215);
INSERT INTO performance VALUES (19, 414, 73, 3, 165);
INSERT INTO performance VALUES (19, 484, 73, 3, 185);
INSERT INTO consists_of VALUES (73, 21, 4, 5);
INSERT INTO performance VALUES (21, 29, 73, 5, 175);
INSERT INTO performance VALUES (21, 64, 73, 5, 165);
INSERT INTO performance VALUES (21, 99, 73, 5, 165);
INSERT INTO performance VALUES (21, 134, 73, 5, 155);
INSERT INTO performance VALUES (21, 169, 73, 5, 215);
INSERT INTO performance VALUES (21, 204, 73, 5, 165);
INSERT INTO performance VALUES (21, 239, 73, 5, 235);
INSERT INTO performance VALUES (21, 309, 73, 5, 165);
INSERT INTO performance VALUES (21, 344, 73, 5, 165);
INSERT INTO performance VALUES (21, 379, 73, 5, 165);
INSERT INTO performance VALUES (21, 414, 73, 5, 215);
INSERT INTO performance VALUES (21, 484, 73, 5, 215);
INSERT INTO consists_of VALUES (73, 5, 4, 5);
INSERT INTO performance VALUES (5, 29, 73, 5, 165);
INSERT INTO performance VALUES (5, 64, 73, 5, 195);
INSERT INTO performance VALUES (5, 99, 73, 5, 215);
INSERT INTO performance VALUES (5, 134, 73, 5, 225);
INSERT INTO performance VALUES (5, 169, 73, 5, 155);
INSERT INTO performance VALUES (5, 204, 73, 5, 185);
INSERT INTO performance VALUES (5, 239, 73, 5, 155);
INSERT INTO performance VALUES (5, 309, 73, 5, 205);
INSERT INTO performance VALUES (5, 344, 73, 5, 195);
INSERT INTO performance VALUES (5, 379, 73, 5, 225);
INSERT INTO performance VALUES (5, 414, 73, 5, 205);
INSERT INTO performance VALUES (5, 484, 73, 5, 225);
INSERT INTO consists_of VALUES (73, 14, 3, 4);
INSERT INTO performance VALUES (14, 29, 73, 4, 180);
INSERT INTO performance VALUES (14, 64, 73, 4, 190);
INSERT INTO performance VALUES (14, 99, 73, 4, 200);
INSERT INTO performance VALUES (14, 134, 73, 4, 160);
INSERT INTO performance VALUES (14, 169, 73, 4, 240);
INSERT INTO performance VALUES (14, 204, 73, 4, 190);
INSERT INTO performance VALUES (14, 239, 73, 4, 160);
INSERT INTO performance VALUES (14, 309, 73, 4, 240);
INSERT INTO performance VALUES (14, 344, 73, 4, 170);
INSERT INTO performance VALUES (14, 379, 73, 4, 190);
INSERT INTO performance VALUES (14, 414, 73, 4, 160);
INSERT INTO performance VALUES (14, 484, 73, 4, 190);
INSERT INTO consists_of VALUES (73, 12, 2, 6);
INSERT INTO performance VALUES (12, 29, 73, 6, 210);
INSERT INTO performance VALUES (12, 64, 73, 6, 230);
INSERT INTO performance VALUES (12, 99, 73, 6, 210);
INSERT INTO performance VALUES (12, 134, 73, 6, 190);
INSERT INTO performance VALUES (12, 169, 73, 6, 210);
INSERT INTO performance VALUES (12, 204, 73, 6, 230);
INSERT INTO performance VALUES (12, 239, 73, 6, 220);
INSERT INTO performance VALUES (12, 309, 73, 6, 160);
INSERT INTO performance VALUES (12, 344, 73, 6, 160);
INSERT INTO performance VALUES (12, 379, 73, 6, 240);
INSERT INTO performance VALUES (12, 414, 73, 6, 190);
INSERT INTO performance VALUES (12, 484, 73, 6, 210);
INSERT INTO Workout VALUES (74, 19, '2012-09-11', 9);
INSERT INTO does VALUES (74, 29, '2012-09-11');
INSERT INTO does VALUES (74, 64, '2012-09-11');
INSERT INTO does VALUES (74, 99, '2012-09-11');
INSERT INTO does VALUES (74, 134, '2012-09-11');
INSERT INTO does VALUES (74, 169, '2012-09-11');
INSERT INTO does VALUES (74, 204, '2012-09-11');
INSERT INTO does VALUES (74, 239, '2012-09-11');
INSERT INTO does VALUES (74, 274, '2012-09-11');
INSERT INTO does VALUES (74, 309, '2012-09-11');
INSERT INTO does VALUES (74, 344, '2012-09-11');
INSERT INTO does VALUES (74, 449, '2012-09-11');
INSERT INTO does VALUES (74, 484, '2012-09-11');
INSERT INTO consists_of VALUES (74, 2, 3, 3);
INSERT INTO performance VALUES (2, 29, 74, 3, 175);
INSERT INTO performance VALUES (2, 64, 74, 3, 235);
INSERT INTO performance VALUES (2, 99, 74, 3, 165);
INSERT INTO performance VALUES (2, 134, 74, 3, 165);
INSERT INTO performance VALUES (2, 169, 74, 3, 245);
INSERT INTO performance VALUES (2, 204, 74, 3, 185);
INSERT INTO performance VALUES (2, 239, 74, 3, 215);
INSERT INTO performance VALUES (2, 309, 74, 3, 195);
INSERT INTO performance VALUES (2, 344, 74, 3, 205);
INSERT INTO performance VALUES (2, 484, 74, 3, 195);
INSERT INTO consists_of VALUES (74, 3, 3, 4);
INSERT INTO performance VALUES (3, 29, 74, 4, 200);
INSERT INTO performance VALUES (3, 64, 74, 4, 200);
INSERT INTO performance VALUES (3, 99, 74, 4, 240);
INSERT INTO performance VALUES (3, 134, 74, 4, 180);
INSERT INTO performance VALUES (3, 169, 74, 4, 170);
INSERT INTO performance VALUES (3, 204, 74, 4, 170);
INSERT INTO performance VALUES (3, 239, 74, 4, 250);
INSERT INTO performance VALUES (3, 309, 74, 4, 170);
INSERT INTO performance VALUES (3, 344, 74, 4, 210);
INSERT INTO performance VALUES (3, 484, 74, 4, 190);
INSERT INTO consists_of VALUES (74, 21, 4, 5);
INSERT INTO performance VALUES (21, 29, 74, 5, 175);
INSERT INTO performance VALUES (21, 64, 74, 5, 185);
INSERT INTO performance VALUES (21, 99, 74, 5, 245);
INSERT INTO performance VALUES (21, 134, 74, 5, 175);
INSERT INTO performance VALUES (21, 169, 74, 5, 205);
INSERT INTO performance VALUES (21, 204, 74, 5, 185);
INSERT INTO performance VALUES (21, 239, 74, 5, 235);
INSERT INTO performance VALUES (21, 309, 74, 5, 155);
INSERT INTO performance VALUES (21, 344, 74, 5, 175);
INSERT INTO performance VALUES (21, 484, 74, 5, 185);
INSERT INTO consists_of VALUES (74, 17, 4, 7);
INSERT INTO performance VALUES (17, 29, 74, 7, 145);
INSERT INTO performance VALUES (17, 64, 74, 7, 185);
INSERT INTO performance VALUES (17, 99, 74, 7, 145);
INSERT INTO performance VALUES (17, 134, 74, 7, 155);
INSERT INTO performance VALUES (17, 169, 74, 7, 225);
INSERT INTO performance VALUES (17, 204, 74, 7, 165);
INSERT INTO performance VALUES (17, 239, 74, 7, 185);
INSERT INTO performance VALUES (17, 309, 74, 7, 155);
INSERT INTO performance VALUES (17, 344, 74, 7, 155);
INSERT INTO performance VALUES (17, 484, 74, 7, 215);
INSERT INTO consists_of VALUES (74, 15, 4, 10);
INSERT INTO performance VALUES (15, 29, 74, 10, 140);
INSERT INTO performance VALUES (15, 64, 74, 10, 140);
INSERT INTO performance VALUES (15, 99, 74, 10, 160);
INSERT INTO performance VALUES (15, 134, 74, 10, 130);
INSERT INTO performance VALUES (15, 169, 74, 10, 130);
INSERT INTO performance VALUES (15, 204, 74, 10, 140);
INSERT INTO performance VALUES (15, 239, 74, 10, 150);
INSERT INTO performance VALUES (15, 309, 74, 10, 160);
INSERT INTO performance VALUES (15, 344, 74, 10, 170);
INSERT INTO performance VALUES (15, 484, 74, 10, 210);
INSERT INTO Workout VALUES (75, 19, '2012-09-18', 9);
INSERT INTO does VALUES (75, 29, '2012-09-18');
INSERT INTO does VALUES (75, 64, '2012-09-18');
INSERT INTO does VALUES (75, 99, '2012-09-18');
INSERT INTO does VALUES (75, 134, '2012-09-18');
INSERT INTO does VALUES (75, 169, '2012-09-18');
INSERT INTO does VALUES (75, 204, '2012-09-18');
INSERT INTO does VALUES (75, 239, '2012-09-18');
INSERT INTO does VALUES (75, 274, '2012-09-18');
INSERT INTO does VALUES (75, 309, '2012-09-18');
INSERT INTO does VALUES (75, 344, '2012-09-18');
INSERT INTO does VALUES (75, 379, '2012-09-18');
INSERT INTO does VALUES (75, 414, '2012-09-18');
INSERT INTO does VALUES (75, 449, '2012-09-18');
INSERT INTO does VALUES (75, 484, '2012-09-18');
INSERT INTO consists_of VALUES (75, 6, 3, 5);
INSERT INTO performance VALUES (6, 29, 75, 5, 185);
INSERT INTO performance VALUES (6, 64, 75, 5, 195);
INSERT INTO performance VALUES (6, 99, 75, 5, 175);
INSERT INTO performance VALUES (6, 134, 75, 5, 215);
INSERT INTO performance VALUES (6, 169, 75, 5, 165);
INSERT INTO performance VALUES (6, 204, 75, 5, 165);
INSERT INTO performance VALUES (6, 239, 75, 5, 245);
INSERT INTO performance VALUES (6, 309, 75, 5, 255);
INSERT INTO performance VALUES (6, 344, 75, 5, 215);
INSERT INTO performance VALUES (6, 484, 75, 5, 215);
INSERT INTO consists_of VALUES (75, 4, 2, 10);
INSERT INTO performance VALUES (4, 29, 75, 10, 180);
INSERT INTO performance VALUES (4, 64, 75, 10, 140);
INSERT INTO performance VALUES (4, 99, 75, 10, 180);
INSERT INTO performance VALUES (4, 134, 75, 10, 140);
INSERT INTO performance VALUES (4, 169, 75, 10, 150);
INSERT INTO performance VALUES (4, 204, 75, 10, 150);
INSERT INTO performance VALUES (4, 239, 75, 10, 190);
INSERT INTO performance VALUES (4, 309, 75, 10, 160);
INSERT INTO performance VALUES (4, 344, 75, 10, 150);
INSERT INTO performance VALUES (4, 484, 75, 10, 140);
INSERT INTO consists_of VALUES (75, 17, 2, 9);
INSERT INTO performance VALUES (17, 29, 75, 9, 165);
INSERT INTO performance VALUES (17, 64, 75, 9, 135);
INSERT INTO performance VALUES (17, 99, 75, 9, 235);
INSERT INTO performance VALUES (17, 134, 75, 9, 215);
INSERT INTO performance VALUES (17, 169, 75, 9, 135);
INSERT INTO performance VALUES (17, 204, 75, 9, 145);
INSERT INTO performance VALUES (17, 239, 75, 9, 165);
INSERT INTO performance VALUES (17, 309, 75, 9, 145);
INSERT INTO performance VALUES (17, 344, 75, 9, 175);
INSERT INTO performance VALUES (17, 484, 75, 9, 175);
INSERT INTO consists_of VALUES (75, 14, 4, 6);
INSERT INTO performance VALUES (14, 29, 75, 6, 250);
INSERT INTO performance VALUES (14, 64, 75, 6, 150);
INSERT INTO performance VALUES (14, 99, 75, 6, 210);
INSERT INTO performance VALUES (14, 134, 75, 6, 150);
INSERT INTO performance VALUES (14, 169, 75, 6, 180);
INSERT INTO performance VALUES (14, 204, 75, 6, 200);
INSERT INTO performance VALUES (14, 239, 75, 6, 200);
INSERT INTO performance VALUES (14, 309, 75, 6, 230);
INSERT INTO performance VALUES (14, 344, 75, 6, 200);
INSERT INTO performance VALUES (14, 484, 75, 6, 220);
INSERT INTO consists_of VALUES (75, 12, 3, 5);
INSERT INTO performance VALUES (12, 29, 75, 5, 215);
INSERT INTO performance VALUES (12, 64, 75, 5, 195);
INSERT INTO performance VALUES (12, 99, 75, 5, 165);
INSERT INTO performance VALUES (12, 134, 75, 5, 175);
INSERT INTO performance VALUES (12, 169, 75, 5, 205);
INSERT INTO performance VALUES (12, 204, 75, 5, 195);
INSERT INTO performance VALUES (12, 239, 75, 5, 165);
INSERT INTO performance VALUES (12, 309, 75, 5, 215);
INSERT INTO performance VALUES (12, 344, 75, 5, 215);
INSERT INTO performance VALUES (12, 484, 75, 5, 175);
INSERT INTO Workout VALUES (76, 19, '2012-09-25', 9);
INSERT INTO does VALUES (76, 29, '2012-09-25');
INSERT INTO does VALUES (76, 64, '2012-09-25');
INSERT INTO does VALUES (76, 99, '2012-09-25');
INSERT INTO does VALUES (76, 134, '2012-09-25');
INSERT INTO does VALUES (76, 169, '2012-09-25');
INSERT INTO does VALUES (76, 204, '2012-09-25');
INSERT INTO does VALUES (76, 239, '2012-09-25');
INSERT INTO does VALUES (76, 274, '2012-09-25');
INSERT INTO does VALUES (76, 344, '2012-09-25');
INSERT INTO does VALUES (76, 379, '2012-09-25');
INSERT INTO does VALUES (76, 414, '2012-09-25');
INSERT INTO does VALUES (76, 449, '2012-09-25');
INSERT INTO does VALUES (76, 484, '2012-09-25');
INSERT INTO consists_of VALUES (76, 6, 3, 10);
INSERT INTO performance VALUES (6, 29, 76, 10, 160);
INSERT INTO performance VALUES (6, 64, 76, 10, 170);
INSERT INTO performance VALUES (6, 99, 76, 10, 180);
INSERT INTO performance VALUES (6, 134, 76, 10, 210);
INSERT INTO performance VALUES (6, 169, 76, 10, 140);
INSERT INTO performance VALUES (6, 204, 76, 10, 130);
INSERT INTO performance VALUES (6, 239, 76, 10, 230);
INSERT INTO performance VALUES (6, 344, 76, 10, 200);
INSERT INTO performance VALUES (6, 484, 76, 10, 200);
INSERT INTO consists_of VALUES (76, 16, 3, 6);
INSERT INTO performance VALUES (16, 29, 76, 6, 190);
INSERT INTO performance VALUES (16, 64, 76, 6, 160);
INSERT INTO performance VALUES (16, 99, 76, 6, 160);
INSERT INTO performance VALUES (16, 134, 76, 6, 160);
INSERT INTO performance VALUES (16, 169, 76, 6, 150);
INSERT INTO performance VALUES (16, 204, 76, 6, 150);
INSERT INTO performance VALUES (16, 239, 76, 6, 210);
INSERT INTO performance VALUES (16, 344, 76, 6, 220);
INSERT INTO performance VALUES (16, 484, 76, 6, 160);
INSERT INTO consists_of VALUES (76, 3, 3, 4);
INSERT INTO performance VALUES (3, 29, 76, 4, 160);
INSERT INTO performance VALUES (3, 64, 76, 4, 220);
INSERT INTO performance VALUES (3, 99, 76, 4, 240);
INSERT INTO performance VALUES (3, 134, 76, 4, 200);
INSERT INTO performance VALUES (3, 169, 76, 4, 210);
INSERT INTO performance VALUES (3, 204, 76, 4, 230);
INSERT INTO performance VALUES (3, 239, 76, 4, 160);
INSERT INTO performance VALUES (3, 344, 76, 4, 170);
INSERT INTO performance VALUES (3, 484, 76, 4, 180);
INSERT INTO consists_of VALUES (76, 2, 3, 3);
INSERT INTO performance VALUES (2, 29, 76, 3, 165);
INSERT INTO performance VALUES (2, 64, 76, 3, 175);
INSERT INTO performance VALUES (2, 99, 76, 3, 215);
INSERT INTO performance VALUES (2, 134, 76, 3, 235);
INSERT INTO performance VALUES (2, 169, 76, 3, 215);
INSERT INTO performance VALUES (2, 204, 76, 3, 165);
INSERT INTO performance VALUES (2, 239, 76, 3, 225);
INSERT INTO performance VALUES (2, 344, 76, 3, 235);
INSERT INTO performance VALUES (2, 484, 76, 3, 245);
INSERT INTO consists_of VALUES (76, 1, 2, 10);
INSERT INTO performance VALUES (1, 29, 76, 10, 140);
INSERT INTO performance VALUES (1, 64, 76, 10, 180);
INSERT INTO performance VALUES (1, 99, 76, 10, 160);
INSERT INTO performance VALUES (1, 134, 76, 10, 160);
INSERT INTO performance VALUES (1, 169, 76, 10, 170);
INSERT INTO performance VALUES (1, 204, 76, 10, 180);
INSERT INTO performance VALUES (1, 239, 76, 10, 170);
INSERT INTO performance VALUES (1, 344, 76, 10, 210);
INSERT INTO performance VALUES (1, 484, 76, 10, 190);
INSERT INTO Workout VALUES (77, 20, '2012-10-04', 10);
INSERT INTO does VALUES (77, 65, '2012-10-04');
INSERT INTO does VALUES (77, 100, '2012-10-04');
INSERT INTO does VALUES (77, 135, '2012-10-04');
INSERT INTO does VALUES (77, 170, '2012-10-04');
INSERT INTO does VALUES (77, 205, '2012-10-04');
INSERT INTO does VALUES (77, 240, '2012-10-04');
INSERT INTO does VALUES (77, 275, '2012-10-04');
INSERT INTO does VALUES (77, 310, '2012-10-04');
INSERT INTO does VALUES (77, 345, '2012-10-04');
INSERT INTO does VALUES (77, 380, '2012-10-04');
INSERT INTO does VALUES (77, 415, '2012-10-04');
INSERT INTO does VALUES (77, 450, '2012-10-04');
INSERT INTO does VALUES (77, 485, '2012-10-04');
INSERT INTO consists_of VALUES (77, 15, 4, 7);
INSERT INTO performance VALUES (15, 65, 77, 7, 165);
INSERT INTO performance VALUES (15, 100, 77, 7, 145);
INSERT INTO performance VALUES (15, 135, 77, 7, 155);
INSERT INTO performance VALUES (15, 170, 77, 7, 195);
INSERT INTO performance VALUES (15, 205, 77, 7, 215);
INSERT INTO performance VALUES (15, 240, 77, 7, 185);
INSERT INTO performance VALUES (15, 275, 77, 7, 185);
INSERT INTO performance VALUES (15, 310, 77, 7, 245);
INSERT INTO performance VALUES (15, 345, 77, 7, 195);
INSERT INTO performance VALUES (15, 380, 77, 7, 225);
INSERT INTO performance VALUES (15, 415, 77, 7, 155);
INSERT INTO performance VALUES (15, 450, 77, 7, 255);
INSERT INTO performance VALUES (15, 485, 77, 7, 155);
INSERT INTO consists_of VALUES (77, 2, 2, 6);
INSERT INTO performance VALUES (2, 65, 77, 6, 230);
INSERT INTO performance VALUES (2, 100, 77, 6, 230);
INSERT INTO performance VALUES (2, 135, 77, 6, 230);
INSERT INTO performance VALUES (2, 170, 77, 6, 170);
INSERT INTO performance VALUES (2, 205, 77, 6, 170);
INSERT INTO performance VALUES (2, 240, 77, 6, 170);
INSERT INTO performance VALUES (2, 275, 77, 6, 160);
INSERT INTO performance VALUES (2, 310, 77, 6, 180);
INSERT INTO performance VALUES (2, 345, 77, 6, 170);
INSERT INTO performance VALUES (2, 380, 77, 6, 260);
INSERT INTO performance VALUES (2, 415, 77, 6, 170);
INSERT INTO performance VALUES (2, 450, 77, 6, 180);
INSERT INTO performance VALUES (2, 485, 77, 6, 180);
INSERT INTO consists_of VALUES (77, 3, 3, 7);
INSERT INTO performance VALUES (3, 65, 77, 7, 165);
INSERT INTO performance VALUES (3, 100, 77, 7, 235);
INSERT INTO performance VALUES (3, 135, 77, 7, 225);
INSERT INTO performance VALUES (3, 170, 77, 7, 255);
INSERT INTO performance VALUES (3, 205, 77, 7, 195);
INSERT INTO performance VALUES (3, 240, 77, 7, 225);
INSERT INTO performance VALUES (3, 275, 77, 7, 185);
INSERT INTO performance VALUES (3, 310, 77, 7, 155);
INSERT INTO performance VALUES (3, 345, 77, 7, 195);
INSERT INTO performance VALUES (3, 380, 77, 7, 165);
INSERT INTO performance VALUES (3, 415, 77, 7, 185);
INSERT INTO performance VALUES (3, 450, 77, 7, 205);
INSERT INTO performance VALUES (3, 485, 77, 7, 215);
INSERT INTO consists_of VALUES (77, 7, 4, 9);
INSERT INTO performance VALUES (7, 65, 77, 9, 195);
INSERT INTO performance VALUES (7, 100, 77, 9, 195);
INSERT INTO performance VALUES (7, 135, 77, 9, 215);
INSERT INTO performance VALUES (7, 170, 77, 9, 145);
INSERT INTO performance VALUES (7, 205, 77, 9, 195);
INSERT INTO performance VALUES (7, 240, 77, 9, 185);
INSERT INTO performance VALUES (7, 275, 77, 9, 135);
INSERT INTO performance VALUES (7, 310, 77, 9, 235);
INSERT INTO performance VALUES (7, 345, 77, 9, 215);
INSERT INTO performance VALUES (7, 380, 77, 9, 135);
INSERT INTO performance VALUES (7, 415, 77, 9, 205);
INSERT INTO performance VALUES (7, 450, 77, 9, 175);
INSERT INTO performance VALUES (7, 485, 77, 9, 155);
INSERT INTO consists_of VALUES (77, 21, 2, 4);
INSERT INTO performance VALUES (21, 65, 77, 4, 220);
INSERT INTO performance VALUES (21, 100, 77, 4, 160);
INSERT INTO performance VALUES (21, 135, 77, 4, 200);
INSERT INTO performance VALUES (21, 170, 77, 4, 270);
INSERT INTO performance VALUES (21, 205, 77, 4, 160);
INSERT INTO performance VALUES (21, 240, 77, 4, 180);
INSERT INTO performance VALUES (21, 275, 77, 4, 180);
INSERT INTO performance VALUES (21, 310, 77, 4, 190);
INSERT INTO performance VALUES (21, 345, 77, 4, 240);
INSERT INTO performance VALUES (21, 380, 77, 4, 240);
INSERT INTO performance VALUES (21, 415, 77, 4, 180);
INSERT INTO performance VALUES (21, 450, 77, 4, 160);
INSERT INTO performance VALUES (21, 485, 77, 4, 210);
INSERT INTO Workout VALUES (78, 20, '2012-10-11', 10);
INSERT INTO does VALUES (78, 30, '2012-10-11');
INSERT INTO does VALUES (78, 65, '2012-10-11');
INSERT INTO does VALUES (78, 100, '2012-10-11');
INSERT INTO does VALUES (78, 135, '2012-10-11');
INSERT INTO does VALUES (78, 170, '2012-10-11');
INSERT INTO does VALUES (78, 205, '2012-10-11');
INSERT INTO does VALUES (78, 240, '2012-10-11');
INSERT INTO does VALUES (78, 275, '2012-10-11');
INSERT INTO does VALUES (78, 310, '2012-10-11');
INSERT INTO does VALUES (78, 345, '2012-10-11');
INSERT INTO does VALUES (78, 380, '2012-10-11');
INSERT INTO does VALUES (78, 415, '2012-10-11');
INSERT INTO does VALUES (78, 450, '2012-10-11');
INSERT INTO does VALUES (78, 485, '2012-10-11');
INSERT INTO consists_of VALUES (78, 1, 3, 7);
INSERT INTO performance VALUES (1, 65, 78, 7, 185);
INSERT INTO performance VALUES (1, 100, 78, 7, 205);
INSERT INTO performance VALUES (1, 135, 78, 7, 225);
INSERT INTO performance VALUES (1, 170, 78, 7, 235);
INSERT INTO performance VALUES (1, 205, 78, 7, 225);
INSERT INTO performance VALUES (1, 240, 78, 7, 255);
INSERT INTO performance VALUES (1, 275, 78, 7, 175);
INSERT INTO performance VALUES (1, 310, 78, 7, 245);
INSERT INTO performance VALUES (1, 345, 78, 7, 175);
INSERT INTO performance VALUES (1, 380, 78, 7, 205);
INSERT INTO performance VALUES (1, 415, 78, 7, 215);
INSERT INTO performance VALUES (1, 450, 78, 7, 155);
INSERT INTO performance VALUES (1, 485, 78, 7, 165);
INSERT INTO consists_of VALUES (78, 20, 4, 5);
INSERT INTO performance VALUES (20, 65, 78, 5, 215);
INSERT INTO performance VALUES (20, 100, 78, 5, 155);
INSERT INTO performance VALUES (20, 135, 78, 5, 175);
INSERT INTO performance VALUES (20, 170, 78, 5, 225);
INSERT INTO performance VALUES (20, 205, 78, 5, 215);
INSERT INTO performance VALUES (20, 240, 78, 5, 175);
INSERT INTO performance VALUES (20, 275, 78, 5, 225);
INSERT INTO performance VALUES (20, 310, 78, 5, 265);
INSERT INTO performance VALUES (20, 345, 78, 5, 185);
INSERT INTO performance VALUES (20, 380, 78, 5, 195);
INSERT INTO performance VALUES (20, 415, 78, 5, 195);
INSERT INTO performance VALUES (20, 450, 78, 5, 245);
INSERT INTO performance VALUES (20, 485, 78, 5, 235);
INSERT INTO consists_of VALUES (78, 6, 3, 6);
INSERT INTO performance VALUES (6, 65, 78, 6, 220);
INSERT INTO performance VALUES (6, 100, 78, 6, 170);
INSERT INTO performance VALUES (6, 135, 78, 6, 230);
INSERT INTO performance VALUES (6, 170, 78, 6, 210);
INSERT INTO performance VALUES (6, 205, 78, 6, 150);
INSERT INTO performance VALUES (6, 240, 78, 6, 170);
INSERT INTO performance VALUES (6, 275, 78, 6, 220);
INSERT INTO performance VALUES (6, 310, 78, 6, 190);
INSERT INTO performance VALUES (6, 345, 78, 6, 190);
INSERT INTO performance VALUES (6, 380, 78, 6, 250);
INSERT INTO performance VALUES (6, 415, 78, 6, 230);
INSERT INTO performance VALUES (6, 450, 78, 6, 230);
INSERT INTO performance VALUES (6, 485, 78, 6, 230);
INSERT INTO consists_of VALUES (78, 2, 3, 6);
INSERT INTO performance VALUES (2, 65, 78, 6, 200);
INSERT INTO performance VALUES (2, 100, 78, 6, 240);
INSERT INTO performance VALUES (2, 135, 78, 6, 200);
INSERT INTO performance VALUES (2, 170, 78, 6, 200);
INSERT INTO performance VALUES (2, 205, 78, 6, 190);
INSERT INTO performance VALUES (2, 240, 78, 6, 170);
INSERT INTO performance VALUES (2, 275, 78, 6, 170);
INSERT INTO performance VALUES (2, 310, 78, 6, 150);
INSERT INTO performance VALUES (2, 345, 78, 6, 160);
INSERT INTO performance VALUES (2, 380, 78, 6, 210);
INSERT INTO performance VALUES (2, 415, 78, 6, 180);
INSERT INTO performance VALUES (2, 450, 78, 6, 190);
INSERT INTO performance VALUES (2, 485, 78, 6, 180);
INSERT INTO consists_of VALUES (78, 11, 4, 7);
INSERT INTO performance VALUES (11, 65, 78, 7, 185);
INSERT INTO performance VALUES (11, 100, 78, 7, 225);
INSERT INTO performance VALUES (11, 135, 78, 7, 175);
INSERT INTO performance VALUES (11, 170, 78, 7, 235);
INSERT INTO performance VALUES (11, 205, 78, 7, 155);
INSERT INTO performance VALUES (11, 240, 78, 7, 155);
INSERT INTO performance VALUES (11, 275, 78, 7, 225);
INSERT INTO performance VALUES (11, 310, 78, 7, 185);
INSERT INTO performance VALUES (11, 345, 78, 7, 145);
INSERT INTO performance VALUES (11, 380, 78, 7, 225);
INSERT INTO performance VALUES (11, 415, 78, 7, 225);
INSERT INTO performance VALUES (11, 450, 78, 7, 205);
INSERT INTO performance VALUES (11, 485, 78, 7, 155);
INSERT INTO Workout VALUES (79, 20, '2012-10-18', 10);
INSERT INTO does VALUES (79, 30, '2012-10-18');
INSERT INTO does VALUES (79, 65, '2012-10-18');
INSERT INTO does VALUES (79, 100, '2012-10-18');
INSERT INTO does VALUES (79, 135, '2012-10-18');
INSERT INTO does VALUES (79, 170, '2012-10-18');
INSERT INTO does VALUES (79, 205, '2012-10-18');
INSERT INTO does VALUES (79, 240, '2012-10-18');
INSERT INTO does VALUES (79, 275, '2012-10-18');
INSERT INTO does VALUES (79, 310, '2012-10-18');
INSERT INTO does VALUES (79, 345, '2012-10-18');
INSERT INTO does VALUES (79, 415, '2012-10-18');
INSERT INTO does VALUES (79, 450, '2012-10-18');
INSERT INTO consists_of VALUES (79, 13, 2, 10);
INSERT INTO performance VALUES (13, 65, 79, 10, 210);
INSERT INTO performance VALUES (13, 100, 79, 10, 190);
INSERT INTO performance VALUES (13, 135, 79, 10, 170);
INSERT INTO performance VALUES (13, 170, 79, 10, 130);
INSERT INTO performance VALUES (13, 205, 79, 10, 130);
INSERT INTO performance VALUES (13, 240, 79, 10, 200);
INSERT INTO performance VALUES (13, 275, 79, 10, 150);
INSERT INTO performance VALUES (13, 310, 79, 10, 130);
INSERT INTO performance VALUES (13, 345, 79, 10, 130);
INSERT INTO performance VALUES (13, 415, 79, 10, 190);
INSERT INTO performance VALUES (13, 450, 79, 10, 200);
INSERT INTO consists_of VALUES (79, 16, 3, 8);
INSERT INTO performance VALUES (16, 65, 79, 8, 160);
INSERT INTO performance VALUES (16, 100, 79, 8, 220);
INSERT INTO performance VALUES (16, 135, 79, 8, 170);
INSERT INTO performance VALUES (16, 170, 79, 8, 190);
INSERT INTO performance VALUES (16, 205, 79, 8, 150);
INSERT INTO performance VALUES (16, 240, 79, 8, 240);
INSERT INTO performance VALUES (16, 275, 79, 8, 180);
INSERT INTO performance VALUES (16, 310, 79, 8, 170);
INSERT INTO performance VALUES (16, 345, 79, 8, 160);
INSERT INTO performance VALUES (16, 415, 79, 8, 180);
INSERT INTO performance VALUES (16, 450, 79, 8, 190);
INSERT INTO consists_of VALUES (79, 19, 3, 7);
INSERT INTO performance VALUES (19, 65, 79, 7, 225);
INSERT INTO performance VALUES (19, 100, 79, 7, 195);
INSERT INTO performance VALUES (19, 135, 79, 7, 145);
INSERT INTO performance VALUES (19, 170, 79, 7, 215);
INSERT INTO performance VALUES (19, 205, 79, 7, 165);
INSERT INTO performance VALUES (19, 240, 79, 7, 155);
INSERT INTO performance VALUES (19, 275, 79, 7, 175);
INSERT INTO performance VALUES (19, 310, 79, 7, 185);
INSERT INTO performance VALUES (19, 345, 79, 7, 145);
INSERT INTO performance VALUES (19, 415, 79, 7, 165);
INSERT INTO performance VALUES (19, 450, 79, 7, 175);
INSERT INTO consists_of VALUES (79, 18, 3, 5);
INSERT INTO performance VALUES (18, 65, 79, 5, 155);
INSERT INTO performance VALUES (18, 100, 79, 5, 215);
INSERT INTO performance VALUES (18, 135, 79, 5, 225);
INSERT INTO performance VALUES (18, 170, 79, 5, 225);
INSERT INTO performance VALUES (18, 205, 79, 5, 185);
INSERT INTO performance VALUES (18, 240, 79, 5, 195);
INSERT INTO performance VALUES (18, 275, 79, 5, 165);
INSERT INTO performance VALUES (18, 310, 79, 5, 165);
INSERT INTO performance VALUES (18, 345, 79, 5, 195);
INSERT INTO performance VALUES (18, 415, 79, 5, 165);
INSERT INTO performance VALUES (18, 450, 79, 5, 185);
INSERT INTO consists_of VALUES (79, 12, 3, 5);
INSERT INTO performance VALUES (12, 65, 79, 5, 205);
INSERT INTO performance VALUES (12, 100, 79, 5, 185);
INSERT INTO performance VALUES (12, 135, 79, 5, 175);
INSERT INTO performance VALUES (12, 170, 79, 5, 225);
INSERT INTO performance VALUES (12, 205, 79, 5, 225);
INSERT INTO performance VALUES (12, 240, 79, 5, 265);
INSERT INTO performance VALUES (12, 275, 79, 5, 175);
INSERT INTO performance VALUES (12, 310, 79, 5, 165);
INSERT INTO performance VALUES (12, 345, 79, 5, 215);
INSERT INTO performance VALUES (12, 415, 79, 5, 155);
INSERT INTO performance VALUES (12, 450, 79, 5, 255);
INSERT INTO Workout VALUES (80, 20, '2012-10-25', 10);
INSERT INTO does VALUES (80, 65, '2012-10-25');
INSERT INTO does VALUES (80, 100, '2012-10-25');
INSERT INTO does VALUES (80, 135, '2012-10-25');
INSERT INTO does VALUES (80, 170, '2012-10-25');
INSERT INTO does VALUES (80, 205, '2012-10-25');
INSERT INTO does VALUES (80, 240, '2012-10-25');
INSERT INTO does VALUES (80, 275, '2012-10-25');
INSERT INTO does VALUES (80, 310, '2012-10-25');
INSERT INTO does VALUES (80, 345, '2012-10-25');
INSERT INTO does VALUES (80, 380, '2012-10-25');
INSERT INTO does VALUES (80, 450, '2012-10-25');
INSERT INTO does VALUES (80, 485, '2012-10-25');
INSERT INTO consists_of VALUES (80, 12, 3, 6);
INSERT INTO performance VALUES (12, 65, 80, 6, 170);
INSERT INTO performance VALUES (12, 100, 80, 6, 190);
INSERT INTO performance VALUES (12, 135, 80, 6, 180);
INSERT INTO performance VALUES (12, 170, 80, 6, 230);
INSERT INTO performance VALUES (12, 205, 80, 6, 150);
INSERT INTO performance VALUES (12, 240, 80, 6, 150);
INSERT INTO performance VALUES (12, 275, 80, 6, 210);
INSERT INTO performance VALUES (12, 310, 80, 6, 240);
INSERT INTO performance VALUES (12, 345, 80, 6, 180);
INSERT INTO performance VALUES (12, 450, 80, 6, 260);
INSERT INTO consists_of VALUES (80, 18, 2, 9);
INSERT INTO performance VALUES (18, 65, 80, 9, 185);
INSERT INTO performance VALUES (18, 100, 80, 9, 215);
INSERT INTO performance VALUES (18, 135, 80, 9, 205);
INSERT INTO performance VALUES (18, 170, 80, 9, 245);
INSERT INTO performance VALUES (18, 205, 80, 9, 145);
INSERT INTO performance VALUES (18, 240, 80, 9, 245);
INSERT INTO performance VALUES (18, 275, 80, 9, 145);
INSERT INTO performance VALUES (18, 310, 80, 9, 225);
INSERT INTO performance VALUES (18, 345, 80, 9, 185);
INSERT INTO performance VALUES (18, 450, 80, 9, 195);
INSERT INTO consists_of VALUES (80, 3, 2, 6);
INSERT INTO performance VALUES (3, 65, 80, 6, 170);
INSERT INTO performance VALUES (3, 100, 80, 6, 180);
INSERT INTO performance VALUES (3, 135, 80, 6, 200);
INSERT INTO performance VALUES (3, 170, 80, 6, 150);
INSERT INTO performance VALUES (3, 205, 80, 6, 170);
INSERT INTO performance VALUES (3, 240, 80, 6, 250);
INSERT INTO performance VALUES (3, 275, 80, 6, 150);
INSERT INTO performance VALUES (3, 310, 80, 6, 260);
INSERT INTO performance VALUES (3, 345, 80, 6, 150);
INSERT INTO performance VALUES (3, 450, 80, 6, 240);
INSERT INTO consists_of VALUES (80, 11, 2, 10);
INSERT INTO performance VALUES (11, 65, 80, 10, 200);
INSERT INTO performance VALUES (11, 100, 80, 10, 160);
INSERT INTO performance VALUES (11, 135, 80, 10, 210);
INSERT INTO performance VALUES (11, 170, 80, 10, 200);
INSERT INTO performance VALUES (11, 205, 80, 10, 140);
INSERT INTO performance VALUES (11, 240, 80, 10, 150);
INSERT INTO performance VALUES (11, 275, 80, 10, 180);
INSERT INTO performance VALUES (11, 310, 80, 10, 180);
INSERT INTO performance VALUES (11, 345, 80, 10, 150);
INSERT INTO performance VALUES (11, 450, 80, 10, 220);
INSERT INTO consists_of VALUES (80, 19, 4, 7);
INSERT INTO performance VALUES (19, 65, 80, 7, 155);
INSERT INTO performance VALUES (19, 100, 80, 7, 165);
INSERT INTO performance VALUES (19, 135, 80, 7, 195);
INSERT INTO performance VALUES (19, 170, 80, 7, 155);
INSERT INTO performance VALUES (19, 205, 80, 7, 225);
INSERT INTO performance VALUES (19, 240, 80, 7, 165);
INSERT INTO performance VALUES (19, 275, 80, 7, 175);
INSERT INTO performance VALUES (19, 310, 80, 7, 235);
INSERT INTO performance VALUES (19, 345, 80, 7, 195);
INSERT INTO performance VALUES (19, 450, 80, 7, 215);
INSERT INTO Workout VALUES (81, 21, '2012-01-04', 1);
INSERT INTO does VALUES (81, 31, '2012-01-04');
INSERT INTO does VALUES (81, 66, '2012-01-04');
INSERT INTO does VALUES (81, 101, '2012-01-04');
INSERT INTO does VALUES (81, 136, '2012-01-04');
INSERT INTO does VALUES (81, 171, '2012-01-04');
INSERT INTO does VALUES (81, 206, '2012-01-04');
INSERT INTO does VALUES (81, 241, '2012-01-04');
INSERT INTO does VALUES (81, 276, '2012-01-04');
INSERT INTO does VALUES (81, 311, '2012-01-04');
INSERT INTO does VALUES (81, 381, '2012-01-04');
INSERT INTO does VALUES (81, 416, '2012-01-04');
INSERT INTO does VALUES (81, 451, '2012-01-04');
INSERT INTO does VALUES (81, 486, '2012-01-04');
INSERT INTO consists_of VALUES (81, 11, 2, 3);
INSERT INTO performance VALUES (11, 31, 81, 3, 175);
INSERT INTO performance VALUES (11, 66, 81, 3, 255);
INSERT INTO performance VALUES (11, 101, 81, 3, 265);
INSERT INTO performance VALUES (11, 136, 81, 3, 165);
INSERT INTO performance VALUES (11, 171, 81, 3, 165);
INSERT INTO performance VALUES (11, 206, 81, 3, 215);
INSERT INTO performance VALUES (11, 241, 81, 3, 265);
INSERT INTO performance VALUES (11, 276, 81, 3, 235);
INSERT INTO performance VALUES (11, 311, 81, 3, 235);
INSERT INTO performance VALUES (11, 381, 81, 3, 195);
INSERT INTO performance VALUES (11, 416, 81, 3, 235);
INSERT INTO performance VALUES (11, 451, 81, 3, 205);
INSERT INTO performance VALUES (11, 486, 81, 3, 215);
INSERT INTO consists_of VALUES (81, 12, 2, 4);
INSERT INTO performance VALUES (12, 31, 81, 4, 270);
INSERT INTO performance VALUES (12, 66, 81, 4, 160);
INSERT INTO performance VALUES (12, 101, 81, 4, 180);
INSERT INTO performance VALUES (12, 136, 81, 4, 160);
INSERT INTO performance VALUES (12, 171, 81, 4, 200);
INSERT INTO performance VALUES (12, 206, 81, 4, 250);
INSERT INTO performance VALUES (12, 241, 81, 4, 260);
INSERT INTO performance VALUES (12, 276, 81, 4, 210);
INSERT INTO performance VALUES (12, 311, 81, 4, 160);
INSERT INTO performance VALUES (12, 381, 81, 4, 230);
INSERT INTO performance VALUES (12, 416, 81, 4, 200);
INSERT INTO performance VALUES (12, 451, 81, 4, 180);
INSERT INTO performance VALUES (12, 486, 81, 4, 200);
INSERT INTO consists_of VALUES (81, 3, 3, 9);
INSERT INTO performance VALUES (3, 31, 81, 9, 145);
INSERT INTO performance VALUES (3, 66, 81, 9, 135);
INSERT INTO performance VALUES (3, 101, 81, 9, 195);
INSERT INTO performance VALUES (3, 136, 81, 9, 155);
INSERT INTO performance VALUES (3, 171, 81, 9, 205);
INSERT INTO performance VALUES (3, 206, 81, 9, 175);
INSERT INTO performance VALUES (3, 241, 81, 9, 195);
INSERT INTO performance VALUES (3, 276, 81, 9, 165);
INSERT INTO performance VALUES (3, 311, 81, 9, 205);
INSERT INTO performance VALUES (3, 381, 81, 9, 155);
INSERT INTO performance VALUES (3, 416, 81, 9, 195);
INSERT INTO performance VALUES (3, 451, 81, 9, 225);
INSERT INTO performance VALUES (3, 486, 81, 9, 145);
INSERT INTO consists_of VALUES (81, 9, 2, 10);
INSERT INTO performance VALUES (9, 31, 81, 10, 150);
INSERT INTO performance VALUES (9, 66, 81, 10, 180);
INSERT INTO performance VALUES (9, 101, 81, 10, 190);
INSERT INTO performance VALUES (9, 136, 81, 10, 140);
INSERT INTO performance VALUES (9, 171, 81, 10, 210);
INSERT INTO performance VALUES (9, 206, 81, 10, 170);
INSERT INTO performance VALUES (9, 241, 81, 10, 180);
INSERT INTO performance VALUES (9, 276, 81, 10, 220);
INSERT INTO performance VALUES (9, 311, 81, 10, 180);
INSERT INTO performance VALUES (9, 381, 81, 10, 230);
INSERT INTO performance VALUES (9, 416, 81, 10, 200);
INSERT INTO performance VALUES (9, 451, 81, 10, 180);
INSERT INTO performance VALUES (9, 486, 81, 10, 200);
INSERT INTO consists_of VALUES (81, 4, 3, 7);
INSERT INTO performance VALUES (4, 31, 81, 7, 155);
INSERT INTO performance VALUES (4, 66, 81, 7, 155);
INSERT INTO performance VALUES (4, 101, 81, 7, 145);
INSERT INTO performance VALUES (4, 136, 81, 7, 165);
INSERT INTO performance VALUES (4, 171, 81, 7, 175);
INSERT INTO performance VALUES (4, 206, 81, 7, 165);
INSERT INTO performance VALUES (4, 241, 81, 7, 185);
INSERT INTO performance VALUES (4, 276, 81, 7, 155);
INSERT INTO performance VALUES (4, 311, 81, 7, 175);
INSERT INTO performance VALUES (4, 381, 81, 7, 165);
INSERT INTO performance VALUES (4, 416, 81, 7, 155);
INSERT INTO performance VALUES (4, 451, 81, 7, 155);
INSERT INTO performance VALUES (4, 486, 81, 7, 225);
INSERT INTO Workout VALUES (82, 21, '2012-01-11', 1);
INSERT INTO does VALUES (82, 31, '2012-01-11');
INSERT INTO does VALUES (82, 66, '2012-01-11');
INSERT INTO does VALUES (82, 101, '2012-01-11');
INSERT INTO does VALUES (82, 171, '2012-01-11');
INSERT INTO does VALUES (82, 206, '2012-01-11');
INSERT INTO does VALUES (82, 241, '2012-01-11');
INSERT INTO does VALUES (82, 276, '2012-01-11');
INSERT INTO does VALUES (82, 346, '2012-01-11');
INSERT INTO does VALUES (82, 381, '2012-01-11');
INSERT INTO does VALUES (82, 416, '2012-01-11');
INSERT INTO does VALUES (82, 451, '2012-01-11');
INSERT INTO does VALUES (82, 486, '2012-01-11');
INSERT INTO consists_of VALUES (82, 16, 2, 10);
INSERT INTO performance VALUES (16, 31, 82, 10, 140);
INSERT INTO performance VALUES (16, 66, 82, 10, 150);
INSERT INTO performance VALUES (16, 101, 82, 10, 240);
INSERT INTO performance VALUES (16, 171, 82, 10, 150);
INSERT INTO performance VALUES (16, 206, 82, 10, 140);
INSERT INTO performance VALUES (16, 241, 82, 10, 150);
INSERT INTO performance VALUES (16, 276, 82, 10, 220);
INSERT INTO performance VALUES (16, 381, 82, 10, 170);
INSERT INTO performance VALUES (16, 416, 82, 10, 160);
INSERT INTO performance VALUES (16, 451, 82, 10, 190);
INSERT INTO performance VALUES (16, 486, 82, 10, 140);
INSERT INTO consists_of VALUES (82, 11, 3, 5);
INSERT INTO performance VALUES (11, 31, 82, 5, 165);
INSERT INTO performance VALUES (11, 66, 82, 5, 245);
INSERT INTO performance VALUES (11, 101, 82, 5, 235);
INSERT INTO performance VALUES (11, 171, 82, 5, 175);
INSERT INTO performance VALUES (11, 206, 82, 5, 245);
INSERT INTO performance VALUES (11, 241, 82, 5, 165);
INSERT INTO performance VALUES (11, 276, 82, 5, 165);
INSERT INTO performance VALUES (11, 381, 82, 5, 245);
INSERT INTO performance VALUES (11, 416, 82, 5, 215);
INSERT INTO performance VALUES (11, 451, 82, 5, 205);
INSERT INTO performance VALUES (11, 486, 82, 5, 175);
INSERT INTO consists_of VALUES (82, 10, 2, 6);
INSERT INTO performance VALUES (10, 31, 82, 6, 190);
INSERT INTO performance VALUES (10, 66, 82, 6, 210);
INSERT INTO performance VALUES (10, 101, 82, 6, 170);
INSERT INTO performance VALUES (10, 171, 82, 6, 230);
INSERT INTO performance VALUES (10, 206, 82, 6, 240);
INSERT INTO performance VALUES (10, 241, 82, 6, 260);
INSERT INTO performance VALUES (10, 276, 82, 6, 220);
INSERT INTO performance VALUES (10, 381, 82, 6, 190);
INSERT INTO performance VALUES (10, 416, 82, 6, 230);
INSERT INTO performance VALUES (10, 451, 82, 6, 220);
INSERT INTO performance VALUES (10, 486, 82, 6, 180);
INSERT INTO consists_of VALUES (82, 8, 3, 9);
INSERT INTO performance VALUES (8, 31, 82, 9, 235);
INSERT INTO performance VALUES (8, 66, 82, 9, 155);
INSERT INTO performance VALUES (8, 101, 82, 9, 245);
INSERT INTO performance VALUES (8, 171, 82, 9, 165);
INSERT INTO performance VALUES (8, 206, 82, 9, 145);
INSERT INTO performance VALUES (8, 241, 82, 9, 145);
INSERT INTO performance VALUES (8, 276, 82, 9, 225);
INSERT INTO performance VALUES (8, 381, 82, 9, 155);
INSERT INTO performance VALUES (8, 416, 82, 9, 185);
INSERT INTO performance VALUES (8, 451, 82, 9, 205);
INSERT INTO performance VALUES (8, 486, 82, 9, 165);
INSERT INTO consists_of VALUES (82, 5, 3, 7);
INSERT INTO performance VALUES (5, 31, 82, 7, 235);
INSERT INTO performance VALUES (5, 66, 82, 7, 165);
INSERT INTO performance VALUES (5, 101, 82, 7, 215);
INSERT INTO performance VALUES (5, 171, 82, 7, 145);
INSERT INTO performance VALUES (5, 206, 82, 7, 175);
INSERT INTO performance VALUES (5, 241, 82, 7, 245);
INSERT INTO performance VALUES (5, 276, 82, 7, 185);
INSERT INTO performance VALUES (5, 381, 82, 7, 165);
INSERT INTO performance VALUES (5, 416, 82, 7, 145);
INSERT INTO performance VALUES (5, 451, 82, 7, 175);
INSERT INTO performance VALUES (5, 486, 82, 7, 155);
INSERT INTO Workout VALUES (83, 21, '2012-01-18', 1);
INSERT INTO does VALUES (83, 31, '2012-01-18');
INSERT INTO does VALUES (83, 66, '2012-01-18');
INSERT INTO does VALUES (83, 101, '2012-01-18');
INSERT INTO does VALUES (83, 136, '2012-01-18');
INSERT INTO does VALUES (83, 171, '2012-01-18');
INSERT INTO does VALUES (83, 206, '2012-01-18');
INSERT INTO does VALUES (83, 241, '2012-01-18');
INSERT INTO does VALUES (83, 276, '2012-01-18');
INSERT INTO does VALUES (83, 311, '2012-01-18');
INSERT INTO does VALUES (83, 346, '2012-01-18');
INSERT INTO does VALUES (83, 381, '2012-01-18');
INSERT INTO does VALUES (83, 416, '2012-01-18');
INSERT INTO does VALUES (83, 451, '2012-01-18');
INSERT INTO consists_of VALUES (83, 1, 4, 6);
INSERT INTO performance VALUES (1, 31, 83, 6, 160);
INSERT INTO performance VALUES (1, 66, 83, 6, 170);
INSERT INTO performance VALUES (1, 101, 83, 6, 230);
INSERT INTO performance VALUES (1, 171, 83, 6, 260);
INSERT INTO performance VALUES (1, 206, 83, 6, 180);
INSERT INTO performance VALUES (1, 241, 83, 6, 250);
INSERT INTO performance VALUES (1, 276, 83, 6, 240);
INSERT INTO performance VALUES (1, 381, 83, 6, 230);
INSERT INTO performance VALUES (1, 416, 83, 6, 180);
INSERT INTO performance VALUES (1, 451, 83, 6, 220);
INSERT INTO consists_of VALUES (83, 3, 2, 7);
INSERT INTO performance VALUES (3, 31, 83, 7, 245);
INSERT INTO performance VALUES (3, 66, 83, 7, 225);
INSERT INTO performance VALUES (3, 101, 83, 7, 185);
INSERT INTO performance VALUES (3, 171, 83, 7, 235);
INSERT INTO performance VALUES (3, 206, 83, 7, 195);
INSERT INTO performance VALUES (3, 241, 83, 7, 155);
INSERT INTO performance VALUES (3, 276, 83, 7, 145);
INSERT INTO performance VALUES (3, 381, 83, 7, 215);
INSERT INTO performance VALUES (3, 416, 83, 7, 195);
INSERT INTO performance VALUES (3, 451, 83, 7, 185);
INSERT INTO consists_of VALUES (83, 2, 3, 10);
INSERT INTO performance VALUES (2, 31, 83, 10, 230);
INSERT INTO performance VALUES (2, 66, 83, 10, 190);
INSERT INTO performance VALUES (2, 101, 83, 10, 140);
INSERT INTO performance VALUES (2, 171, 83, 10, 160);
INSERT INTO performance VALUES (2, 206, 83, 10, 160);
INSERT INTO performance VALUES (2, 241, 83, 10, 140);
INSERT INTO performance VALUES (2, 276, 83, 10, 180);
INSERT INTO performance VALUES (2, 381, 83, 10, 210);
INSERT INTO performance VALUES (2, 416, 83, 10, 200);
INSERT INTO performance VALUES (2, 451, 83, 10, 160);
INSERT INTO consists_of VALUES (83, 14, 2, 3);
INSERT INTO performance VALUES (14, 31, 83, 3, 245);
INSERT INTO performance VALUES (14, 66, 83, 3, 245);
INSERT INTO performance VALUES (14, 101, 83, 3, 195);
INSERT INTO performance VALUES (14, 171, 83, 3, 185);
INSERT INTO performance VALUES (14, 206, 83, 3, 165);
INSERT INTO performance VALUES (14, 241, 83, 3, 275);
INSERT INTO performance VALUES (14, 276, 83, 3, 245);
INSERT INTO performance VALUES (14, 381, 83, 3, 205);
INSERT INTO performance VALUES (14, 416, 83, 3, 245);
INSERT INTO performance VALUES (14, 451, 83, 3, 215);
INSERT INTO consists_of VALUES (83, 15, 3, 10);
INSERT INTO performance VALUES (15, 31, 83, 10, 230);
INSERT INTO performance VALUES (15, 66, 83, 10, 150);
INSERT INTO performance VALUES (15, 101, 83, 10, 230);
INSERT INTO performance VALUES (15, 171, 83, 10, 200);
INSERT INTO performance VALUES (15, 206, 83, 10, 190);
INSERT INTO performance VALUES (15, 241, 83, 10, 210);
INSERT INTO performance VALUES (15, 276, 83, 10, 150);
INSERT INTO performance VALUES (15, 381, 83, 10, 190);
INSERT INTO performance VALUES (15, 416, 83, 10, 130);
INSERT INTO performance VALUES (15, 451, 83, 10, 240);
INSERT INTO Workout VALUES (84, 21, '2012-01-25', 1);
INSERT INTO does VALUES (84, 31, '2012-01-25');
INSERT INTO does VALUES (84, 66, '2012-01-25');
INSERT INTO does VALUES (84, 101, '2012-01-25');
INSERT INTO does VALUES (84, 136, '2012-01-25');
INSERT INTO does VALUES (84, 171, '2012-01-25');
INSERT INTO does VALUES (84, 241, '2012-01-25');
INSERT INTO does VALUES (84, 276, '2012-01-25');
INSERT INTO does VALUES (84, 311, '2012-01-25');
INSERT INTO does VALUES (84, 346, '2012-01-25');
INSERT INTO does VALUES (84, 381, '2012-01-25');
INSERT INTO does VALUES (84, 416, '2012-01-25');
INSERT INTO does VALUES (84, 451, '2012-01-25');
INSERT INTO does VALUES (84, 486, '2012-01-25');
INSERT INTO consists_of VALUES (84, 8, 3, 9);
INSERT INTO performance VALUES (8, 31, 84, 9, 175);
INSERT INTO performance VALUES (8, 66, 84, 9, 135);
INSERT INTO performance VALUES (8, 101, 84, 9, 155);
INSERT INTO performance VALUES (8, 171, 84, 9, 215);
INSERT INTO performance VALUES (8, 241, 84, 9, 155);
INSERT INTO performance VALUES (8, 276, 84, 9, 185);
INSERT INTO performance VALUES (8, 381, 84, 9, 225);
INSERT INTO performance VALUES (8, 416, 84, 9, 225);
INSERT INTO performance VALUES (8, 451, 84, 9, 235);
INSERT INTO consists_of VALUES (84, 12, 4, 7);
INSERT INTO performance VALUES (12, 31, 84, 7, 255);
INSERT INTO performance VALUES (12, 66, 84, 7, 155);
INSERT INTO performance VALUES (12, 101, 84, 7, 225);
INSERT INTO performance VALUES (12, 171, 84, 7, 245);
INSERT INTO performance VALUES (12, 241, 84, 7, 185);
INSERT INTO performance VALUES (12, 276, 84, 7, 195);
INSERT INTO performance VALUES (12, 381, 84, 7, 145);
INSERT INTO performance VALUES (12, 416, 84, 7, 155);
INSERT INTO performance VALUES (12, 451, 84, 7, 215);
INSERT INTO consists_of VALUES (84, 6, 3, 4);
INSERT INTO performance VALUES (6, 31, 84, 4, 170);
INSERT INTO performance VALUES (6, 66, 84, 4, 230);
INSERT INTO performance VALUES (6, 101, 84, 4, 200);
INSERT INTO performance VALUES (6, 171, 84, 4, 260);
INSERT INTO performance VALUES (6, 241, 84, 4, 200);
INSERT INTO performance VALUES (6, 276, 84, 4, 160);
INSERT INTO performance VALUES (6, 381, 84, 4, 170);
INSERT INTO performance VALUES (6, 416, 84, 4, 200);
INSERT INTO performance VALUES (6, 451, 84, 4, 270);
INSERT INTO consists_of VALUES (84, 15, 2, 3);
INSERT INTO performance VALUES (15, 31, 84, 3, 235);
INSERT INTO performance VALUES (15, 66, 84, 3, 165);
INSERT INTO performance VALUES (15, 101, 84, 3, 255);
INSERT INTO performance VALUES (15, 171, 84, 3, 175);
INSERT INTO performance VALUES (15, 241, 84, 3, 165);
INSERT INTO performance VALUES (15, 276, 84, 3, 225);
INSERT INTO performance VALUES (15, 381, 84, 3, 175);
INSERT INTO performance VALUES (15, 416, 84, 3, 215);
INSERT INTO performance VALUES (15, 451, 84, 3, 215);
INSERT INTO consists_of VALUES (84, 20, 2, 3);
INSERT INTO performance VALUES (20, 31, 84, 3, 255);
INSERT INTO performance VALUES (20, 66, 84, 3, 185);
INSERT INTO performance VALUES (20, 101, 84, 3, 245);
INSERT INTO performance VALUES (20, 171, 84, 3, 275);
INSERT INTO performance VALUES (20, 241, 84, 3, 245);
INSERT INTO performance VALUES (20, 276, 84, 3, 235);
INSERT INTO performance VALUES (20, 381, 84, 3, 275);
INSERT INTO performance VALUES (20, 416, 84, 3, 205);
INSERT INTO performance VALUES (20, 451, 84, 3, 245);
INSERT INTO Workout VALUES (85, 22, '2012-02-04', 2);
INSERT INTO does VALUES (85, 32, '2012-02-04');
INSERT INTO does VALUES (85, 67, '2012-02-04');
INSERT INTO does VALUES (85, 137, '2012-02-04');
INSERT INTO does VALUES (85, 172, '2012-02-04');
INSERT INTO does VALUES (85, 207, '2012-02-04');
INSERT INTO does VALUES (85, 242, '2012-02-04');
INSERT INTO does VALUES (85, 277, '2012-02-04');
INSERT INTO does VALUES (85, 312, '2012-02-04');
INSERT INTO does VALUES (85, 347, '2012-02-04');
INSERT INTO does VALUES (85, 382, '2012-02-04');
INSERT INTO does VALUES (85, 417, '2012-02-04');
INSERT INTO does VALUES (85, 452, '2012-02-04');
INSERT INTO does VALUES (85, 487, '2012-02-04');
INSERT INTO consists_of VALUES (85, 17, 4, 8);
INSERT INTO performance VALUES (17, 32, 85, 8, 230);
INSERT INTO performance VALUES (17, 67, 85, 8, 220);
INSERT INTO performance VALUES (17, 137, 85, 8, 180);
INSERT INTO performance VALUES (17, 172, 85, 8, 140);
INSERT INTO performance VALUES (17, 207, 85, 8, 200);
INSERT INTO performance VALUES (17, 242, 85, 8, 190);
INSERT INTO performance VALUES (17, 277, 85, 8, 150);
INSERT INTO performance VALUES (17, 312, 85, 8, 140);
INSERT INTO performance VALUES (17, 347, 85, 8, 170);
INSERT INTO performance VALUES (17, 382, 85, 8, 190);
INSERT INTO performance VALUES (17, 417, 85, 8, 150);
INSERT INTO performance VALUES (17, 452, 85, 8, 250);
INSERT INTO performance VALUES (17, 487, 85, 8, 180);
INSERT INTO consists_of VALUES (85, 12, 2, 7);
INSERT INTO performance VALUES (12, 32, 85, 7, 185);
INSERT INTO performance VALUES (12, 67, 85, 7, 185);
INSERT INTO performance VALUES (12, 137, 85, 7, 175);
INSERT INTO performance VALUES (12, 172, 85, 7, 185);
INSERT INTO performance VALUES (12, 207, 85, 7, 145);
INSERT INTO performance VALUES (12, 242, 85, 7, 205);
INSERT INTO performance VALUES (12, 277, 85, 7, 145);
INSERT INTO performance VALUES (12, 312, 85, 7, 195);
INSERT INTO performance VALUES (12, 347, 85, 7, 145);
INSERT INTO performance VALUES (12, 382, 85, 7, 165);
INSERT INTO performance VALUES (12, 417, 85, 7, 165);
INSERT INTO performance VALUES (12, 452, 85, 7, 225);
INSERT INTO performance VALUES (12, 487, 85, 7, 235);
INSERT INTO consists_of VALUES (85, 7, 3, 3);
INSERT INTO performance VALUES (7, 32, 85, 3, 225);
INSERT INTO performance VALUES (7, 67, 85, 3, 175);
INSERT INTO performance VALUES (7, 137, 85, 3, 195);
INSERT INTO performance VALUES (7, 172, 85, 3, 225);
INSERT INTO performance VALUES (7, 207, 85, 3, 245);
INSERT INTO performance VALUES (7, 242, 85, 3, 245);
INSERT INTO performance VALUES (7, 277, 85, 3, 185);
INSERT INTO performance VALUES (7, 312, 85, 3, 215);
INSERT INTO performance VALUES (7, 347, 85, 3, 205);
INSERT INTO performance VALUES (7, 382, 85, 3, 245);
INSERT INTO performance VALUES (7, 417, 85, 3, 205);
INSERT INTO performance VALUES (7, 452, 85, 3, 195);
INSERT INTO performance VALUES (7, 487, 85, 3, 245);
INSERT INTO consists_of VALUES (85, 15, 4, 9);
INSERT INTO performance VALUES (15, 32, 85, 9, 215);
INSERT INTO performance VALUES (15, 67, 85, 9, 165);
INSERT INTO performance VALUES (15, 137, 85, 9, 175);
INSERT INTO performance VALUES (15, 172, 85, 9, 205);
INSERT INTO performance VALUES (15, 207, 85, 9, 135);
INSERT INTO performance VALUES (15, 242, 85, 9, 195);
INSERT INTO performance VALUES (15, 277, 85, 9, 175);
INSERT INTO performance VALUES (15, 312, 85, 9, 185);
INSERT INTO performance VALUES (15, 347, 85, 9, 145);
INSERT INTO performance VALUES (15, 382, 85, 9, 235);
INSERT INTO performance VALUES (15, 417, 85, 9, 215);
INSERT INTO performance VALUES (15, 452, 85, 9, 185);
INSERT INTO performance VALUES (15, 487, 85, 9, 155);
INSERT INTO consists_of VALUES (85, 5, 2, 8);
INSERT INTO performance VALUES (5, 32, 85, 8, 200);
INSERT INTO performance VALUES (5, 67, 85, 8, 150);
INSERT INTO performance VALUES (5, 137, 85, 8, 140);
INSERT INTO performance VALUES (5, 172, 85, 8, 220);
INSERT INTO performance VALUES (5, 207, 85, 8, 190);
INSERT INTO performance VALUES (5, 242, 85, 8, 180);
INSERT INTO performance VALUES (5, 277, 85, 8, 220);
INSERT INTO performance VALUES (5, 312, 85, 8, 190);
INSERT INTO performance VALUES (5, 347, 85, 8, 160);
INSERT INTO performance VALUES (5, 382, 85, 8, 240);
INSERT INTO performance VALUES (5, 417, 85, 8, 170);
INSERT INTO performance VALUES (5, 452, 85, 8, 220);
INSERT INTO performance VALUES (5, 487, 85, 8, 220);
INSERT INTO Workout VALUES (86, 22, '2012-02-11', 2);
INSERT INTO does VALUES (86, 67, '2012-02-11');
INSERT INTO does VALUES (86, 102, '2012-02-11');
INSERT INTO does VALUES (86, 137, '2012-02-11');
INSERT INTO does VALUES (86, 172, '2012-02-11');
INSERT INTO does VALUES (86, 207, '2012-02-11');
INSERT INTO does VALUES (86, 277, '2012-02-11');
INSERT INTO does VALUES (86, 312, '2012-02-11');
INSERT INTO does VALUES (86, 347, '2012-02-11');
INSERT INTO does VALUES (86, 382, '2012-02-11');
INSERT INTO does VALUES (86, 417, '2012-02-11');
INSERT INTO does VALUES (86, 452, '2012-02-11');
INSERT INTO consists_of VALUES (86, 6, 2, 6);
INSERT INTO performance VALUES (6, 67, 86, 6, 220);
INSERT INTO performance VALUES (6, 137, 86, 6, 150);
INSERT INTO performance VALUES (6, 172, 86, 6, 230);
INSERT INTO performance VALUES (6, 207, 86, 6, 220);
INSERT INTO performance VALUES (6, 277, 86, 6, 230);
INSERT INTO performance VALUES (6, 312, 86, 6, 260);
INSERT INTO performance VALUES (6, 347, 86, 6, 180);
INSERT INTO performance VALUES (6, 382, 86, 6, 160);
INSERT INTO performance VALUES (6, 417, 86, 6, 180);
INSERT INTO performance VALUES (6, 452, 86, 6, 230);
INSERT INTO consists_of VALUES (86, 2, 3, 10);
INSERT INTO performance VALUES (2, 67, 86, 10, 180);
INSERT INTO performance VALUES (2, 137, 86, 10, 180);
INSERT INTO performance VALUES (2, 172, 86, 10, 140);
INSERT INTO performance VALUES (2, 207, 86, 10, 190);
INSERT INTO performance VALUES (2, 277, 86, 10, 180);
INSERT INTO performance VALUES (2, 312, 86, 10, 150);
INSERT INTO performance VALUES (2, 347, 86, 10, 150);
INSERT INTO performance VALUES (2, 382, 86, 10, 200);
INSERT INTO performance VALUES (2, 417, 86, 10, 220);
INSERT INTO performance VALUES (2, 452, 86, 10, 140);
INSERT INTO consists_of VALUES (86, 7, 2, 10);
INSERT INTO performance VALUES (7, 67, 86, 10, 170);
INSERT INTO performance VALUES (7, 137, 86, 10, 130);
INSERT INTO performance VALUES (7, 172, 86, 10, 240);
INSERT INTO performance VALUES (7, 207, 86, 10, 220);
INSERT INTO performance VALUES (7, 277, 86, 10, 170);
INSERT INTO performance VALUES (7, 312, 86, 10, 130);
INSERT INTO performance VALUES (7, 347, 86, 10, 190);
INSERT INTO performance VALUES (7, 382, 86, 10, 130);
INSERT INTO performance VALUES (7, 417, 86, 10, 200);
INSERT INTO performance VALUES (7, 452, 86, 10, 230);
INSERT INTO consists_of VALUES (86, 5, 4, 3);
INSERT INTO performance VALUES (5, 67, 86, 3, 165);
INSERT INTO performance VALUES (5, 137, 86, 3, 185);
INSERT INTO performance VALUES (5, 172, 86, 3, 245);
INSERT INTO performance VALUES (5, 207, 86, 3, 195);
INSERT INTO performance VALUES (5, 277, 86, 3, 245);
INSERT INTO performance VALUES (5, 312, 86, 3, 215);
INSERT INTO performance VALUES (5, 347, 86, 3, 255);
INSERT INTO performance VALUES (5, 382, 86, 3, 185);
INSERT INTO performance VALUES (5, 417, 86, 3, 235);
INSERT INTO performance VALUES (5, 452, 86, 3, 245);
INSERT INTO consists_of VALUES (86, 8, 3, 4);
INSERT INTO performance VALUES (8, 67, 86, 4, 210);
INSERT INTO performance VALUES (8, 137, 86, 4, 180);
INSERT INTO performance VALUES (8, 172, 86, 4, 260);
INSERT INTO performance VALUES (8, 207, 86, 4, 190);
INSERT INTO performance VALUES (8, 277, 86, 4, 230);
INSERT INTO performance VALUES (8, 312, 86, 4, 180);
INSERT INTO performance VALUES (8, 347, 86, 4, 180);
INSERT INTO performance VALUES (8, 382, 86, 4, 210);
INSERT INTO performance VALUES (8, 417, 86, 4, 230);
INSERT INTO performance VALUES (8, 452, 86, 4, 240);
INSERT INTO Workout VALUES (87, 22, '2012-02-18', 2);
INSERT INTO does VALUES (87, 67, '2012-02-18');
INSERT INTO does VALUES (87, 102, '2012-02-18');
INSERT INTO does VALUES (87, 137, '2012-02-18');
INSERT INTO does VALUES (87, 172, '2012-02-18');
INSERT INTO does VALUES (87, 207, '2012-02-18');
INSERT INTO does VALUES (87, 242, '2012-02-18');
INSERT INTO does VALUES (87, 277, '2012-02-18');
INSERT INTO does VALUES (87, 312, '2012-02-18');
INSERT INTO does VALUES (87, 347, '2012-02-18');
INSERT INTO does VALUES (87, 382, '2012-02-18');
INSERT INTO does VALUES (87, 417, '2012-02-18');
INSERT INTO does VALUES (87, 452, '2012-02-18');
INSERT INTO does VALUES (87, 487, '2012-02-18');
INSERT INTO consists_of VALUES (87, 2, 3, 6);
INSERT INTO performance VALUES (2, 67, 87, 6, 230);
INSERT INTO performance VALUES (2, 137, 87, 6, 180);
INSERT INTO performance VALUES (2, 172, 87, 6, 190);
INSERT INTO performance VALUES (2, 207, 87, 6, 180);
INSERT INTO performance VALUES (2, 277, 87, 6, 160);
INSERT INTO performance VALUES (2, 312, 87, 6, 180);
INSERT INTO performance VALUES (2, 347, 87, 6, 200);
INSERT INTO performance VALUES (2, 382, 87, 6, 220);
INSERT INTO performance VALUES (2, 417, 87, 6, 240);
INSERT INTO performance VALUES (2, 452, 87, 6, 250);
INSERT INTO consists_of VALUES (87, 13, 4, 3);
INSERT INTO performance VALUES (13, 67, 87, 3, 165);
INSERT INTO performance VALUES (13, 137, 87, 3, 255);
INSERT INTO performance VALUES (13, 172, 87, 3, 215);
INSERT INTO performance VALUES (13, 207, 87, 3, 245);
INSERT INTO performance VALUES (13, 277, 87, 3, 235);
INSERT INTO performance VALUES (13, 312, 87, 3, 185);
INSERT INTO performance VALUES (13, 347, 87, 3, 235);
INSERT INTO performance VALUES (13, 382, 87, 3, 245);
INSERT INTO performance VALUES (13, 417, 87, 3, 195);
INSERT INTO performance VALUES (13, 452, 87, 3, 245);
INSERT INTO consists_of VALUES (87, 9, 4, 4);
INSERT INTO performance VALUES (9, 67, 87, 4, 230);
INSERT INTO performance VALUES (9, 137, 87, 4, 190);
INSERT INTO performance VALUES (9, 172, 87, 4, 260);
INSERT INTO performance VALUES (9, 207, 87, 4, 170);
INSERT INTO performance VALUES (9, 277, 87, 4, 220);
INSERT INTO performance VALUES (9, 312, 87, 4, 240);
INSERT INTO performance VALUES (9, 347, 87, 4, 180);
INSERT INTO performance VALUES (9, 382, 87, 4, 260);
INSERT INTO performance VALUES (9, 417, 87, 4, 220);
INSERT INTO performance VALUES (9, 452, 87, 4, 270);
INSERT INTO consists_of VALUES (87, 6, 2, 3);
INSERT INTO performance VALUES (6, 67, 87, 3, 225);
INSERT INTO performance VALUES (6, 137, 87, 3, 175);
INSERT INTO performance VALUES (6, 172, 87, 3, 235);
INSERT INTO performance VALUES (6, 207, 87, 3, 175);
INSERT INTO performance VALUES (6, 277, 87, 3, 225);
INSERT INTO performance VALUES (6, 312, 87, 3, 275);
INSERT INTO performance VALUES (6, 347, 87, 3, 255);
INSERT INTO performance VALUES (6, 382, 87, 3, 265);
INSERT INTO performance VALUES (6, 417, 87, 3, 175);
INSERT INTO performance VALUES (6, 452, 87, 3, 265);
INSERT INTO consists_of VALUES (87, 1, 4, 8);
INSERT INTO performance VALUES (1, 67, 87, 8, 150);
INSERT INTO performance VALUES (1, 137, 87, 8, 140);
INSERT INTO performance VALUES (1, 172, 87, 8, 160);
INSERT INTO performance VALUES (1, 207, 87, 8, 170);
INSERT INTO performance VALUES (1, 277, 87, 8, 180);
INSERT INTO performance VALUES (1, 312, 87, 8, 200);
INSERT INTO performance VALUES (1, 347, 87, 8, 180);
INSERT INTO performance VALUES (1, 382, 87, 8, 150);
INSERT INTO performance VALUES (1, 417, 87, 8, 210);
INSERT INTO performance VALUES (1, 452, 87, 8, 200);
INSERT INTO Workout VALUES (88, 22, '2012-02-25', 2);
INSERT INTO does VALUES (88, 32, '2012-02-25');
INSERT INTO does VALUES (88, 67, '2012-02-25');
INSERT INTO does VALUES (88, 102, '2012-02-25');
INSERT INTO does VALUES (88, 137, '2012-02-25');
INSERT INTO does VALUES (88, 172, '2012-02-25');
INSERT INTO does VALUES (88, 207, '2012-02-25');
INSERT INTO does VALUES (88, 242, '2012-02-25');
INSERT INTO does VALUES (88, 277, '2012-02-25');
INSERT INTO does VALUES (88, 312, '2012-02-25');
INSERT INTO does VALUES (88, 347, '2012-02-25');
INSERT INTO does VALUES (88, 382, '2012-02-25');
INSERT INTO does VALUES (88, 417, '2012-02-25');
INSERT INTO consists_of VALUES (88, 9, 2, 9);
INSERT INTO performance VALUES (9, 67, 88, 9, 175);
INSERT INTO performance VALUES (9, 137, 88, 9, 165);
INSERT INTO performance VALUES (9, 172, 88, 9, 155);
INSERT INTO performance VALUES (9, 207, 88, 9, 145);
INSERT INTO performance VALUES (9, 277, 88, 9, 195);
INSERT INTO performance VALUES (9, 312, 88, 9, 175);
INSERT INTO performance VALUES (9, 347, 88, 9, 225);
INSERT INTO performance VALUES (9, 382, 88, 9, 225);
INSERT INTO performance VALUES (9, 417, 88, 9, 195);
INSERT INTO consists_of VALUES (88, 7, 3, 7);
INSERT INTO performance VALUES (7, 67, 88, 7, 195);
INSERT INTO performance VALUES (7, 137, 88, 7, 155);
INSERT INTO performance VALUES (7, 172, 88, 7, 145);
INSERT INTO performance VALUES (7, 207, 88, 7, 155);
INSERT INTO performance VALUES (7, 277, 88, 7, 195);
INSERT INTO performance VALUES (7, 312, 88, 7, 185);
INSERT INTO performance VALUES (7, 347, 88, 7, 235);
INSERT INTO performance VALUES (7, 382, 88, 7, 185);
INSERT INTO performance VALUES (7, 417, 88, 7, 145);
INSERT INTO consists_of VALUES (88, 1, 2, 6);
INSERT INTO performance VALUES (1, 67, 88, 6, 220);
INSERT INTO performance VALUES (1, 137, 88, 6, 200);
INSERT INTO performance VALUES (1, 172, 88, 6, 240);
INSERT INTO performance VALUES (1, 207, 88, 6, 150);
INSERT INTO performance VALUES (1, 277, 88, 6, 170);
INSERT INTO performance VALUES (1, 312, 88, 6, 170);
INSERT INTO performance VALUES (1, 347, 88, 6, 170);
INSERT INTO performance VALUES (1, 382, 88, 6, 160);
INSERT INTO performance VALUES (1, 417, 88, 6, 230);
INSERT INTO consists_of VALUES (88, 19, 4, 7);
INSERT INTO performance VALUES (19, 67, 88, 7, 165);
INSERT INTO performance VALUES (19, 137, 88, 7, 235);
INSERT INTO performance VALUES (19, 172, 88, 7, 215);
INSERT INTO performance VALUES (19, 207, 88, 7, 165);
INSERT INTO performance VALUES (19, 277, 88, 7, 185);
INSERT INTO performance VALUES (19, 312, 88, 7, 205);
INSERT INTO performance VALUES (19, 347, 88, 7, 215);
INSERT INTO performance VALUES (19, 382, 88, 7, 145);
INSERT INTO performance VALUES (19, 417, 88, 7, 145);
INSERT INTO consists_of VALUES (88, 5, 2, 3);
INSERT INTO performance VALUES (5, 67, 88, 3, 245);
INSERT INTO performance VALUES (5, 137, 88, 3, 245);
INSERT INTO performance VALUES (5, 172, 88, 3, 165);
INSERT INTO performance VALUES (5, 207, 88, 3, 175);
INSERT INTO performance VALUES (5, 277, 88, 3, 255);
INSERT INTO performance VALUES (5, 312, 88, 3, 245);
INSERT INTO performance VALUES (5, 347, 88, 3, 195);
INSERT INTO performance VALUES (5, 382, 88, 3, 205);
INSERT INTO performance VALUES (5, 417, 88, 3, 235);
INSERT INTO Workout VALUES (89, 23, '2012-03-04', 3);
INSERT INTO does VALUES (89, 68, '2012-03-04');
INSERT INTO does VALUES (89, 103, '2012-03-04');
INSERT INTO does VALUES (89, 138, '2012-03-04');
INSERT INTO does VALUES (89, 173, '2012-03-04');
INSERT INTO does VALUES (89, 208, '2012-03-04');
INSERT INTO does VALUES (89, 243, '2012-03-04');
INSERT INTO does VALUES (89, 278, '2012-03-04');
INSERT INTO does VALUES (89, 313, '2012-03-04');
INSERT INTO does VALUES (89, 348, '2012-03-04');
INSERT INTO does VALUES (89, 383, '2012-03-04');
INSERT INTO does VALUES (89, 418, '2012-03-04');
INSERT INTO does VALUES (89, 453, '2012-03-04');
INSERT INTO does VALUES (89, 488, '2012-03-04');
INSERT INTO consists_of VALUES (89, 4, 4, 4);
INSERT INTO performance VALUES (4, 68, 89, 4, 190);
INSERT INTO performance VALUES (4, 103, 89, 4, 170);
INSERT INTO performance VALUES (4, 138, 89, 4, 180);
INSERT INTO performance VALUES (4, 173, 89, 4, 200);
INSERT INTO performance VALUES (4, 208, 89, 4, 190);
INSERT INTO performance VALUES (4, 243, 89, 4, 190);
INSERT INTO performance VALUES (4, 278, 89, 4, 250);
INSERT INTO performance VALUES (4, 313, 89, 4, 190);
INSERT INTO performance VALUES (4, 348, 89, 4, 250);
INSERT INTO performance VALUES (4, 383, 89, 4, 270);
INSERT INTO performance VALUES (4, 418, 89, 4, 200);
INSERT INTO performance VALUES (4, 453, 89, 4, 230);
INSERT INTO performance VALUES (4, 488, 89, 4, 250);
INSERT INTO consists_of VALUES (89, 15, 2, 7);
INSERT INTO performance VALUES (15, 68, 89, 7, 215);
INSERT INTO performance VALUES (15, 103, 89, 7, 255);
INSERT INTO performance VALUES (15, 138, 89, 7, 225);
INSERT INTO performance VALUES (15, 173, 89, 7, 165);
INSERT INTO performance VALUES (15, 208, 89, 7, 155);
INSERT INTO performance VALUES (15, 243, 89, 7, 265);
INSERT INTO performance VALUES (15, 278, 89, 7, 145);
INSERT INTO performance VALUES (15, 313, 89, 7, 165);
INSERT INTO performance VALUES (15, 348, 89, 7, 215);
INSERT INTO performance VALUES (15, 383, 89, 7, 145);
INSERT INTO performance VALUES (15, 418, 89, 7, 175);
INSERT INTO performance VALUES (15, 453, 89, 7, 205);
INSERT INTO performance VALUES (15, 488, 89, 7, 155);
INSERT INTO consists_of VALUES (89, 12, 4, 7);
INSERT INTO performance VALUES (12, 68, 89, 7, 185);
INSERT INTO performance VALUES (12, 103, 89, 7, 215);
INSERT INTO performance VALUES (12, 138, 89, 7, 145);
INSERT INTO performance VALUES (12, 173, 89, 7, 255);
INSERT INTO performance VALUES (12, 208, 89, 7, 155);
INSERT INTO performance VALUES (12, 243, 89, 7, 185);
INSERT INTO performance VALUES (12, 278, 89, 7, 235);
INSERT INTO performance VALUES (12, 313, 89, 7, 205);
INSERT INTO performance VALUES (12, 348, 89, 7, 145);
INSERT INTO performance VALUES (12, 383, 89, 7, 145);
INSERT INTO performance VALUES (12, 418, 89, 7, 215);
INSERT INTO performance VALUES (12, 453, 89, 7, 155);
INSERT INTO performance VALUES (12, 488, 89, 7, 175);
INSERT INTO consists_of VALUES (89, 1, 3, 9);
INSERT INTO performance VALUES (1, 68, 89, 9, 225);
INSERT INTO performance VALUES (1, 103, 89, 9, 155);
INSERT INTO performance VALUES (1, 138, 89, 9, 145);
INSERT INTO performance VALUES (1, 173, 89, 9, 225);
INSERT INTO performance VALUES (1, 208, 89, 9, 155);
INSERT INTO performance VALUES (1, 243, 89, 9, 215);
INSERT INTO performance VALUES (1, 278, 89, 9, 205);
INSERT INTO performance VALUES (1, 313, 89, 9, 175);
INSERT INTO performance VALUES (1, 348, 89, 9, 165);
INSERT INTO performance VALUES (1, 383, 89, 9, 145);
INSERT INTO performance VALUES (1, 418, 89, 9, 135);
INSERT INTO performance VALUES (1, 453, 89, 9, 205);
INSERT INTO performance VALUES (1, 488, 89, 9, 145);
INSERT INTO consists_of VALUES (89, 2, 4, 8);
INSERT INTO performance VALUES (2, 68, 89, 8, 190);
INSERT INTO performance VALUES (2, 103, 89, 8, 140);
INSERT INTO performance VALUES (2, 138, 89, 8, 230);
INSERT INTO performance VALUES (2, 173, 89, 8, 180);
INSERT INTO performance VALUES (2, 208, 89, 8, 190);
INSERT INTO performance VALUES (2, 243, 89, 8, 170);
INSERT INTO performance VALUES (2, 278, 89, 8, 160);
INSERT INTO performance VALUES (2, 313, 89, 8, 140);
INSERT INTO performance VALUES (2, 348, 89, 8, 170);
INSERT INTO performance VALUES (2, 383, 89, 8, 150);
INSERT INTO performance VALUES (2, 418, 89, 8, 170);
INSERT INTO performance VALUES (2, 453, 89, 8, 180);
INSERT INTO performance VALUES (2, 488, 89, 8, 190);
INSERT INTO Workout VALUES (90, 23, '2012-03-11', 3);
INSERT INTO does VALUES (90, 33, '2012-03-11');
INSERT INTO does VALUES (90, 68, '2012-03-11');
INSERT INTO does VALUES (90, 103, '2012-03-11');
INSERT INTO does VALUES (90, 138, '2012-03-11');
INSERT INTO does VALUES (90, 173, '2012-03-11');
INSERT INTO does VALUES (90, 208, '2012-03-11');
INSERT INTO does VALUES (90, 243, '2012-03-11');
INSERT INTO does VALUES (90, 278, '2012-03-11');
INSERT INTO does VALUES (90, 313, '2012-03-11');
INSERT INTO does VALUES (90, 348, '2012-03-11');
INSERT INTO does VALUES (90, 418, '2012-03-11');
INSERT INTO does VALUES (90, 453, '2012-03-11');
INSERT INTO does VALUES (90, 488, '2012-03-11');
INSERT INTO consists_of VALUES (90, 8, 2, 3);
INSERT INTO performance VALUES (8, 68, 90, 3, 175);
INSERT INTO performance VALUES (8, 103, 90, 3, 285);
INSERT INTO performance VALUES (8, 138, 90, 3, 215);
INSERT INTO performance VALUES (8, 173, 90, 3, 265);
INSERT INTO performance VALUES (8, 208, 90, 3, 215);
INSERT INTO performance VALUES (8, 243, 90, 3, 185);
INSERT INTO performance VALUES (8, 278, 90, 3, 195);
INSERT INTO performance VALUES (8, 313, 90, 3, 285);
INSERT INTO performance VALUES (8, 348, 90, 3, 165);
INSERT INTO performance VALUES (8, 418, 90, 3, 185);
INSERT INTO performance VALUES (8, 453, 90, 3, 235);
INSERT INTO performance VALUES (8, 488, 90, 3, 205);
INSERT INTO consists_of VALUES (90, 9, 2, 4);
INSERT INTO performance VALUES (9, 68, 90, 4, 200);
INSERT INTO performance VALUES (9, 103, 90, 4, 260);
INSERT INTO performance VALUES (9, 138, 90, 4, 160);
INSERT INTO performance VALUES (9, 173, 90, 4, 220);
INSERT INTO performance VALUES (9, 208, 90, 4, 160);
INSERT INTO performance VALUES (9, 243, 90, 4, 200);
INSERT INTO performance VALUES (9, 278, 90, 4, 180);
INSERT INTO performance VALUES (9, 313, 90, 4, 260);
INSERT INTO performance VALUES (9, 348, 90, 4, 230);
INSERT INTO performance VALUES (9, 418, 90, 4, 170);
INSERT INTO performance VALUES (9, 453, 90, 4, 160);
INSERT INTO performance VALUES (9, 488, 90, 4, 210);
INSERT INTO consists_of VALUES (90, 13, 3, 9);
INSERT INTO performance VALUES (13, 68, 90, 9, 155);
INSERT INTO performance VALUES (13, 103, 90, 9, 235);
INSERT INTO performance VALUES (13, 138, 90, 9, 225);
INSERT INTO performance VALUES (13, 173, 90, 9, 215);
INSERT INTO performance VALUES (13, 208, 90, 9, 225);
INSERT INTO performance VALUES (13, 243, 90, 9, 235);
INSERT INTO performance VALUES (13, 278, 90, 9, 205);
INSERT INTO performance VALUES (13, 313, 90, 9, 185);
INSERT INTO performance VALUES (13, 348, 90, 9, 175);
INSERT INTO performance VALUES (13, 418, 90, 9, 155);
INSERT INTO performance VALUES (13, 453, 90, 9, 165);
INSERT INTO performance VALUES (13, 488, 90, 9, 145);
INSERT INTO consists_of VALUES (90, 1, 4, 9);
INSERT INTO performance VALUES (1, 68, 90, 9, 135);
INSERT INTO performance VALUES (1, 103, 90, 9, 175);
INSERT INTO performance VALUES (1, 138, 90, 9, 195);
INSERT INTO performance VALUES (1, 173, 90, 9, 225);
INSERT INTO performance VALUES (1, 208, 90, 9, 205);
INSERT INTO performance VALUES (1, 243, 90, 9, 175);
INSERT INTO performance VALUES (1, 278, 90, 9, 135);
INSERT INTO performance VALUES (1, 313, 90, 9, 135);
INSERT INTO performance VALUES (1, 348, 90, 9, 205);
INSERT INTO performance VALUES (1, 418, 90, 9, 135);
INSERT INTO performance VALUES (1, 453, 90, 9, 185);
INSERT INTO performance VALUES (1, 488, 90, 9, 135);
INSERT INTO consists_of VALUES (90, 10, 4, 3);
INSERT INTO performance VALUES (10, 68, 90, 3, 185);
INSERT INTO performance VALUES (10, 103, 90, 3, 245);
INSERT INTO performance VALUES (10, 138, 90, 3, 205);
INSERT INTO performance VALUES (10, 173, 90, 3, 265);
INSERT INTO performance VALUES (10, 208, 90, 3, 225);
INSERT INTO performance VALUES (10, 243, 90, 3, 175);
INSERT INTO performance VALUES (10, 278, 90, 3, 175);
INSERT INTO performance VALUES (10, 313, 90, 3, 215);
INSERT INTO performance VALUES (10, 348, 90, 3, 215);
INSERT INTO performance VALUES (10, 418, 90, 3, 195);
INSERT INTO performance VALUES (10, 453, 90, 3, 255);
INSERT INTO performance VALUES (10, 488, 90, 3, 215);
INSERT INTO Workout VALUES (91, 23, '2012-03-18', 3);
INSERT INTO does VALUES (91, 68, '2012-03-18');
INSERT INTO does VALUES (91, 103, '2012-03-18');
INSERT INTO does VALUES (91, 138, '2012-03-18');
INSERT INTO does VALUES (91, 173, '2012-03-18');
INSERT INTO does VALUES (91, 208, '2012-03-18');
INSERT INTO does VALUES (91, 278, '2012-03-18');
INSERT INTO does VALUES (91, 313, '2012-03-18');
INSERT INTO does VALUES (91, 348, '2012-03-18');
INSERT INTO does VALUES (91, 383, '2012-03-18');
INSERT INTO does VALUES (91, 418, '2012-03-18');
INSERT INTO does VALUES (91, 453, '2012-03-18');
INSERT INTO does VALUES (91, 488, '2012-03-18');
INSERT INTO consists_of VALUES (91, 3, 3, 9);
INSERT INTO performance VALUES (3, 68, 91, 9, 165);
INSERT INTO performance VALUES (3, 103, 91, 9, 165);
INSERT INTO performance VALUES (3, 138, 91, 9, 225);
INSERT INTO performance VALUES (3, 173, 91, 9, 135);
INSERT INTO performance VALUES (3, 208, 91, 9, 185);
INSERT INTO performance VALUES (3, 278, 91, 9, 135);
INSERT INTO performance VALUES (3, 313, 91, 9, 155);
INSERT INTO performance VALUES (3, 348, 91, 9, 135);
INSERT INTO performance VALUES (3, 418, 91, 9, 165);
INSERT INTO performance VALUES (3, 453, 91, 9, 255);
INSERT INTO performance VALUES (3, 488, 91, 9, 215);
INSERT INTO consists_of VALUES (91, 15, 2, 5);
INSERT INTO performance VALUES (15, 68, 91, 5, 175);
INSERT INTO performance VALUES (15, 103, 91, 5, 225);
INSERT INTO performance VALUES (15, 138, 91, 5, 205);
INSERT INTO performance VALUES (15, 173, 91, 5, 195);
INSERT INTO performance VALUES (15, 208, 91, 5, 205);
INSERT INTO performance VALUES (15, 278, 91, 5, 195);
INSERT INTO performance VALUES (15, 313, 91, 5, 265);
INSERT INTO performance VALUES (15, 348, 91, 5, 175);
INSERT INTO performance VALUES (15, 418, 91, 5, 185);
INSERT INTO performance VALUES (15, 453, 91, 5, 195);
INSERT INTO performance VALUES (15, 488, 91, 5, 235);
INSERT INTO consists_of VALUES (91, 1, 2, 10);
INSERT INTO performance VALUES (1, 68, 91, 10, 200);
INSERT INTO performance VALUES (1, 103, 91, 10, 180);
INSERT INTO performance VALUES (1, 138, 91, 10, 130);
INSERT INTO performance VALUES (1, 173, 91, 10, 170);
INSERT INTO performance VALUES (1, 208, 91, 10, 140);
INSERT INTO performance VALUES (1, 278, 91, 10, 200);
INSERT INTO performance VALUES (1, 313, 91, 10, 250);
INSERT INTO performance VALUES (1, 348, 91, 10, 130);
INSERT INTO performance VALUES (1, 418, 91, 10, 160);
INSERT INTO performance VALUES (1, 453, 91, 10, 230);
INSERT INTO performance VALUES (1, 488, 91, 10, 160);
INSERT INTO consists_of VALUES (91, 11, 2, 5);
INSERT INTO performance VALUES (11, 68, 91, 5, 195);
INSERT INTO performance VALUES (11, 103, 91, 5, 245);
INSERT INTO performance VALUES (11, 138, 91, 5, 225);
INSERT INTO performance VALUES (11, 173, 91, 5, 275);
INSERT INTO performance VALUES (11, 208, 91, 5, 225);
INSERT INTO performance VALUES (11, 278, 91, 5, 205);
INSERT INTO performance VALUES (11, 313, 91, 5, 235);
INSERT INTO performance VALUES (11, 348, 91, 5, 235);
INSERT INTO performance VALUES (11, 418, 91, 5, 175);
INSERT INTO performance VALUES (11, 453, 91, 5, 245);
INSERT INTO performance VALUES (11, 488, 91, 5, 175);
INSERT INTO consists_of VALUES (91, 18, 4, 7);
INSERT INTO performance VALUES (18, 68, 91, 7, 175);
INSERT INTO performance VALUES (18, 103, 91, 7, 265);
INSERT INTO performance VALUES (18, 138, 91, 7, 225);
INSERT INTO performance VALUES (18, 173, 91, 7, 165);
INSERT INTO performance VALUES (18, 208, 91, 7, 195);
INSERT INTO performance VALUES (18, 278, 91, 7, 185);
INSERT INTO performance VALUES (18, 313, 91, 7, 155);
INSERT INTO performance VALUES (18, 348, 91, 7, 235);
INSERT INTO performance VALUES (18, 418, 91, 7, 225);
INSERT INTO performance VALUES (18, 453, 91, 7, 255);
INSERT INTO performance VALUES (18, 488, 91, 7, 185);
INSERT INTO Workout VALUES (92, 23, '2012-03-25', 3);
INSERT INTO does VALUES (92, 33, '2012-03-25');
INSERT INTO does VALUES (92, 68, '2012-03-25');
INSERT INTO does VALUES (92, 103, '2012-03-25');
INSERT INTO does VALUES (92, 138, '2012-03-25');
INSERT INTO does VALUES (92, 173, '2012-03-25');
INSERT INTO does VALUES (92, 208, '2012-03-25');
INSERT INTO does VALUES (92, 243, '2012-03-25');
INSERT INTO does VALUES (92, 278, '2012-03-25');
INSERT INTO does VALUES (92, 313, '2012-03-25');
INSERT INTO does VALUES (92, 348, '2012-03-25');
INSERT INTO does VALUES (92, 383, '2012-03-25');
INSERT INTO does VALUES (92, 453, '2012-03-25');
INSERT INTO consists_of VALUES (92, 12, 3, 4);
INSERT INTO performance VALUES (12, 68, 92, 4, 160);
INSERT INTO performance VALUES (12, 103, 92, 4, 170);
INSERT INTO performance VALUES (12, 138, 92, 4, 240);
INSERT INTO performance VALUES (12, 173, 92, 4, 160);
INSERT INTO performance VALUES (12, 208, 92, 4, 240);
INSERT INTO performance VALUES (12, 278, 92, 4, 190);
INSERT INTO performance VALUES (12, 313, 92, 4, 230);
INSERT INTO performance VALUES (12, 348, 92, 4, 170);
INSERT INTO performance VALUES (12, 453, 92, 4, 270);
INSERT INTO consists_of VALUES (92, 17, 4, 10);
INSERT INTO performance VALUES (17, 68, 92, 10, 140);
INSERT INTO performance VALUES (17, 103, 92, 10, 240);
INSERT INTO performance VALUES (17, 138, 92, 10, 200);
INSERT INTO performance VALUES (17, 173, 92, 10, 130);
INSERT INTO performance VALUES (17, 208, 92, 10, 200);
INSERT INTO performance VALUES (17, 278, 92, 10, 140);
INSERT INTO performance VALUES (17, 313, 92, 10, 130);
INSERT INTO performance VALUES (17, 348, 92, 10, 210);
INSERT INTO performance VALUES (17, 453, 92, 10, 240);
INSERT INTO consists_of VALUES (92, 14, 3, 6);
INSERT INTO performance VALUES (14, 68, 92, 6, 190);
INSERT INTO performance VALUES (14, 103, 92, 6, 220);
INSERT INTO performance VALUES (14, 138, 92, 6, 220);
INSERT INTO performance VALUES (14, 173, 92, 6, 270);
INSERT INTO performance VALUES (14, 208, 92, 6, 210);
INSERT INTO performance VALUES (14, 278, 92, 6, 180);
INSERT INTO performance VALUES (14, 313, 92, 6, 260);
INSERT INTO performance VALUES (14, 348, 92, 6, 180);
INSERT INTO performance VALUES (14, 453, 92, 6, 190);
INSERT INTO consists_of VALUES (92, 8, 4, 9);
INSERT INTO performance VALUES (8, 68, 92, 9, 145);
INSERT INTO performance VALUES (8, 103, 92, 9, 255);
INSERT INTO performance VALUES (8, 138, 92, 9, 165);
INSERT INTO performance VALUES (8, 173, 92, 9, 235);
INSERT INTO performance VALUES (8, 208, 92, 9, 135);
INSERT INTO performance VALUES (8, 278, 92, 9, 205);
INSERT INTO performance VALUES (8, 313, 92, 9, 255);
INSERT INTO performance VALUES (8, 348, 92, 9, 205);
INSERT INTO performance VALUES (8, 453, 92, 9, 255);
INSERT INTO consists_of VALUES (92, 13, 2, 9);
INSERT INTO performance VALUES (13, 68, 92, 9, 225);
INSERT INTO performance VALUES (13, 103, 92, 9, 205);
INSERT INTO performance VALUES (13, 138, 92, 9, 135);
INSERT INTO performance VALUES (13, 173, 92, 9, 215);
INSERT INTO performance VALUES (13, 208, 92, 9, 165);
INSERT INTO performance VALUES (13, 278, 92, 9, 185);
INSERT INTO performance VALUES (13, 313, 92, 9, 235);
INSERT INTO performance VALUES (13, 348, 92, 9, 205);
INSERT INTO performance VALUES (13, 453, 92, 9, 135);
INSERT INTO Workout VALUES (93, 24, '2012-04-04', 4);
INSERT INTO does VALUES (93, 34, '2012-04-04');
INSERT INTO does VALUES (93, 69, '2012-04-04');
INSERT INTO does VALUES (93, 104, '2012-04-04');
INSERT INTO does VALUES (93, 139, '2012-04-04');
INSERT INTO does VALUES (93, 174, '2012-04-04');
INSERT INTO does VALUES (93, 209, '2012-04-04');
INSERT INTO does VALUES (93, 244, '2012-04-04');
INSERT INTO does VALUES (93, 279, '2012-04-04');
INSERT INTO does VALUES (93, 314, '2012-04-04');
INSERT INTO does VALUES (93, 349, '2012-04-04');
INSERT INTO does VALUES (93, 384, '2012-04-04');
INSERT INTO does VALUES (93, 454, '2012-04-04');
INSERT INTO does VALUES (93, 489, '2012-04-04');
INSERT INTO consists_of VALUES (93, 20, 2, 3);
INSERT INTO performance VALUES (20, 34, 93, 3, 275);
INSERT INTO performance VALUES (20, 69, 93, 3, 175);
INSERT INTO performance VALUES (20, 104, 93, 3, 175);
INSERT INTO performance VALUES (20, 139, 93, 3, 225);
INSERT INTO performance VALUES (20, 174, 93, 3, 275);
INSERT INTO performance VALUES (20, 209, 93, 3, 235);
INSERT INTO performance VALUES (20, 244, 93, 3, 195);
INSERT INTO performance VALUES (20, 279, 93, 3, 205);
INSERT INTO performance VALUES (20, 314, 93, 3, 285);
INSERT INTO performance VALUES (20, 349, 93, 3, 195);
INSERT INTO performance VALUES (20, 384, 93, 3, 195);
INSERT INTO performance VALUES (20, 454, 93, 3, 245);
INSERT INTO performance VALUES (20, 489, 93, 3, 245);
INSERT INTO consists_of VALUES (93, 5, 4, 8);
INSERT INTO performance VALUES (5, 34, 93, 8, 190);
INSERT INTO performance VALUES (5, 69, 93, 8, 170);
INSERT INTO performance VALUES (5, 104, 93, 8, 260);
INSERT INTO performance VALUES (5, 139, 93, 8, 240);
INSERT INTO performance VALUES (5, 174, 93, 8, 250);
INSERT INTO performance VALUES (5, 209, 93, 8, 150);
INSERT INTO performance VALUES (5, 244, 93, 8, 230);
INSERT INTO performance VALUES (5, 279, 93, 8, 140);
INSERT INTO performance VALUES (5, 314, 93, 8, 160);
INSERT INTO performance VALUES (5, 349, 93, 8, 160);
INSERT INTO performance VALUES (5, 384, 93, 8, 180);
INSERT INTO performance VALUES (5, 454, 93, 8, 160);
INSERT INTO performance VALUES (5, 489, 93, 8, 200);
INSERT INTO consists_of VALUES (93, 8, 2, 9);
INSERT INTO performance VALUES (8, 34, 93, 9, 155);
INSERT INTO performance VALUES (8, 69, 93, 9, 195);
INSERT INTO performance VALUES (8, 104, 93, 9, 225);
INSERT INTO performance VALUES (8, 139, 93, 9, 235);
INSERT INTO performance VALUES (8, 174, 93, 9, 135);
INSERT INTO performance VALUES (8, 209, 93, 9, 155);
INSERT INTO performance VALUES (8, 244, 93, 9, 185);
INSERT INTO performance VALUES (8, 279, 93, 9, 235);
INSERT INTO performance VALUES (8, 314, 93, 9, 175);
INSERT INTO performance VALUES (8, 349, 93, 9, 155);
INSERT INTO performance VALUES (8, 384, 93, 9, 145);
INSERT INTO performance VALUES (8, 454, 93, 9, 175);
INSERT INTO performance VALUES (8, 489, 93, 9, 215);
INSERT INTO consists_of VALUES (93, 19, 3, 3);
INSERT INTO performance VALUES (19, 34, 93, 3, 175);
INSERT INTO performance VALUES (19, 69, 93, 3, 175);
INSERT INTO performance VALUES (19, 104, 93, 3, 195);
INSERT INTO performance VALUES (19, 139, 93, 3, 265);
INSERT INTO performance VALUES (19, 174, 93, 3, 225);
INSERT INTO performance VALUES (19, 209, 93, 3, 225);
INSERT INTO performance VALUES (19, 244, 93, 3, 205);
INSERT INTO performance VALUES (19, 279, 93, 3, 245);
INSERT INTO performance VALUES (19, 314, 93, 3, 255);
INSERT INTO performance VALUES (19, 349, 93, 3, 175);
INSERT INTO performance VALUES (19, 384, 93, 3, 265);
INSERT INTO performance VALUES (19, 454, 93, 3, 205);
INSERT INTO performance VALUES (19, 489, 93, 3, 175);
INSERT INTO consists_of VALUES (93, 9, 2, 6);
INSERT INTO performance VALUES (9, 34, 93, 6, 160);
INSERT INTO performance VALUES (9, 69, 93, 6, 230);
INSERT INTO performance VALUES (9, 104, 93, 6, 180);
INSERT INTO performance VALUES (9, 139, 93, 6, 160);
INSERT INTO performance VALUES (9, 174, 93, 6, 150);
INSERT INTO performance VALUES (9, 209, 93, 6, 210);
INSERT INTO performance VALUES (9, 244, 93, 6, 270);
INSERT INTO performance VALUES (9, 279, 93, 6, 210);
INSERT INTO performance VALUES (9, 314, 93, 6, 160);
INSERT INTO performance VALUES (9, 349, 93, 6, 160);
INSERT INTO performance VALUES (9, 384, 93, 6, 240);
INSERT INTO performance VALUES (9, 454, 93, 6, 150);
INSERT INTO performance VALUES (9, 489, 93, 6, 210);
INSERT INTO Workout VALUES (94, 24, '2012-04-11', 4);
INSERT INTO does VALUES (94, 34, '2012-04-11');
INSERT INTO does VALUES (94, 69, '2012-04-11');
INSERT INTO does VALUES (94, 104, '2012-04-11');
INSERT INTO does VALUES (94, 139, '2012-04-11');
INSERT INTO does VALUES (94, 174, '2012-04-11');
INSERT INTO does VALUES (94, 209, '2012-04-11');
INSERT INTO does VALUES (94, 244, '2012-04-11');
INSERT INTO does VALUES (94, 279, '2012-04-11');
INSERT INTO does VALUES (94, 314, '2012-04-11');
INSERT INTO does VALUES (94, 349, '2012-04-11');
INSERT INTO does VALUES (94, 384, '2012-04-11');
INSERT INTO does VALUES (94, 419, '2012-04-11');
INSERT INTO does VALUES (94, 489, '2012-04-11');
INSERT INTO consists_of VALUES (94, 14, 2, 3);
INSERT INTO performance VALUES (14, 34, 94, 3, 185);
INSERT INTO performance VALUES (14, 69, 94, 3, 265);
INSERT INTO performance VALUES (14, 104, 94, 3, 245);
INSERT INTO performance VALUES (14, 139, 94, 3, 165);
INSERT INTO performance VALUES (14, 174, 94, 3, 255);
INSERT INTO performance VALUES (14, 209, 94, 3, 165);
INSERT INTO performance VALUES (14, 244, 94, 3, 205);
INSERT INTO performance VALUES (14, 279, 94, 3, 235);
INSERT INTO performance VALUES (14, 314, 94, 3, 265);
INSERT INTO performance VALUES (14, 349, 94, 3, 225);
INSERT INTO performance VALUES (14, 384, 94, 3, 285);
INSERT INTO performance VALUES (14, 489, 94, 3, 195);
INSERT INTO consists_of VALUES (94, 5, 4, 3);
INSERT INTO performance VALUES (5, 34, 94, 3, 205);
INSERT INTO performance VALUES (5, 69, 94, 3, 235);
INSERT INTO performance VALUES (5, 104, 94, 3, 225);
INSERT INTO performance VALUES (5, 139, 94, 3, 245);
INSERT INTO performance VALUES (5, 174, 94, 3, 255);
INSERT INTO performance VALUES (5, 209, 94, 3, 235);
INSERT INTO performance VALUES (5, 244, 94, 3, 245);
INSERT INTO performance VALUES (5, 279, 94, 3, 255);
INSERT INTO performance VALUES (5, 314, 94, 3, 225);
INSERT INTO performance VALUES (5, 349, 94, 3, 215);
INSERT INTO performance VALUES (5, 384, 94, 3, 205);
INSERT INTO performance VALUES (5, 489, 94, 3, 165);
INSERT INTO consists_of VALUES (94, 18, 2, 7);
INSERT INTO performance VALUES (18, 34, 94, 7, 225);
INSERT INTO performance VALUES (18, 69, 94, 7, 215);
INSERT INTO performance VALUES (18, 104, 94, 7, 165);
INSERT INTO performance VALUES (18, 139, 94, 7, 165);
INSERT INTO performance VALUES (18, 174, 94, 7, 255);
INSERT INTO performance VALUES (18, 209, 94, 7, 165);
INSERT INTO performance VALUES (18, 244, 94, 7, 205);
INSERT INTO performance VALUES (18, 279, 94, 7, 185);
INSERT INTO performance VALUES (18, 314, 94, 7, 165);
INSERT INTO performance VALUES (18, 349, 94, 7, 145);
INSERT INTO performance VALUES (18, 384, 94, 7, 175);
INSERT INTO performance VALUES (18, 489, 94, 7, 145);
INSERT INTO consists_of VALUES (94, 12, 3, 4);
INSERT INTO performance VALUES (12, 34, 94, 4, 270);
INSERT INTO performance VALUES (12, 69, 94, 4, 240);
INSERT INTO performance VALUES (12, 104, 94, 4, 190);
INSERT INTO performance VALUES (12, 139, 94, 4, 210);
INSERT INTO performance VALUES (12, 174, 94, 4, 260);
INSERT INTO performance VALUES (12, 209, 94, 4, 170);
INSERT INTO performance VALUES (12, 244, 94, 4, 200);
INSERT INTO performance VALUES (12, 279, 94, 4, 210);
INSERT INTO performance VALUES (12, 314, 94, 4, 240);
INSERT INTO performance VALUES (12, 349, 94, 4, 190);
INSERT INTO performance VALUES (12, 384, 94, 4, 220);
INSERT INTO performance VALUES (12, 489, 94, 4, 260);
INSERT INTO consists_of VALUES (94, 2, 4, 4);
INSERT INTO performance VALUES (2, 34, 94, 4, 270);
INSERT INTO performance VALUES (2, 69, 94, 4, 240);
INSERT INTO performance VALUES (2, 104, 94, 4, 200);
INSERT INTO performance VALUES (2, 139, 94, 4, 180);
INSERT INTO performance VALUES (2, 174, 94, 4, 170);
INSERT INTO performance VALUES (2, 209, 94, 4, 250);
INSERT INTO performance VALUES (2, 244, 94, 4, 210);
INSERT INTO performance VALUES (2, 279, 94, 4, 260);
INSERT INTO performance VALUES (2, 314, 94, 4, 270);
INSERT INTO performance VALUES (2, 349, 94, 4, 200);
INSERT INTO performance VALUES (2, 384, 94, 4, 180);
INSERT INTO performance VALUES (2, 489, 94, 4, 230);
INSERT INTO Workout VALUES (95, 24, '2012-04-18', 4);
INSERT INTO does VALUES (95, 34, '2012-04-18');
INSERT INTO does VALUES (95, 69, '2012-04-18');
INSERT INTO does VALUES (95, 139, '2012-04-18');
INSERT INTO does VALUES (95, 174, '2012-04-18');
INSERT INTO does VALUES (95, 209, '2012-04-18');
INSERT INTO does VALUES (95, 244, '2012-04-18');
INSERT INTO does VALUES (95, 279, '2012-04-18');
INSERT INTO does VALUES (95, 349, '2012-04-18');
INSERT INTO does VALUES (95, 384, '2012-04-18');
INSERT INTO does VALUES (95, 419, '2012-04-18');
INSERT INTO does VALUES (95, 454, '2012-04-18');
INSERT INTO does VALUES (95, 489, '2012-04-18');
INSERT INTO consists_of VALUES (95, 2, 3, 6);
INSERT INTO performance VALUES (2, 34, 95, 6, 150);
INSERT INTO performance VALUES (2, 69, 95, 6, 160);
INSERT INTO performance VALUES (2, 139, 95, 6, 190);
INSERT INTO performance VALUES (2, 174, 95, 6, 200);
INSERT INTO performance VALUES (2, 209, 95, 6, 180);
INSERT INTO performance VALUES (2, 244, 95, 6, 190);
INSERT INTO performance VALUES (2, 279, 95, 6, 170);
INSERT INTO performance VALUES (2, 349, 95, 6, 150);
INSERT INTO performance VALUES (2, 384, 95, 6, 200);
INSERT INTO performance VALUES (2, 489, 95, 6, 190);
INSERT INTO consists_of VALUES (95, 17, 4, 7);
INSERT INTO performance VALUES (17, 34, 95, 7, 185);
INSERT INTO performance VALUES (17, 69, 95, 7, 155);
INSERT INTO performance VALUES (17, 139, 95, 7, 225);
INSERT INTO performance VALUES (17, 174, 95, 7, 195);
INSERT INTO performance VALUES (17, 209, 95, 7, 165);
INSERT INTO performance VALUES (17, 244, 95, 7, 195);
INSERT INTO performance VALUES (17, 279, 95, 7, 235);
INSERT INTO performance VALUES (17, 349, 95, 7, 185);
INSERT INTO performance VALUES (17, 384, 95, 7, 175);
INSERT INTO performance VALUES (17, 489, 95, 7, 225);
INSERT INTO consists_of VALUES (95, 19, 4, 4);
INSERT INTO performance VALUES (19, 34, 95, 4, 160);
INSERT INTO performance VALUES (19, 69, 95, 4, 180);
INSERT INTO performance VALUES (19, 139, 95, 4, 240);
INSERT INTO performance VALUES (19, 174, 95, 4, 260);
INSERT INTO performance VALUES (19, 209, 95, 4, 170);
INSERT INTO performance VALUES (19, 244, 95, 4, 180);
INSERT INTO performance VALUES (19, 279, 95, 4, 210);
INSERT INTO performance VALUES (19, 349, 95, 4, 200);
INSERT INTO performance VALUES (19, 384, 95, 4, 200);
INSERT INTO performance VALUES (19, 489, 95, 4, 210);
INSERT INTO consists_of VALUES (95, 13, 3, 8);
INSERT INTO performance VALUES (13, 34, 95, 8, 230);
INSERT INTO performance VALUES (13, 69, 95, 8, 150);
INSERT INTO performance VALUES (13, 139, 95, 8, 140);
INSERT INTO performance VALUES (13, 174, 95, 8, 260);
INSERT INTO performance VALUES (13, 209, 95, 8, 240);
INSERT INTO performance VALUES (13, 244, 95, 8, 240);
INSERT INTO performance VALUES (13, 279, 95, 8, 190);
INSERT INTO performance VALUES (13, 349, 95, 8, 210);
INSERT INTO performance VALUES (13, 384, 95, 8, 190);
INSERT INTO performance VALUES (13, 489, 95, 8, 220);
INSERT INTO consists_of VALUES (95, 16, 3, 8);
INSERT INTO performance VALUES (16, 34, 95, 8, 160);
INSERT INTO performance VALUES (16, 69, 95, 8, 180);
INSERT INTO performance VALUES (16, 139, 95, 8, 210);
INSERT INTO performance VALUES (16, 174, 95, 8, 170);
INSERT INTO performance VALUES (16, 209, 95, 8, 180);
INSERT INTO performance VALUES (16, 244, 95, 8, 150);
INSERT INTO performance VALUES (16, 279, 95, 8, 170);
INSERT INTO performance VALUES (16, 349, 95, 8, 240);
INSERT INTO performance VALUES (16, 384, 95, 8, 150);
INSERT INTO performance VALUES (16, 489, 95, 8, 170);
INSERT INTO Workout VALUES (96, 24, '2012-04-25', 4);
INSERT INTO does VALUES (96, 34, '2012-04-25');
INSERT INTO does VALUES (96, 69, '2012-04-25');
INSERT INTO does VALUES (96, 104, '2012-04-25');
INSERT INTO does VALUES (96, 139, '2012-04-25');
INSERT INTO does VALUES (96, 174, '2012-04-25');
INSERT INTO does VALUES (96, 209, '2012-04-25');
INSERT INTO does VALUES (96, 244, '2012-04-25');
INSERT INTO does VALUES (96, 279, '2012-04-25');
INSERT INTO does VALUES (96, 314, '2012-04-25');
INSERT INTO does VALUES (96, 349, '2012-04-25');
INSERT INTO does VALUES (96, 384, '2012-04-25');
INSERT INTO does VALUES (96, 419, '2012-04-25');
INSERT INTO does VALUES (96, 454, '2012-04-25');
INSERT INTO does VALUES (96, 489, '2012-04-25');
INSERT INTO consists_of VALUES (96, 9, 3, 3);
INSERT INTO performance VALUES (9, 34, 96, 3, 255);
INSERT INTO performance VALUES (9, 69, 96, 3, 265);
INSERT INTO performance VALUES (9, 139, 96, 3, 235);
INSERT INTO performance VALUES (9, 174, 96, 3, 245);
INSERT INTO performance VALUES (9, 209, 96, 3, 225);
INSERT INTO performance VALUES (9, 244, 96, 3, 165);
INSERT INTO performance VALUES (9, 279, 96, 3, 245);
INSERT INTO performance VALUES (9, 349, 96, 3, 255);
INSERT INTO performance VALUES (9, 384, 96, 3, 245);
INSERT INTO performance VALUES (9, 489, 96, 3, 165);
INSERT INTO consists_of VALUES (96, 2, 4, 5);
INSERT INTO performance VALUES (2, 34, 96, 5, 175);
INSERT INTO performance VALUES (2, 69, 96, 5, 165);
INSERT INTO performance VALUES (2, 139, 96, 5, 235);
INSERT INTO performance VALUES (2, 174, 96, 5, 215);
INSERT INTO performance VALUES (2, 209, 96, 5, 245);
INSERT INTO performance VALUES (2, 244, 96, 5, 255);
INSERT INTO performance VALUES (2, 279, 96, 5, 255);
INSERT INTO performance VALUES (2, 349, 96, 5, 155);
INSERT INTO performance VALUES (2, 384, 96, 5, 165);
INSERT INTO performance VALUES (2, 489, 96, 5, 205);
INSERT INTO consists_of VALUES (96, 5, 4, 10);
INSERT INTO performance VALUES (5, 34, 96, 10, 220);
INSERT INTO performance VALUES (5, 69, 96, 10, 140);
INSERT INTO performance VALUES (5, 139, 96, 10, 230);
INSERT INTO performance VALUES (5, 174, 96, 10, 180);
INSERT INTO performance VALUES (5, 209, 96, 10, 170);
INSERT INTO performance VALUES (5, 244, 96, 10, 170);
INSERT INTO performance VALUES (5, 279, 96, 10, 170);
INSERT INTO performance VALUES (5, 349, 96, 10, 180);
INSERT INTO performance VALUES (5, 384, 96, 10, 170);
INSERT INTO performance VALUES (5, 489, 96, 10, 220);
INSERT INTO consists_of VALUES (96, 11, 2, 7);
INSERT INTO performance VALUES (11, 34, 96, 7, 255);
INSERT INTO performance VALUES (11, 69, 96, 7, 175);
INSERT INTO performance VALUES (11, 139, 96, 7, 175);
INSERT INTO performance VALUES (11, 174, 96, 7, 265);
INSERT INTO performance VALUES (11, 209, 96, 7, 185);
INSERT INTO performance VALUES (11, 244, 96, 7, 175);
INSERT INTO performance VALUES (11, 279, 96, 7, 145);
INSERT INTO performance VALUES (11, 349, 96, 7, 175);
INSERT INTO performance VALUES (11, 384, 96, 7, 145);
INSERT INTO performance VALUES (11, 489, 96, 7, 225);
INSERT INTO consists_of VALUES (96, 13, 3, 10);
INSERT INTO performance VALUES (13, 34, 96, 10, 230);
INSERT INTO performance VALUES (13, 69, 96, 10, 200);
INSERT INTO performance VALUES (13, 139, 96, 10, 150);
INSERT INTO performance VALUES (13, 174, 96, 10, 220);
INSERT INTO performance VALUES (13, 209, 96, 10, 200);
INSERT INTO performance VALUES (13, 244, 96, 10, 170);
INSERT INTO performance VALUES (13, 279, 96, 10, 210);
INSERT INTO performance VALUES (13, 349, 96, 10, 190);
INSERT INTO performance VALUES (13, 384, 96, 10, 130);
INSERT INTO performance VALUES (13, 489, 96, 10, 130);
INSERT INTO Workout VALUES (97, 25, '2012-05-04', 5);
INSERT INTO does VALUES (97, 105, '2012-05-04');
INSERT INTO does VALUES (97, 175, '2012-05-04');
INSERT INTO does VALUES (97, 210, '2012-05-04');
INSERT INTO does VALUES (97, 245, '2012-05-04');
INSERT INTO does VALUES (97, 280, '2012-05-04');
INSERT INTO does VALUES (97, 385, '2012-05-04');
INSERT INTO does VALUES (97, 420, '2012-05-04');
INSERT INTO does VALUES (97, 455, '2012-05-04');
INSERT INTO does VALUES (97, 490, '2012-05-04');
INSERT INTO consists_of VALUES (97, 4, 4, 8);
INSERT INTO performance VALUES (4, 105, 97, 8, 190);
INSERT INTO performance VALUES (4, 175, 97, 8, 210);
INSERT INTO performance VALUES (4, 210, 97, 8, 140);
INSERT INTO performance VALUES (4, 245, 97, 8, 210);
INSERT INTO performance VALUES (4, 280, 97, 8, 220);
INSERT INTO performance VALUES (4, 385, 97, 8, 180);
INSERT INTO performance VALUES (4, 420, 97, 8, 200);
INSERT INTO performance VALUES (4, 455, 97, 8, 140);
INSERT INTO performance VALUES (4, 490, 97, 8, 230);
INSERT INTO consists_of VALUES (97, 12, 4, 10);
INSERT INTO performance VALUES (12, 105, 97, 10, 150);
INSERT INTO performance VALUES (12, 175, 97, 10, 140);
INSERT INTO performance VALUES (12, 210, 97, 10, 150);
INSERT INTO performance VALUES (12, 245, 97, 10, 130);
INSERT INTO performance VALUES (12, 280, 97, 10, 180);
INSERT INTO performance VALUES (12, 385, 97, 10, 200);
INSERT INTO performance VALUES (12, 420, 97, 10, 170);
INSERT INTO performance VALUES (12, 455, 97, 10, 130);
INSERT INTO performance VALUES (12, 490, 97, 10, 170);
INSERT INTO consists_of VALUES (97, 8, 3, 5);
INSERT INTO performance VALUES (8, 105, 97, 5, 235);
INSERT INTO performance VALUES (8, 175, 97, 5, 205);
INSERT INTO performance VALUES (8, 210, 97, 5, 245);
INSERT INTO performance VALUES (8, 245, 97, 5, 205);
INSERT INTO performance VALUES (8, 280, 97, 5, 245);
INSERT INTO performance VALUES (8, 385, 97, 5, 165);
INSERT INTO performance VALUES (8, 420, 97, 5, 155);
INSERT INTO performance VALUES (8, 455, 97, 5, 155);
INSERT INTO performance VALUES (8, 490, 97, 5, 225);
INSERT INTO consists_of VALUES (97, 10, 3, 4);
INSERT INTO performance VALUES (10, 105, 97, 4, 240);
INSERT INTO performance VALUES (10, 175, 97, 4, 230);
INSERT INTO performance VALUES (10, 210, 97, 4, 170);
INSERT INTO performance VALUES (10, 245, 97, 4, 220);
INSERT INTO performance VALUES (10, 280, 97, 4, 250);
INSERT INTO performance VALUES (10, 385, 97, 4, 180);
INSERT INTO performance VALUES (10, 420, 97, 4, 180);
INSERT INTO performance VALUES (10, 455, 97, 4, 200);
INSERT INTO performance VALUES (10, 490, 97, 4, 230);
INSERT INTO consists_of VALUES (97, 20, 4, 3);
INSERT INTO performance VALUES (20, 105, 97, 3, 165);
INSERT INTO performance VALUES (20, 175, 97, 3, 235);
INSERT INTO performance VALUES (20, 210, 97, 3, 245);
INSERT INTO performance VALUES (20, 245, 97, 3, 175);
INSERT INTO performance VALUES (20, 280, 97, 3, 225);
INSERT INTO performance VALUES (20, 385, 97, 3, 225);
INSERT INTO performance VALUES (20, 420, 97, 3, 245);
INSERT INTO performance VALUES (20, 455, 97, 3, 205);
INSERT INTO performance VALUES (20, 490, 97, 3, 205);
INSERT INTO Workout VALUES (98, 25, '2012-05-11', 5);
INSERT INTO does VALUES (98, 35, '2012-05-11');
INSERT INTO does VALUES (98, 70, '2012-05-11');
INSERT INTO does VALUES (98, 105, '2012-05-11');
INSERT INTO does VALUES (98, 140, '2012-05-11');
INSERT INTO does VALUES (98, 175, '2012-05-11');
INSERT INTO does VALUES (98, 210, '2012-05-11');
INSERT INTO does VALUES (98, 245, '2012-05-11');
INSERT INTO does VALUES (98, 280, '2012-05-11');
INSERT INTO does VALUES (98, 315, '2012-05-11');
INSERT INTO does VALUES (98, 350, '2012-05-11');
INSERT INTO does VALUES (98, 420, '2012-05-11');
INSERT INTO does VALUES (98, 455, '2012-05-11');
INSERT INTO does VALUES (98, 490, '2012-05-11');
INSERT INTO consists_of VALUES (98, 9, 3, 9);
INSERT INTO performance VALUES (9, 105, 98, 9, 135);
INSERT INTO performance VALUES (9, 175, 98, 9, 205);
INSERT INTO performance VALUES (9, 210, 98, 9, 215);
INSERT INTO performance VALUES (9, 245, 98, 9, 165);
INSERT INTO performance VALUES (9, 280, 98, 9, 225);
INSERT INTO performance VALUES (9, 420, 98, 9, 175);
INSERT INTO performance VALUES (9, 455, 98, 9, 205);
INSERT INTO performance VALUES (9, 490, 98, 9, 185);
INSERT INTO consists_of VALUES (98, 15, 3, 3);
INSERT INTO performance VALUES (15, 105, 98, 3, 165);
INSERT INTO performance VALUES (15, 175, 98, 3, 225);
INSERT INTO performance VALUES (15, 210, 98, 3, 255);
INSERT INTO performance VALUES (15, 245, 98, 3, 235);
INSERT INTO performance VALUES (15, 280, 98, 3, 245);
INSERT INTO performance VALUES (15, 420, 98, 3, 265);
INSERT INTO performance VALUES (15, 455, 98, 3, 195);
INSERT INTO performance VALUES (15, 490, 98, 3, 245);
INSERT INTO consists_of VALUES (98, 10, 4, 10);
INSERT INTO performance VALUES (10, 105, 98, 10, 210);
INSERT INTO performance VALUES (10, 175, 98, 10, 150);
INSERT INTO performance VALUES (10, 210, 98, 10, 140);
INSERT INTO performance VALUES (10, 245, 98, 10, 200);
INSERT INTO performance VALUES (10, 280, 98, 10, 210);
INSERT INTO performance VALUES (10, 420, 98, 10, 230);
INSERT INTO performance VALUES (10, 455, 98, 10, 140);
INSERT INTO performance VALUES (10, 490, 98, 10, 140);
INSERT INTO consists_of VALUES (98, 17, 2, 4);
INSERT INTO performance VALUES (17, 105, 98, 4, 210);
INSERT INTO performance VALUES (17, 175, 98, 4, 160);
INSERT INTO performance VALUES (17, 210, 98, 4, 180);
INSERT INTO performance VALUES (17, 245, 98, 4, 220);
INSERT INTO performance VALUES (17, 280, 98, 4, 210);
INSERT INTO performance VALUES (17, 420, 98, 4, 190);
INSERT INTO performance VALUES (17, 455, 98, 4, 170);
INSERT INTO performance VALUES (17, 490, 98, 4, 200);
INSERT INTO consists_of VALUES (98, 8, 3, 6);
INSERT INTO performance VALUES (8, 105, 98, 6, 180);
INSERT INTO performance VALUES (8, 175, 98, 6, 200);
INSERT INTO performance VALUES (8, 210, 98, 6, 170);
INSERT INTO performance VALUES (8, 245, 98, 6, 190);
INSERT INTO performance VALUES (8, 280, 98, 6, 160);
INSERT INTO performance VALUES (8, 420, 98, 6, 240);
INSERT INTO performance VALUES (8, 455, 98, 6, 170);
INSERT INTO performance VALUES (8, 490, 98, 6, 200);
INSERT INTO Workout VALUES (99, 25, '2012-05-18', 5);
INSERT INTO does VALUES (99, 35, '2012-05-18');
INSERT INTO does VALUES (99, 70, '2012-05-18');
INSERT INTO does VALUES (99, 105, '2012-05-18');
INSERT INTO does VALUES (99, 140, '2012-05-18');
INSERT INTO does VALUES (99, 175, '2012-05-18');
INSERT INTO does VALUES (99, 210, '2012-05-18');
INSERT INTO does VALUES (99, 245, '2012-05-18');
INSERT INTO does VALUES (99, 280, '2012-05-18');
INSERT INTO does VALUES (99, 350, '2012-05-18');
INSERT INTO does VALUES (99, 385, '2012-05-18');
INSERT INTO does VALUES (99, 420, '2012-05-18');
INSERT INTO does VALUES (99, 455, '2012-05-18');
INSERT INTO does VALUES (99, 490, '2012-05-18');
INSERT INTO consists_of VALUES (99, 16, 3, 5);
INSERT INTO performance VALUES (16, 105, 99, 5, 185);
INSERT INTO performance VALUES (16, 175, 99, 5, 185);
INSERT INTO performance VALUES (16, 210, 99, 5, 235);
INSERT INTO performance VALUES (16, 245, 99, 5, 175);
INSERT INTO performance VALUES (16, 280, 99, 5, 215);
INSERT INTO performance VALUES (16, 420, 99, 5, 185);
INSERT INTO performance VALUES (16, 455, 99, 5, 195);
INSERT INTO performance VALUES (16, 490, 99, 5, 245);
INSERT INTO consists_of VALUES (99, 7, 4, 8);
INSERT INTO performance VALUES (7, 105, 99, 8, 180);
INSERT INTO performance VALUES (7, 175, 99, 8, 170);
INSERT INTO performance VALUES (7, 210, 99, 8, 170);
INSERT INTO performance VALUES (7, 245, 99, 8, 180);
INSERT INTO performance VALUES (7, 280, 99, 8, 160);
INSERT INTO performance VALUES (7, 420, 99, 8, 210);
INSERT INTO performance VALUES (7, 455, 99, 8, 140);
INSERT INTO performance VALUES (7, 490, 99, 8, 240);
INSERT INTO consists_of VALUES (99, 3, 2, 7);
INSERT INTO performance VALUES (3, 105, 99, 7, 155);
INSERT INTO performance VALUES (3, 175, 99, 7, 215);
INSERT INTO performance VALUES (3, 210, 99, 7, 145);
INSERT INTO performance VALUES (3, 245, 99, 7, 155);
INSERT INTO performance VALUES (3, 280, 99, 7, 185);
INSERT INTO performance VALUES (3, 420, 99, 7, 165);
INSERT INTO performance VALUES (3, 455, 99, 7, 185);
INSERT INTO performance VALUES (3, 490, 99, 7, 145);
INSERT INTO consists_of VALUES (99, 1, 2, 6);
INSERT INTO performance VALUES (1, 105, 99, 6, 220);
INSERT INTO performance VALUES (1, 175, 99, 6, 190);
INSERT INTO performance VALUES (1, 210, 99, 6, 220);
INSERT INTO performance VALUES (1, 245, 99, 6, 160);
INSERT INTO performance VALUES (1, 280, 99, 6, 170);
INSERT INTO performance VALUES (1, 420, 99, 6, 180);
INSERT INTO performance VALUES (1, 455, 99, 6, 220);
INSERT INTO performance VALUES (1, 490, 99, 6, 160);
INSERT INTO consists_of VALUES (99, 11, 3, 3);
INSERT INTO performance VALUES (11, 105, 99, 3, 215);
INSERT INTO performance VALUES (11, 175, 99, 3, 175);
INSERT INTO performance VALUES (11, 210, 99, 3, 165);
INSERT INTO performance VALUES (11, 245, 99, 3, 205);
INSERT INTO performance VALUES (11, 280, 99, 3, 245);
INSERT INTO performance VALUES (11, 420, 99, 3, 255);
INSERT INTO performance VALUES (11, 455, 99, 3, 215);
INSERT INTO performance VALUES (11, 490, 99, 3, 265);
INSERT INTO Workout VALUES (100, 25, '2012-05-25', 5);
INSERT INTO does VALUES (100, 70, '2012-05-25');
INSERT INTO does VALUES (100, 105, '2012-05-25');
INSERT INTO does VALUES (100, 140, '2012-05-25');
INSERT INTO does VALUES (100, 210, '2012-05-25');
INSERT INTO does VALUES (100, 245, '2012-05-25');
INSERT INTO does VALUES (100, 315, '2012-05-25');
INSERT INTO does VALUES (100, 385, '2012-05-25');
INSERT INTO does VALUES (100, 420, '2012-05-25');
INSERT INTO does VALUES (100, 455, '2012-05-25');
INSERT INTO does VALUES (100, 490, '2012-05-25');
INSERT INTO consists_of VALUES (100, 2, 2, 4);
INSERT INTO performance VALUES (2, 105, 100, 4, 190);
INSERT INTO performance VALUES (2, 210, 100, 4, 180);
INSERT INTO performance VALUES (2, 245, 100, 4, 160);
INSERT INTO performance VALUES (2, 420, 100, 4, 200);
INSERT INTO performance VALUES (2, 455, 100, 4, 200);
INSERT INTO performance VALUES (2, 490, 100, 4, 200);
INSERT INTO consists_of VALUES (100, 19, 2, 8);
INSERT INTO performance VALUES (19, 105, 100, 8, 200);
INSERT INTO performance VALUES (19, 210, 100, 8, 150);
INSERT INTO performance VALUES (19, 245, 100, 8, 200);
INSERT INTO performance VALUES (19, 420, 100, 8, 200);
INSERT INTO performance VALUES (19, 455, 100, 8, 160);
INSERT INTO performance VALUES (19, 490, 100, 8, 170);
INSERT INTO consists_of VALUES (100, 15, 4, 6);
INSERT INTO performance VALUES (15, 105, 100, 6, 210);
INSERT INTO performance VALUES (15, 210, 100, 6, 170);
INSERT INTO performance VALUES (15, 245, 100, 6, 180);
INSERT INTO performance VALUES (15, 420, 100, 6, 220);
INSERT INTO performance VALUES (15, 455, 100, 6, 200);
INSERT INTO performance VALUES (15, 490, 100, 6, 220);
INSERT INTO consists_of VALUES (100, 9, 3, 10);
INSERT INTO performance VALUES (9, 105, 100, 10, 150);
INSERT INTO performance VALUES (9, 210, 100, 10, 170);
INSERT INTO performance VALUES (9, 245, 100, 10, 190);
INSERT INTO performance VALUES (9, 420, 100, 10, 140);
INSERT INTO performance VALUES (9, 455, 100, 10, 150);
INSERT INTO performance VALUES (9, 490, 100, 10, 130);
INSERT INTO consists_of VALUES (100, 21, 4, 7);
INSERT INTO performance VALUES (21, 105, 100, 7, 155);
INSERT INTO performance VALUES (21, 210, 100, 7, 165);
INSERT INTO performance VALUES (21, 245, 100, 7, 195);
INSERT INTO performance VALUES (21, 420, 100, 7, 165);
INSERT INTO performance VALUES (21, 455, 100, 7, 145);
INSERT INTO performance VALUES (21, 490, 100, 7, 235);
INSERT INTO Workout VALUES (101, 26, '2012-06-04', 6);
INSERT INTO does VALUES (101, 36, '2012-06-04');
INSERT INTO does VALUES (101, 106, '2012-06-04');
INSERT INTO does VALUES (101, 141, '2012-06-04');
INSERT INTO does VALUES (101, 176, '2012-06-04');
INSERT INTO does VALUES (101, 211, '2012-06-04');
INSERT INTO does VALUES (101, 246, '2012-06-04');
INSERT INTO does VALUES (101, 281, '2012-06-04');
INSERT INTO does VALUES (101, 316, '2012-06-04');
INSERT INTO does VALUES (101, 351, '2012-06-04');
INSERT INTO does VALUES (101, 386, '2012-06-04');
INSERT INTO does VALUES (101, 421, '2012-06-04');
INSERT INTO does VALUES (101, 456, '2012-06-04');
INSERT INTO does VALUES (101, 491, '2012-06-04');
INSERT INTO consists_of VALUES (101, 14, 2, 6);
INSERT INTO performance VALUES (14, 36, 101, 6, 160);
INSERT INTO performance VALUES (14, 106, 101, 6, 230);
INSERT INTO performance VALUES (14, 141, 101, 6, 200);
INSERT INTO performance VALUES (14, 176, 101, 6, 200);
INSERT INTO performance VALUES (14, 211, 101, 6, 170);
INSERT INTO performance VALUES (14, 246, 101, 6, 180);
INSERT INTO performance VALUES (14, 281, 101, 6, 250);
INSERT INTO performance VALUES (14, 316, 101, 6, 180);
INSERT INTO performance VALUES (14, 351, 101, 6, 240);
INSERT INTO performance VALUES (14, 386, 101, 6, 210);
INSERT INTO performance VALUES (14, 421, 101, 6, 230);
INSERT INTO performance VALUES (14, 456, 101, 6, 220);
INSERT INTO performance VALUES (14, 491, 101, 6, 180);
INSERT INTO consists_of VALUES (101, 18, 2, 9);
INSERT INTO performance VALUES (18, 36, 101, 9, 205);
INSERT INTO performance VALUES (18, 106, 101, 9, 175);
INSERT INTO performance VALUES (18, 141, 101, 9, 165);
INSERT INTO performance VALUES (18, 176, 101, 9, 165);
INSERT INTO performance VALUES (18, 211, 101, 9, 145);
INSERT INTO performance VALUES (18, 246, 101, 9, 185);
INSERT INTO performance VALUES (18, 281, 101, 9, 155);
INSERT INTO performance VALUES (18, 316, 101, 9, 135);
INSERT INTO performance VALUES (18, 351, 101, 9, 145);
INSERT INTO performance VALUES (18, 386, 101, 9, 155);
INSERT INTO performance VALUES (18, 421, 101, 9, 155);
INSERT INTO performance VALUES (18, 456, 101, 9, 155);
INSERT INTO performance VALUES (18, 491, 101, 9, 205);
INSERT INTO consists_of VALUES (101, 7, 2, 3);
INSERT INTO performance VALUES (7, 36, 101, 3, 205);
INSERT INTO performance VALUES (7, 106, 101, 3, 195);
INSERT INTO performance VALUES (7, 141, 101, 3, 265);
INSERT INTO performance VALUES (7, 176, 101, 3, 185);
INSERT INTO performance VALUES (7, 211, 101, 3, 195);
INSERT INTO performance VALUES (7, 246, 101, 3, 245);
INSERT INTO performance VALUES (7, 281, 101, 3, 265);
INSERT INTO performance VALUES (7, 316, 101, 3, 195);
INSERT INTO performance VALUES (7, 351, 101, 3, 245);
INSERT INTO performance VALUES (7, 386, 101, 3, 185);
INSERT INTO performance VALUES (7, 421, 101, 3, 215);
INSERT INTO performance VALUES (7, 456, 101, 3, 225);
INSERT INTO performance VALUES (7, 491, 101, 3, 265);
INSERT INTO consists_of VALUES (101, 2, 3, 4);
INSERT INTO performance VALUES (2, 36, 101, 4, 220);
INSERT INTO performance VALUES (2, 106, 101, 4, 170);
INSERT INTO performance VALUES (2, 141, 101, 4, 190);
INSERT INTO performance VALUES (2, 176, 101, 4, 210);
INSERT INTO performance VALUES (2, 211, 101, 4, 210);
INSERT INTO performance VALUES (2, 246, 101, 4, 210);
INSERT INTO performance VALUES (2, 281, 101, 4, 230);
INSERT INTO performance VALUES (2, 316, 101, 4, 210);
INSERT INTO performance VALUES (2, 351, 101, 4, 180);
INSERT INTO performance VALUES (2, 386, 101, 4, 220);
INSERT INTO performance VALUES (2, 421, 101, 4, 200);
INSERT INTO performance VALUES (2, 456, 101, 4, 170);
INSERT INTO performance VALUES (2, 491, 101, 4, 180);
INSERT INTO consists_of VALUES (101, 11, 4, 10);
INSERT INTO performance VALUES (11, 36, 101, 10, 160);
INSERT INTO performance VALUES (11, 106, 101, 10, 190);
INSERT INTO performance VALUES (11, 141, 101, 10, 130);
INSERT INTO performance VALUES (11, 176, 101, 10, 180);
INSERT INTO performance VALUES (11, 211, 101, 10, 180);
INSERT INTO performance VALUES (11, 246, 101, 10, 190);
INSERT INTO performance VALUES (11, 281, 101, 10, 210);
INSERT INTO performance VALUES (11, 316, 101, 10, 130);
INSERT INTO performance VALUES (11, 351, 101, 10, 170);
INSERT INTO performance VALUES (11, 386, 101, 10, 130);
INSERT INTO performance VALUES (11, 421, 101, 10, 230);
INSERT INTO performance VALUES (11, 456, 101, 10, 170);
INSERT INTO performance VALUES (11, 491, 101, 10, 220);
INSERT INTO Workout VALUES (102, 26, '2012-06-11', 6);
INSERT INTO does VALUES (102, 71, '2012-06-11');
INSERT INTO does VALUES (102, 141, '2012-06-11');
INSERT INTO does VALUES (102, 176, '2012-06-11');
INSERT INTO does VALUES (102, 211, '2012-06-11');
INSERT INTO does VALUES (102, 246, '2012-06-11');
INSERT INTO does VALUES (102, 316, '2012-06-11');
INSERT INTO does VALUES (102, 351, '2012-06-11');
INSERT INTO does VALUES (102, 386, '2012-06-11');
INSERT INTO does VALUES (102, 421, '2012-06-11');
INSERT INTO does VALUES (102, 456, '2012-06-11');
INSERT INTO does VALUES (102, 491, '2012-06-11');
INSERT INTO consists_of VALUES (102, 13, 3, 7);
INSERT INTO performance VALUES (13, 141, 102, 7, 185);
INSERT INTO performance VALUES (13, 176, 102, 7, 215);
INSERT INTO performance VALUES (13, 211, 102, 7, 235);
INSERT INTO performance VALUES (13, 246, 102, 7, 165);
INSERT INTO performance VALUES (13, 316, 102, 7, 145);
INSERT INTO performance VALUES (13, 351, 102, 7, 205);
INSERT INTO performance VALUES (13, 386, 102, 7, 215);
INSERT INTO performance VALUES (13, 421, 102, 7, 195);
INSERT INTO performance VALUES (13, 456, 102, 7, 155);
INSERT INTO performance VALUES (13, 491, 102, 7, 215);
INSERT INTO consists_of VALUES (102, 9, 2, 9);
INSERT INTO performance VALUES (9, 141, 102, 9, 185);
INSERT INTO performance VALUES (9, 176, 102, 9, 185);
INSERT INTO performance VALUES (9, 211, 102, 9, 155);
INSERT INTO performance VALUES (9, 246, 102, 9, 195);
INSERT INTO performance VALUES (9, 316, 102, 9, 205);
INSERT INTO performance VALUES (9, 351, 102, 9, 145);
INSERT INTO performance VALUES (9, 386, 102, 9, 215);
INSERT INTO performance VALUES (9, 421, 102, 9, 205);
INSERT INTO performance VALUES (9, 456, 102, 9, 145);
INSERT INTO performance VALUES (9, 491, 102, 9, 145);
INSERT INTO consists_of VALUES (102, 10, 4, 8);
INSERT INTO performance VALUES (10, 141, 102, 8, 200);
INSERT INTO performance VALUES (10, 176, 102, 8, 200);
INSERT INTO performance VALUES (10, 211, 102, 8, 240);
INSERT INTO performance VALUES (10, 246, 102, 8, 150);
INSERT INTO performance VALUES (10, 316, 102, 8, 220);
INSERT INTO performance VALUES (10, 351, 102, 8, 180);
INSERT INTO performance VALUES (10, 386, 102, 8, 170);
INSERT INTO performance VALUES (10, 421, 102, 8, 160);
INSERT INTO performance VALUES (10, 456, 102, 8, 170);
INSERT INTO performance VALUES (10, 491, 102, 8, 220);
INSERT INTO consists_of VALUES (102, 11, 4, 8);
INSERT INTO performance VALUES (11, 141, 102, 8, 220);
INSERT INTO performance VALUES (11, 176, 102, 8, 200);
INSERT INTO performance VALUES (11, 211, 102, 8, 160);
INSERT INTO performance VALUES (11, 246, 102, 8, 140);
INSERT INTO performance VALUES (11, 316, 102, 8, 140);
INSERT INTO performance VALUES (11, 351, 102, 8, 180);
INSERT INTO performance VALUES (11, 386, 102, 8, 170);
INSERT INTO performance VALUES (11, 421, 102, 8, 170);
INSERT INTO performance VALUES (11, 456, 102, 8, 200);
INSERT INTO performance VALUES (11, 491, 102, 8, 230);
INSERT INTO consists_of VALUES (102, 17, 2, 6);
INSERT INTO performance VALUES (17, 141, 102, 6, 220);
INSERT INTO performance VALUES (17, 176, 102, 6, 160);
INSERT INTO performance VALUES (17, 211, 102, 6, 200);
INSERT INTO performance VALUES (17, 246, 102, 6, 170);
INSERT INTO performance VALUES (17, 316, 102, 6, 200);
INSERT INTO performance VALUES (17, 351, 102, 6, 250);
INSERT INTO performance VALUES (17, 386, 102, 6, 230);
INSERT INTO performance VALUES (17, 421, 102, 6, 160);
INSERT INTO performance VALUES (17, 456, 102, 6, 180);
INSERT INTO performance VALUES (17, 491, 102, 6, 170);
INSERT INTO Workout VALUES (103, 26, '2012-06-18', 6);
INSERT INTO does VALUES (103, 36, '2012-06-18');
INSERT INTO does VALUES (103, 71, '2012-06-18');
INSERT INTO does VALUES (103, 106, '2012-06-18');
INSERT INTO does VALUES (103, 141, '2012-06-18');
INSERT INTO does VALUES (103, 176, '2012-06-18');
INSERT INTO does VALUES (103, 211, '2012-06-18');
INSERT INTO does VALUES (103, 246, '2012-06-18');
INSERT INTO does VALUES (103, 281, '2012-06-18');
INSERT INTO does VALUES (103, 316, '2012-06-18');
INSERT INTO does VALUES (103, 351, '2012-06-18');
INSERT INTO does VALUES (103, 386, '2012-06-18');
INSERT INTO does VALUES (103, 421, '2012-06-18');
INSERT INTO does VALUES (103, 456, '2012-06-18');
INSERT INTO does VALUES (103, 491, '2012-06-18');
INSERT INTO consists_of VALUES (103, 13, 4, 7);
INSERT INTO performance VALUES (13, 141, 103, 7, 185);
INSERT INTO performance VALUES (13, 176, 103, 7, 165);
INSERT INTO performance VALUES (13, 211, 103, 7, 185);
INSERT INTO performance VALUES (13, 246, 103, 7, 165);
INSERT INTO performance VALUES (13, 316, 103, 7, 195);
INSERT INTO performance VALUES (13, 351, 103, 7, 215);
INSERT INTO performance VALUES (13, 386, 103, 7, 195);
INSERT INTO performance VALUES (13, 421, 103, 7, 195);
INSERT INTO performance VALUES (13, 456, 103, 7, 155);
INSERT INTO performance VALUES (13, 491, 103, 7, 245);
INSERT INTO consists_of VALUES (103, 16, 3, 10);
INSERT INTO performance VALUES (16, 141, 103, 10, 190);
INSERT INTO performance VALUES (16, 176, 103, 10, 150);
INSERT INTO performance VALUES (16, 211, 103, 10, 130);
INSERT INTO performance VALUES (16, 246, 103, 10, 170);
INSERT INTO performance VALUES (16, 316, 103, 10, 210);
INSERT INTO performance VALUES (16, 351, 103, 10, 190);
INSERT INTO performance VALUES (16, 386, 103, 10, 200);
INSERT INTO performance VALUES (16, 421, 103, 10, 210);
INSERT INTO performance VALUES (16, 456, 103, 10, 200);
INSERT INTO performance VALUES (16, 491, 103, 10, 170);
INSERT INTO consists_of VALUES (103, 1, 2, 10);
INSERT INTO performance VALUES (1, 141, 103, 10, 140);
INSERT INTO performance VALUES (1, 176, 103, 10, 170);
INSERT INTO performance VALUES (1, 211, 103, 10, 220);
INSERT INTO performance VALUES (1, 246, 103, 10, 150);
INSERT INTO performance VALUES (1, 316, 103, 10, 160);
INSERT INTO performance VALUES (1, 351, 103, 10, 200);
INSERT INTO performance VALUES (1, 386, 103, 10, 150);
INSERT INTO performance VALUES (1, 421, 103, 10, 220);
INSERT INTO performance VALUES (1, 456, 103, 10, 130);
INSERT INTO performance VALUES (1, 491, 103, 10, 130);
INSERT INTO consists_of VALUES (103, 18, 4, 4);
INSERT INTO performance VALUES (18, 141, 103, 4, 160);
INSERT INTO performance VALUES (18, 176, 103, 4, 170);
INSERT INTO performance VALUES (18, 211, 103, 4, 210);
INSERT INTO performance VALUES (18, 246, 103, 4, 210);
INSERT INTO performance VALUES (18, 316, 103, 4, 220);
INSERT INTO performance VALUES (18, 351, 103, 4, 210);
INSERT INTO performance VALUES (18, 386, 103, 4, 240);
INSERT INTO performance VALUES (18, 421, 103, 4, 250);
INSERT INTO performance VALUES (18, 456, 103, 4, 190);
INSERT INTO performance VALUES (18, 491, 103, 4, 210);
INSERT INTO consists_of VALUES (103, 14, 3, 6);
INSERT INTO performance VALUES (14, 141, 103, 6, 230);
INSERT INTO performance VALUES (14, 176, 103, 6, 160);
INSERT INTO performance VALUES (14, 211, 103, 6, 200);
INSERT INTO performance VALUES (14, 246, 103, 6, 150);
INSERT INTO performance VALUES (14, 316, 103, 6, 150);
INSERT INTO performance VALUES (14, 351, 103, 6, 220);
INSERT INTO performance VALUES (14, 386, 103, 6, 220);
INSERT INTO performance VALUES (14, 421, 103, 6, 230);
INSERT INTO performance VALUES (14, 456, 103, 6, 210);
INSERT INTO performance VALUES (14, 491, 103, 6, 150);
INSERT INTO Workout VALUES (104, 26, '2012-06-25', 6);
INSERT INTO does VALUES (104, 36, '2012-06-25');
INSERT INTO does VALUES (104, 106, '2012-06-25');
INSERT INTO does VALUES (104, 176, '2012-06-25');
INSERT INTO does VALUES (104, 211, '2012-06-25');
INSERT INTO does VALUES (104, 246, '2012-06-25');
INSERT INTO does VALUES (104, 281, '2012-06-25');
INSERT INTO does VALUES (104, 316, '2012-06-25');
INSERT INTO does VALUES (104, 351, '2012-06-25');
INSERT INTO does VALUES (104, 386, '2012-06-25');
INSERT INTO does VALUES (104, 421, '2012-06-25');
INSERT INTO does VALUES (104, 491, '2012-06-25');
INSERT INTO consists_of VALUES (104, 15, 2, 9);
INSERT INTO performance VALUES (15, 176, 104, 9, 185);
INSERT INTO performance VALUES (15, 211, 104, 9, 235);
INSERT INTO performance VALUES (15, 246, 104, 9, 165);
INSERT INTO performance VALUES (15, 316, 104, 9, 135);
INSERT INTO performance VALUES (15, 351, 104, 9, 185);
INSERT INTO performance VALUES (15, 386, 104, 9, 145);
INSERT INTO performance VALUES (15, 421, 104, 9, 165);
INSERT INTO performance VALUES (15, 491, 104, 9, 215);
INSERT INTO consists_of VALUES (104, 14, 3, 10);
INSERT INTO performance VALUES (14, 176, 104, 10, 200);
INSERT INTO performance VALUES (14, 211, 104, 10, 160);
INSERT INTO performance VALUES (14, 246, 104, 10, 200);
INSERT INTO performance VALUES (14, 316, 104, 10, 130);
INSERT INTO performance VALUES (14, 351, 104, 10, 200);
INSERT INTO performance VALUES (14, 386, 104, 10, 140);
INSERT INTO performance VALUES (14, 421, 104, 10, 230);
INSERT INTO performance VALUES (14, 491, 104, 10, 200);
INSERT INTO consists_of VALUES (104, 12, 4, 7);
INSERT INTO performance VALUES (12, 176, 104, 7, 195);
INSERT INTO performance VALUES (12, 211, 104, 7, 165);
INSERT INTO performance VALUES (12, 246, 104, 7, 215);
INSERT INTO performance VALUES (12, 316, 104, 7, 195);
INSERT INTO performance VALUES (12, 351, 104, 7, 245);
INSERT INTO performance VALUES (12, 386, 104, 7, 215);
INSERT INTO performance VALUES (12, 421, 104, 7, 225);
INSERT INTO performance VALUES (12, 491, 104, 7, 165);
INSERT INTO consists_of VALUES (104, 20, 4, 7);
INSERT INTO performance VALUES (20, 176, 104, 7, 195);
INSERT INTO performance VALUES (20, 211, 104, 7, 165);
INSERT INTO performance VALUES (20, 246, 104, 7, 165);
INSERT INTO performance VALUES (20, 316, 104, 7, 195);
INSERT INTO performance VALUES (20, 351, 104, 7, 145);
INSERT INTO performance VALUES (20, 386, 104, 7, 225);
INSERT INTO performance VALUES (20, 421, 104, 7, 145);
INSERT INTO performance VALUES (20, 491, 104, 7, 175);
INSERT INTO consists_of VALUES (104, 21, 3, 3);
INSERT INTO performance VALUES (21, 176, 104, 3, 195);
INSERT INTO performance VALUES (21, 211, 104, 3, 235);
INSERT INTO performance VALUES (21, 246, 104, 3, 245);
INSERT INTO performance VALUES (21, 316, 104, 3, 195);
INSERT INTO performance VALUES (21, 351, 104, 3, 255);
INSERT INTO performance VALUES (21, 386, 104, 3, 195);
INSERT INTO performance VALUES (21, 421, 104, 3, 245);
INSERT INTO performance VALUES (21, 491, 104, 3, 255);
INSERT INTO Workout VALUES (105, 27, '2012-07-04', 7);
INSERT INTO does VALUES (105, 72, '2012-07-04');
INSERT INTO does VALUES (105, 107, '2012-07-04');
INSERT INTO does VALUES (105, 142, '2012-07-04');
INSERT INTO does VALUES (105, 177, '2012-07-04');
INSERT INTO does VALUES (105, 212, '2012-07-04');
INSERT INTO does VALUES (105, 247, '2012-07-04');
INSERT INTO does VALUES (105, 282, '2012-07-04');
INSERT INTO does VALUES (105, 317, '2012-07-04');
INSERT INTO does VALUES (105, 352, '2012-07-04');
INSERT INTO does VALUES (105, 422, '2012-07-04');
INSERT INTO does VALUES (105, 457, '2012-07-04');
INSERT INTO does VALUES (105, 492, '2012-07-04');
INSERT INTO consists_of VALUES (105, 9, 4, 6);
INSERT INTO performance VALUES (9, 72, 105, 6, 160);
INSERT INTO performance VALUES (9, 107, 105, 6, 210);
INSERT INTO performance VALUES (9, 142, 105, 6, 200);
INSERT INTO performance VALUES (9, 177, 105, 6, 180);
INSERT INTO performance VALUES (9, 212, 105, 6, 210);
INSERT INTO performance VALUES (9, 247, 105, 6, 230);
INSERT INTO performance VALUES (9, 282, 105, 6, 200);
INSERT INTO performance VALUES (9, 317, 105, 6, 170);
INSERT INTO performance VALUES (9, 352, 105, 6, 230);
INSERT INTO performance VALUES (9, 422, 105, 6, 230);
INSERT INTO performance VALUES (9, 457, 105, 6, 150);
INSERT INTO performance VALUES (9, 492, 105, 6, 230);
INSERT INTO consists_of VALUES (105, 4, 3, 6);
INSERT INTO performance VALUES (4, 72, 105, 6, 200);
INSERT INTO performance VALUES (4, 107, 105, 6, 230);
INSERT INTO performance VALUES (4, 142, 105, 6, 240);
INSERT INTO performance VALUES (4, 177, 105, 6, 230);
INSERT INTO performance VALUES (4, 212, 105, 6, 210);
INSERT INTO performance VALUES (4, 247, 105, 6, 200);
INSERT INTO performance VALUES (4, 282, 105, 6, 190);
INSERT INTO performance VALUES (4, 317, 105, 6, 220);
INSERT INTO performance VALUES (4, 352, 105, 6, 150);
INSERT INTO performance VALUES (4, 422, 105, 6, 250);
INSERT INTO performance VALUES (4, 457, 105, 6, 230);
INSERT INTO performance VALUES (4, 492, 105, 6, 230);
INSERT INTO consists_of VALUES (105, 8, 2, 6);
INSERT INTO performance VALUES (8, 72, 105, 6, 220);
INSERT INTO performance VALUES (8, 107, 105, 6, 150);
INSERT INTO performance VALUES (8, 142, 105, 6, 250);
INSERT INTO performance VALUES (8, 177, 105, 6, 160);
INSERT INTO performance VALUES (8, 212, 105, 6, 180);
INSERT INTO performance VALUES (8, 247, 105, 6, 200);
INSERT INTO performance VALUES (8, 282, 105, 6, 170);
INSERT INTO performance VALUES (8, 317, 105, 6, 170);
INSERT INTO performance VALUES (8, 352, 105, 6, 220);
INSERT INTO performance VALUES (8, 422, 105, 6, 220);
INSERT INTO performance VALUES (8, 457, 105, 6, 200);
INSERT INTO performance VALUES (8, 492, 105, 6, 220);
INSERT INTO consists_of VALUES (105, 12, 2, 10);
INSERT INTO performance VALUES (12, 72, 105, 10, 140);
INSERT INTO performance VALUES (12, 107, 105, 10, 190);
INSERT INTO performance VALUES (12, 142, 105, 10, 200);
INSERT INTO performance VALUES (12, 177, 105, 10, 140);
INSERT INTO performance VALUES (12, 212, 105, 10, 130);
INSERT INTO performance VALUES (12, 247, 105, 10, 130);
INSERT INTO performance VALUES (12, 282, 105, 10, 240);
INSERT INTO performance VALUES (12, 317, 105, 10, 170);
INSERT INTO performance VALUES (12, 352, 105, 10, 170);
INSERT INTO performance VALUES (12, 422, 105, 10, 150);
INSERT INTO performance VALUES (12, 457, 105, 10, 200);
INSERT INTO performance VALUES (12, 492, 105, 10, 160);
INSERT INTO consists_of VALUES (105, 13, 4, 7);
INSERT INTO performance VALUES (13, 72, 105, 7, 195);
INSERT INTO performance VALUES (13, 107, 105, 7, 205);
INSERT INTO performance VALUES (13, 142, 105, 7, 175);
INSERT INTO performance VALUES (13, 177, 105, 7, 165);
INSERT INTO performance VALUES (13, 212, 105, 7, 255);
INSERT INTO performance VALUES (13, 247, 105, 7, 155);
INSERT INTO performance VALUES (13, 282, 105, 7, 245);
INSERT INTO performance VALUES (13, 317, 105, 7, 165);
INSERT INTO performance VALUES (13, 352, 105, 7, 205);
INSERT INTO performance VALUES (13, 422, 105, 7, 245);
INSERT INTO performance VALUES (13, 457, 105, 7, 205);
INSERT INTO performance VALUES (13, 492, 105, 7, 195);
INSERT INTO Workout VALUES (106, 27, '2012-07-11', 7);
INSERT INTO does VALUES (106, 37, '2012-07-11');
INSERT INTO does VALUES (106, 72, '2012-07-11');
INSERT INTO does VALUES (106, 107, '2012-07-11');
INSERT INTO does VALUES (106, 142, '2012-07-11');
INSERT INTO does VALUES (106, 177, '2012-07-11');
INSERT INTO does VALUES (106, 212, '2012-07-11');
INSERT INTO does VALUES (106, 247, '2012-07-11');
INSERT INTO does VALUES (106, 282, '2012-07-11');
INSERT INTO does VALUES (106, 317, '2012-07-11');
INSERT INTO does VALUES (106, 352, '2012-07-11');
INSERT INTO does VALUES (106, 387, '2012-07-11');
INSERT INTO does VALUES (106, 422, '2012-07-11');
INSERT INTO does VALUES (106, 457, '2012-07-11');
INSERT INTO does VALUES (106, 492, '2012-07-11');
INSERT INTO consists_of VALUES (106, 11, 4, 9);
INSERT INTO performance VALUES (11, 72, 106, 9, 235);
INSERT INTO performance VALUES (11, 107, 106, 9, 185);
INSERT INTO performance VALUES (11, 142, 106, 9, 165);
INSERT INTO performance VALUES (11, 177, 106, 9, 145);
INSERT INTO performance VALUES (11, 212, 106, 9, 185);
INSERT INTO performance VALUES (11, 247, 106, 9, 215);
INSERT INTO performance VALUES (11, 282, 106, 9, 205);
INSERT INTO performance VALUES (11, 317, 106, 9, 145);
INSERT INTO performance VALUES (11, 352, 106, 9, 205);
INSERT INTO performance VALUES (11, 422, 106, 9, 185);
INSERT INTO performance VALUES (11, 457, 106, 9, 165);
INSERT INTO performance VALUES (11, 492, 106, 9, 155);
INSERT INTO consists_of VALUES (106, 8, 2, 3);
INSERT INTO performance VALUES (8, 72, 106, 3, 185);
INSERT INTO performance VALUES (8, 107, 106, 3, 215);
INSERT INTO performance VALUES (8, 142, 106, 3, 195);
INSERT INTO performance VALUES (8, 177, 106, 3, 185);
INSERT INTO performance VALUES (8, 212, 106, 3, 165);
INSERT INTO performance VALUES (8, 247, 106, 3, 215);
INSERT INTO performance VALUES (8, 282, 106, 3, 235);
INSERT INTO performance VALUES (8, 317, 106, 3, 245);
INSERT INTO performance VALUES (8, 352, 106, 3, 235);
INSERT INTO performance VALUES (8, 422, 106, 3, 215);
INSERT INTO performance VALUES (8, 457, 106, 3, 205);
INSERT INTO performance VALUES (8, 492, 106, 3, 165);
INSERT INTO consists_of VALUES (106, 14, 2, 10);
INSERT INTO performance VALUES (14, 72, 106, 10, 220);
INSERT INTO performance VALUES (14, 107, 106, 10, 200);
INSERT INTO performance VALUES (14, 142, 106, 10, 180);
INSERT INTO performance VALUES (14, 177, 106, 10, 200);
INSERT INTO performance VALUES (14, 212, 106, 10, 140);
INSERT INTO performance VALUES (14, 247, 106, 10, 190);
INSERT INTO performance VALUES (14, 282, 106, 10, 210);
INSERT INTO performance VALUES (14, 317, 106, 10, 180);
INSERT INTO performance VALUES (14, 352, 106, 10, 170);
INSERT INTO performance VALUES (14, 422, 106, 10, 200);
INSERT INTO performance VALUES (14, 457, 106, 10, 200);
INSERT INTO performance VALUES (14, 492, 106, 10, 150);
INSERT INTO consists_of VALUES (106, 15, 3, 4);
INSERT INTO performance VALUES (15, 72, 106, 4, 250);
INSERT INTO performance VALUES (15, 107, 106, 4, 240);
INSERT INTO performance VALUES (15, 142, 106, 4, 170);
INSERT INTO performance VALUES (15, 177, 106, 4, 210);
INSERT INTO performance VALUES (15, 212, 106, 4, 250);
INSERT INTO performance VALUES (15, 247, 106, 4, 170);
INSERT INTO performance VALUES (15, 282, 106, 4, 230);
INSERT INTO performance VALUES (15, 317, 106, 4, 190);
INSERT INTO performance VALUES (15, 352, 106, 4, 270);
INSERT INTO performance VALUES (15, 422, 106, 4, 220);
INSERT INTO performance VALUES (15, 457, 106, 4, 230);
INSERT INTO performance VALUES (15, 492, 106, 4, 230);
INSERT INTO consists_of VALUES (106, 20, 2, 10);
INSERT INTO performance VALUES (20, 72, 106, 10, 190);
INSERT INTO performance VALUES (20, 107, 106, 10, 160);
INSERT INTO performance VALUES (20, 142, 106, 10, 200);
INSERT INTO performance VALUES (20, 177, 106, 10, 210);
INSERT INTO performance VALUES (20, 212, 106, 10, 220);
INSERT INTO performance VALUES (20, 247, 106, 10, 160);
INSERT INTO performance VALUES (20, 282, 106, 10, 180);
INSERT INTO performance VALUES (20, 317, 106, 10, 190);
INSERT INTO performance VALUES (20, 352, 106, 10, 160);
INSERT INTO performance VALUES (20, 422, 106, 10, 190);
INSERT INTO performance VALUES (20, 457, 106, 10, 160);
INSERT INTO performance VALUES (20, 492, 106, 10, 180);
INSERT INTO Workout VALUES (107, 27, '2012-07-18', 7);
INSERT INTO does VALUES (107, 72, '2012-07-18');
INSERT INTO does VALUES (107, 107, '2012-07-18');
INSERT INTO does VALUES (107, 142, '2012-07-18');
INSERT INTO does VALUES (107, 177, '2012-07-18');
INSERT INTO does VALUES (107, 212, '2012-07-18');
INSERT INTO does VALUES (107, 247, '2012-07-18');
INSERT INTO does VALUES (107, 282, '2012-07-18');
INSERT INTO does VALUES (107, 317, '2012-07-18');
INSERT INTO does VALUES (107, 352, '2012-07-18');
INSERT INTO does VALUES (107, 387, '2012-07-18');
INSERT INTO does VALUES (107, 422, '2012-07-18');
INSERT INTO does VALUES (107, 492, '2012-07-18');
INSERT INTO consists_of VALUES (107, 5, 2, 6);
INSERT INTO performance VALUES (5, 72, 107, 6, 230);
INSERT INTO performance VALUES (5, 107, 107, 6, 230);
INSERT INTO performance VALUES (5, 142, 107, 6, 150);
INSERT INTO performance VALUES (5, 177, 107, 6, 150);
INSERT INTO performance VALUES (5, 212, 107, 6, 190);
INSERT INTO performance VALUES (5, 247, 107, 6, 220);
INSERT INTO performance VALUES (5, 282, 107, 6, 170);
INSERT INTO performance VALUES (5, 317, 107, 6, 220);
INSERT INTO performance VALUES (5, 352, 107, 6, 260);
INSERT INTO performance VALUES (5, 422, 107, 6, 240);
INSERT INTO performance VALUES (5, 492, 107, 6, 240);
INSERT INTO consists_of VALUES (107, 4, 3, 4);
INSERT INTO performance VALUES (4, 72, 107, 4, 160);
INSERT INTO performance VALUES (4, 107, 107, 4, 180);
INSERT INTO performance VALUES (4, 142, 107, 4, 210);
INSERT INTO performance VALUES (4, 177, 107, 4, 210);
INSERT INTO performance VALUES (4, 212, 107, 4, 200);
INSERT INTO performance VALUES (4, 247, 107, 4, 170);
INSERT INTO performance VALUES (4, 282, 107, 4, 260);
INSERT INTO performance VALUES (4, 317, 107, 4, 160);
INSERT INTO performance VALUES (4, 352, 107, 4, 160);
INSERT INTO performance VALUES (4, 422, 107, 4, 170);
INSERT INTO performance VALUES (4, 492, 107, 4, 260);
INSERT INTO consists_of VALUES (107, 21, 2, 3);
INSERT INTO performance VALUES (21, 72, 107, 3, 205);
INSERT INTO performance VALUES (21, 107, 107, 3, 175);
INSERT INTO performance VALUES (21, 142, 107, 3, 265);
INSERT INTO performance VALUES (21, 177, 107, 3, 235);
INSERT INTO performance VALUES (21, 212, 107, 3, 195);
INSERT INTO performance VALUES (21, 247, 107, 3, 195);
INSERT INTO performance VALUES (21, 282, 107, 3, 175);
INSERT INTO performance VALUES (21, 317, 107, 3, 205);
INSERT INTO performance VALUES (21, 352, 107, 3, 225);
INSERT INTO performance VALUES (21, 422, 107, 3, 225);
INSERT INTO performance VALUES (21, 492, 107, 3, 275);
INSERT INTO consists_of VALUES (107, 14, 3, 5);
INSERT INTO performance VALUES (14, 72, 107, 5, 225);
INSERT INTO performance VALUES (14, 107, 107, 5, 175);
INSERT INTO performance VALUES (14, 142, 107, 5, 245);
INSERT INTO performance VALUES (14, 177, 107, 5, 235);
INSERT INTO performance VALUES (14, 212, 107, 5, 165);
INSERT INTO performance VALUES (14, 247, 107, 5, 185);
INSERT INTO performance VALUES (14, 282, 107, 5, 175);
INSERT INTO performance VALUES (14, 317, 107, 5, 205);
INSERT INTO performance VALUES (14, 352, 107, 5, 225);
INSERT INTO performance VALUES (14, 422, 107, 5, 205);
INSERT INTO performance VALUES (14, 492, 107, 5, 175);
INSERT INTO consists_of VALUES (107, 11, 4, 10);
INSERT INTO performance VALUES (11, 72, 107, 10, 180);
INSERT INTO performance VALUES (11, 107, 107, 10, 190);
INSERT INTO performance VALUES (11, 142, 107, 10, 150);
INSERT INTO performance VALUES (11, 177, 107, 10, 200);
INSERT INTO performance VALUES (11, 212, 107, 10, 170);
INSERT INTO performance VALUES (11, 247, 107, 10, 140);
INSERT INTO performance VALUES (11, 282, 107, 10, 190);
INSERT INTO performance VALUES (11, 317, 107, 10, 200);
INSERT INTO performance VALUES (11, 352, 107, 10, 230);
INSERT INTO performance VALUES (11, 422, 107, 10, 140);
INSERT INTO performance VALUES (11, 492, 107, 10, 190);
INSERT INTO Workout VALUES (108, 27, '2012-07-25', 7);
INSERT INTO does VALUES (108, 37, '2012-07-25');
INSERT INTO does VALUES (108, 72, '2012-07-25');
INSERT INTO does VALUES (108, 107, '2012-07-25');
INSERT INTO does VALUES (108, 142, '2012-07-25');
INSERT INTO does VALUES (108, 177, '2012-07-25');
INSERT INTO does VALUES (108, 212, '2012-07-25');
INSERT INTO does VALUES (108, 247, '2012-07-25');
INSERT INTO does VALUES (108, 282, '2012-07-25');
INSERT INTO does VALUES (108, 317, '2012-07-25');
INSERT INTO does VALUES (108, 352, '2012-07-25');
INSERT INTO does VALUES (108, 387, '2012-07-25');
INSERT INTO does VALUES (108, 422, '2012-07-25');
INSERT INTO does VALUES (108, 457, '2012-07-25');
INSERT INTO does VALUES (108, 492, '2012-07-25');
INSERT INTO consists_of VALUES (108, 17, 4, 7);
INSERT INTO performance VALUES (17, 72, 108, 7, 195);
INSERT INTO performance VALUES (17, 107, 108, 7, 185);
INSERT INTO performance VALUES (17, 142, 108, 7, 195);
INSERT INTO performance VALUES (17, 177, 108, 7, 155);
INSERT INTO performance VALUES (17, 212, 108, 7, 225);
INSERT INTO performance VALUES (17, 247, 108, 7, 145);
INSERT INTO performance VALUES (17, 282, 108, 7, 185);
INSERT INTO performance VALUES (17, 317, 108, 7, 175);
INSERT INTO performance VALUES (17, 352, 108, 7, 215);
INSERT INTO performance VALUES (17, 422, 108, 7, 145);
INSERT INTO performance VALUES (17, 492, 108, 7, 225);
INSERT INTO consists_of VALUES (108, 1, 4, 5);
INSERT INTO performance VALUES (1, 72, 108, 5, 245);
INSERT INTO performance VALUES (1, 107, 108, 5, 235);
INSERT INTO performance VALUES (1, 142, 108, 5, 155);
INSERT INTO performance VALUES (1, 177, 108, 5, 225);
INSERT INTO performance VALUES (1, 212, 108, 5, 185);
INSERT INTO performance VALUES (1, 247, 108, 5, 175);
INSERT INTO performance VALUES (1, 282, 108, 5, 205);
INSERT INTO performance VALUES (1, 317, 108, 5, 195);
INSERT INTO performance VALUES (1, 352, 108, 5, 165);
INSERT INTO performance VALUES (1, 422, 108, 5, 155);
INSERT INTO performance VALUES (1, 492, 108, 5, 265);
INSERT INTO consists_of VALUES (108, 10, 3, 4);
INSERT INTO performance VALUES (10, 72, 108, 4, 220);
INSERT INTO performance VALUES (10, 107, 108, 4, 220);
INSERT INTO performance VALUES (10, 142, 108, 4, 240);
INSERT INTO performance VALUES (10, 177, 108, 4, 240);
INSERT INTO performance VALUES (10, 212, 108, 4, 160);
INSERT INTO performance VALUES (10, 247, 108, 4, 230);
INSERT INTO performance VALUES (10, 282, 108, 4, 160);
INSERT INTO performance VALUES (10, 317, 108, 4, 220);
INSERT INTO performance VALUES (10, 352, 108, 4, 220);
INSERT INTO performance VALUES (10, 422, 108, 4, 210);
INSERT INTO performance VALUES (10, 492, 108, 4, 270);
INSERT INTO consists_of VALUES (108, 3, 3, 3);
INSERT INTO performance VALUES (3, 72, 108, 3, 225);
INSERT INTO performance VALUES (3, 107, 108, 3, 225);
INSERT INTO performance VALUES (3, 142, 108, 3, 165);
INSERT INTO performance VALUES (3, 177, 108, 3, 205);
INSERT INTO performance VALUES (3, 212, 108, 3, 225);
INSERT INTO performance VALUES (3, 247, 108, 3, 235);
INSERT INTO performance VALUES (3, 282, 108, 3, 175);
INSERT INTO performance VALUES (3, 317, 108, 3, 195);
INSERT INTO performance VALUES (3, 352, 108, 3, 165);
INSERT INTO performance VALUES (3, 422, 108, 3, 195);
INSERT INTO performance VALUES (3, 492, 108, 3, 185);
INSERT INTO consists_of VALUES (108, 7, 2, 3);
INSERT INTO performance VALUES (7, 72, 108, 3, 275);
INSERT INTO performance VALUES (7, 107, 108, 3, 185);
INSERT INTO performance VALUES (7, 142, 108, 3, 195);
INSERT INTO performance VALUES (7, 177, 108, 3, 245);
INSERT INTO performance VALUES (7, 212, 108, 3, 245);
INSERT INTO performance VALUES (7, 247, 108, 3, 245);
INSERT INTO performance VALUES (7, 282, 108, 3, 175);
INSERT INTO performance VALUES (7, 317, 108, 3, 205);
INSERT INTO performance VALUES (7, 352, 108, 3, 235);
INSERT INTO performance VALUES (7, 422, 108, 3, 235);
INSERT INTO performance VALUES (7, 492, 108, 3, 205);
INSERT INTO Workout VALUES (109, 28, '2012-08-04', 8);
INSERT INTO does VALUES (109, 38, '2012-08-04');
INSERT INTO does VALUES (109, 73, '2012-08-04');
INSERT INTO does VALUES (109, 108, '2012-08-04');
INSERT INTO does VALUES (109, 143, '2012-08-04');
INSERT INTO does VALUES (109, 178, '2012-08-04');
INSERT INTO does VALUES (109, 248, '2012-08-04');
INSERT INTO does VALUES (109, 283, '2012-08-04');
INSERT INTO does VALUES (109, 353, '2012-08-04');
INSERT INTO does VALUES (109, 423, '2012-08-04');
INSERT INTO does VALUES (109, 458, '2012-08-04');
INSERT INTO does VALUES (109, 493, '2012-08-04');
INSERT INTO consists_of VALUES (109, 5, 3, 5);
INSERT INTO performance VALUES (5, 38, 109, 5, 245);
INSERT INTO performance VALUES (5, 73, 109, 5, 225);
INSERT INTO performance VALUES (5, 108, 109, 5, 225);
INSERT INTO performance VALUES (5, 143, 109, 5, 195);
INSERT INTO performance VALUES (5, 178, 109, 5, 205);
INSERT INTO performance VALUES (5, 248, 109, 5, 155);
INSERT INTO performance VALUES (5, 283, 109, 5, 195);
INSERT INTO performance VALUES (5, 353, 109, 5, 165);
INSERT INTO performance VALUES (5, 423, 109, 5, 185);
INSERT INTO performance VALUES (5, 458, 109, 5, 195);
INSERT INTO performance VALUES (5, 493, 109, 5, 235);
INSERT INTO consists_of VALUES (109, 21, 2, 4);
INSERT INTO performance VALUES (21, 38, 109, 4, 170);
INSERT INTO performance VALUES (21, 73, 109, 4, 170);
INSERT INTO performance VALUES (21, 108, 109, 4, 200);
INSERT INTO performance VALUES (21, 143, 109, 4, 230);
INSERT INTO performance VALUES (21, 178, 109, 4, 210);
INSERT INTO performance VALUES (21, 248, 109, 4, 200);
INSERT INTO performance VALUES (21, 283, 109, 4, 260);
INSERT INTO performance VALUES (21, 353, 109, 4, 270);
INSERT INTO performance VALUES (21, 423, 109, 4, 160);
INSERT INTO performance VALUES (21, 458, 109, 4, 230);
INSERT INTO performance VALUES (21, 493, 109, 4, 200);
INSERT INTO consists_of VALUES (109, 3, 4, 3);
INSERT INTO performance VALUES (3, 38, 109, 3, 245);
INSERT INTO performance VALUES (3, 73, 109, 3, 275);
INSERT INTO performance VALUES (3, 108, 109, 3, 215);
INSERT INTO performance VALUES (3, 143, 109, 3, 245);
INSERT INTO performance VALUES (3, 178, 109, 3, 225);
INSERT INTO performance VALUES (3, 248, 109, 3, 195);
INSERT INTO performance VALUES (3, 283, 109, 3, 225);
INSERT INTO performance VALUES (3, 353, 109, 3, 275);
INSERT INTO performance VALUES (3, 423, 109, 3, 165);
INSERT INTO performance VALUES (3, 458, 109, 3, 215);
INSERT INTO performance VALUES (3, 493, 109, 3, 245);
INSERT INTO consists_of VALUES (109, 6, 2, 7);
INSERT INTO performance VALUES (6, 38, 109, 7, 145);
INSERT INTO performance VALUES (6, 73, 109, 7, 225);
INSERT INTO performance VALUES (6, 108, 109, 7, 175);
INSERT INTO performance VALUES (6, 143, 109, 7, 225);
INSERT INTO performance VALUES (6, 178, 109, 7, 215);
INSERT INTO performance VALUES (6, 248, 109, 7, 215);
INSERT INTO performance VALUES (6, 283, 109, 7, 145);
INSERT INTO performance VALUES (6, 353, 109, 7, 225);
INSERT INTO performance VALUES (6, 423, 109, 7, 185);
INSERT INTO performance VALUES (6, 458, 109, 7, 215);
INSERT INTO performance VALUES (6, 493, 109, 7, 205);
INSERT INTO consists_of VALUES (109, 10, 4, 4);
INSERT INTO performance VALUES (10, 38, 109, 4, 160);
INSERT INTO performance VALUES (10, 73, 109, 4, 180);
INSERT INTO performance VALUES (10, 108, 109, 4, 210);
INSERT INTO performance VALUES (10, 143, 109, 4, 180);
INSERT INTO performance VALUES (10, 178, 109, 4, 220);
INSERT INTO performance VALUES (10, 248, 109, 4, 220);
INSERT INTO performance VALUES (10, 283, 109, 4, 210);
INSERT INTO performance VALUES (10, 353, 109, 4, 240);
INSERT INTO performance VALUES (10, 423, 109, 4, 240);
INSERT INTO performance VALUES (10, 458, 109, 4, 250);
INSERT INTO performance VALUES (10, 493, 109, 4, 230);
INSERT INTO Workout VALUES (110, 28, '2012-08-11', 8);
INSERT INTO does VALUES (110, 38, '2012-08-11');
INSERT INTO does VALUES (110, 73, '2012-08-11');
INSERT INTO does VALUES (110, 108, '2012-08-11');
INSERT INTO does VALUES (110, 143, '2012-08-11');
INSERT INTO does VALUES (110, 178, '2012-08-11');
INSERT INTO does VALUES (110, 213, '2012-08-11');
INSERT INTO does VALUES (110, 248, '2012-08-11');
INSERT INTO does VALUES (110, 283, '2012-08-11');
INSERT INTO does VALUES (110, 318, '2012-08-11');
INSERT INTO does VALUES (110, 353, '2012-08-11');
INSERT INTO does VALUES (110, 388, '2012-08-11');
INSERT INTO does VALUES (110, 458, '2012-08-11');
INSERT INTO does VALUES (110, 493, '2012-08-11');
INSERT INTO consists_of VALUES (110, 8, 2, 9);
INSERT INTO performance VALUES (8, 38, 110, 9, 135);
INSERT INTO performance VALUES (8, 73, 110, 9, 205);
INSERT INTO performance VALUES (8, 108, 110, 9, 155);
INSERT INTO performance VALUES (8, 143, 110, 9, 235);
INSERT INTO performance VALUES (8, 178, 110, 9, 135);
INSERT INTO performance VALUES (8, 248, 110, 9, 205);
INSERT INTO performance VALUES (8, 283, 110, 9, 155);
INSERT INTO performance VALUES (8, 353, 110, 9, 145);
INSERT INTO performance VALUES (8, 458, 110, 9, 175);
INSERT INTO performance VALUES (8, 493, 110, 9, 205);
INSERT INTO consists_of VALUES (110, 17, 2, 9);
INSERT INTO performance VALUES (17, 38, 110, 9, 225);
INSERT INTO performance VALUES (17, 73, 110, 9, 205);
INSERT INTO performance VALUES (17, 108, 110, 9, 145);
INSERT INTO performance VALUES (17, 143, 110, 9, 135);
INSERT INTO performance VALUES (17, 178, 110, 9, 185);
INSERT INTO performance VALUES (17, 248, 110, 9, 145);
INSERT INTO performance VALUES (17, 283, 110, 9, 175);
INSERT INTO performance VALUES (17, 353, 110, 9, 225);
INSERT INTO performance VALUES (17, 458, 110, 9, 185);
INSERT INTO performance VALUES (17, 493, 110, 9, 185);
INSERT INTO consists_of VALUES (110, 9, 4, 7);
INSERT INTO performance VALUES (9, 38, 110, 7, 185);
INSERT INTO performance VALUES (9, 73, 110, 7, 205);
INSERT INTO performance VALUES (9, 108, 110, 7, 145);
INSERT INTO performance VALUES (9, 143, 110, 7, 245);
INSERT INTO performance VALUES (9, 178, 110, 7, 215);
INSERT INTO performance VALUES (9, 248, 110, 7, 145);
INSERT INTO performance VALUES (9, 283, 110, 7, 185);
INSERT INTO performance VALUES (9, 353, 110, 7, 185);
INSERT INTO performance VALUES (9, 458, 110, 7, 175);
INSERT INTO performance VALUES (9, 493, 110, 7, 205);
INSERT INTO consists_of VALUES (110, 16, 2, 7);
INSERT INTO performance VALUES (16, 38, 110, 7, 185);
INSERT INTO performance VALUES (16, 73, 110, 7, 255);
INSERT INTO performance VALUES (16, 108, 110, 7, 185);
INSERT INTO performance VALUES (16, 143, 110, 7, 235);
INSERT INTO performance VALUES (16, 178, 110, 7, 235);
INSERT INTO performance VALUES (16, 248, 110, 7, 155);
INSERT INTO performance VALUES (16, 283, 110, 7, 175);
INSERT INTO performance VALUES (16, 353, 110, 7, 205);
INSERT INTO performance VALUES (16, 458, 110, 7, 185);
INSERT INTO performance VALUES (16, 493, 110, 7, 145);
INSERT INTO consists_of VALUES (110, 2, 2, 8);
INSERT INTO performance VALUES (2, 38, 110, 8, 140);
INSERT INTO performance VALUES (2, 73, 110, 8, 170);
INSERT INTO performance VALUES (2, 108, 110, 8, 180);
INSERT INTO performance VALUES (2, 143, 110, 8, 200);
INSERT INTO performance VALUES (2, 178, 110, 8, 170);
INSERT INTO performance VALUES (2, 248, 110, 8, 180);
INSERT INTO performance VALUES (2, 283, 110, 8, 140);
INSERT INTO performance VALUES (2, 353, 110, 8, 210);
INSERT INTO performance VALUES (2, 458, 110, 8, 140);
INSERT INTO performance VALUES (2, 493, 110, 8, 230);
INSERT INTO Workout VALUES (111, 28, '2012-08-18', 8);
INSERT INTO does VALUES (111, 38, '2012-08-18');
INSERT INTO does VALUES (111, 73, '2012-08-18');
INSERT INTO does VALUES (111, 108, '2012-08-18');
INSERT INTO does VALUES (111, 143, '2012-08-18');
INSERT INTO does VALUES (111, 178, '2012-08-18');
INSERT INTO does VALUES (111, 213, '2012-08-18');
INSERT INTO does VALUES (111, 248, '2012-08-18');
INSERT INTO does VALUES (111, 283, '2012-08-18');
INSERT INTO does VALUES (111, 353, '2012-08-18');
INSERT INTO does VALUES (111, 388, '2012-08-18');
INSERT INTO does VALUES (111, 423, '2012-08-18');
INSERT INTO does VALUES (111, 458, '2012-08-18');
INSERT INTO does VALUES (111, 493, '2012-08-18');
INSERT INTO consists_of VALUES (111, 3, 2, 4);
INSERT INTO performance VALUES (3, 38, 111, 4, 170);
INSERT INTO performance VALUES (3, 73, 111, 4, 190);
INSERT INTO performance VALUES (3, 108, 111, 4, 230);
INSERT INTO performance VALUES (3, 143, 111, 4, 200);
INSERT INTO performance VALUES (3, 178, 111, 4, 170);
INSERT INTO performance VALUES (3, 248, 111, 4, 220);
INSERT INTO performance VALUES (3, 283, 111, 4, 260);
INSERT INTO performance VALUES (3, 353, 111, 4, 260);
INSERT INTO performance VALUES (3, 458, 111, 4, 230);
INSERT INTO performance VALUES (3, 493, 111, 4, 160);
INSERT INTO consists_of VALUES (111, 12, 3, 8);
INSERT INTO performance VALUES (12, 38, 111, 8, 170);
INSERT INTO performance VALUES (12, 73, 111, 8, 180);
INSERT INTO performance VALUES (12, 108, 111, 8, 190);
INSERT INTO performance VALUES (12, 143, 111, 8, 190);
INSERT INTO performance VALUES (12, 178, 111, 8, 230);
INSERT INTO performance VALUES (12, 248, 111, 8, 180);
INSERT INTO performance VALUES (12, 283, 111, 8, 250);
INSERT INTO performance VALUES (12, 353, 111, 8, 240);
INSERT INTO performance VALUES (12, 458, 111, 8, 150);
INSERT INTO performance VALUES (12, 493, 111, 8, 250);
INSERT INTO consists_of VALUES (111, 11, 4, 3);
INSERT INTO performance VALUES (11, 38, 111, 3, 205);
INSERT INTO performance VALUES (11, 73, 111, 3, 185);
INSERT INTO performance VALUES (11, 108, 111, 3, 195);
INSERT INTO performance VALUES (11, 143, 111, 3, 195);
INSERT INTO performance VALUES (11, 178, 111, 3, 185);
INSERT INTO performance VALUES (11, 248, 111, 3, 195);
INSERT INTO performance VALUES (11, 283, 111, 3, 195);
INSERT INTO performance VALUES (11, 353, 111, 3, 225);
INSERT INTO performance VALUES (11, 458, 111, 3, 215);
INSERT INTO performance VALUES (11, 493, 111, 3, 165);
INSERT INTO consists_of VALUES (111, 4, 3, 7);
INSERT INTO performance VALUES (4, 38, 111, 7, 215);
INSERT INTO performance VALUES (4, 73, 111, 7, 235);
INSERT INTO performance VALUES (4, 108, 111, 7, 225);
INSERT INTO performance VALUES (4, 143, 111, 7, 195);
INSERT INTO performance VALUES (4, 178, 111, 7, 175);
INSERT INTO performance VALUES (4, 248, 111, 7, 225);
INSERT INTO performance VALUES (4, 283, 111, 7, 255);
INSERT INTO performance VALUES (4, 353, 111, 7, 165);
INSERT INTO performance VALUES (4, 458, 111, 7, 175);
INSERT INTO performance VALUES (4, 493, 111, 7, 155);
INSERT INTO consists_of VALUES (111, 1, 2, 5);
INSERT INTO performance VALUES (1, 38, 111, 5, 225);
INSERT INTO performance VALUES (1, 73, 111, 5, 215);
INSERT INTO performance VALUES (1, 108, 111, 5, 225);
INSERT INTO performance VALUES (1, 143, 111, 5, 175);
INSERT INTO performance VALUES (1, 178, 111, 5, 205);
INSERT INTO performance VALUES (1, 248, 111, 5, 195);
INSERT INTO performance VALUES (1, 283, 111, 5, 225);
INSERT INTO performance VALUES (1, 353, 111, 5, 255);
INSERT INTO performance VALUES (1, 458, 111, 5, 155);
INSERT INTO performance VALUES (1, 493, 111, 5, 155);
INSERT INTO Workout VALUES (112, 28, '2012-08-25', 8);
INSERT INTO does VALUES (112, 38, '2012-08-25');
INSERT INTO does VALUES (112, 73, '2012-08-25');
INSERT INTO does VALUES (112, 143, '2012-08-25');
INSERT INTO does VALUES (112, 178, '2012-08-25');
INSERT INTO does VALUES (112, 213, '2012-08-25');
INSERT INTO does VALUES (112, 248, '2012-08-25');
INSERT INTO does VALUES (112, 283, '2012-08-25');
INSERT INTO does VALUES (112, 318, '2012-08-25');
INSERT INTO does VALUES (112, 353, '2012-08-25');
INSERT INTO does VALUES (112, 388, '2012-08-25');
INSERT INTO does VALUES (112, 423, '2012-08-25');
INSERT INTO does VALUES (112, 458, '2012-08-25');
INSERT INTO does VALUES (112, 493, '2012-08-25');
INSERT INTO consists_of VALUES (112, 16, 4, 3);
INSERT INTO performance VALUES (16, 38, 112, 3, 245);
INSERT INTO performance VALUES (16, 73, 112, 3, 245);
INSERT INTO performance VALUES (16, 143, 112, 3, 235);
INSERT INTO performance VALUES (16, 178, 112, 3, 175);
INSERT INTO performance VALUES (16, 248, 112, 3, 185);
INSERT INTO performance VALUES (16, 283, 112, 3, 175);
INSERT INTO performance VALUES (16, 353, 112, 3, 185);
INSERT INTO performance VALUES (16, 458, 112, 3, 215);
INSERT INTO performance VALUES (16, 493, 112, 3, 235);
INSERT INTO consists_of VALUES (112, 10, 2, 3);
INSERT INTO performance VALUES (10, 38, 112, 3, 215);
INSERT INTO performance VALUES (10, 73, 112, 3, 245);
INSERT INTO performance VALUES (10, 143, 112, 3, 215);
INSERT INTO performance VALUES (10, 178, 112, 3, 165);
INSERT INTO performance VALUES (10, 248, 112, 3, 255);
INSERT INTO performance VALUES (10, 283, 112, 3, 235);
INSERT INTO performance VALUES (10, 353, 112, 3, 245);
INSERT INTO performance VALUES (10, 458, 112, 3, 255);
INSERT INTO performance VALUES (10, 493, 112, 3, 205);
INSERT INTO consists_of VALUES (112, 21, 4, 7);
INSERT INTO performance VALUES (21, 38, 112, 7, 235);
INSERT INTO performance VALUES (21, 73, 112, 7, 205);
INSERT INTO performance VALUES (21, 143, 112, 7, 175);
INSERT INTO performance VALUES (21, 178, 112, 7, 215);
INSERT INTO performance VALUES (21, 248, 112, 7, 235);
INSERT INTO performance VALUES (21, 283, 112, 7, 235);
INSERT INTO performance VALUES (21, 353, 112, 7, 235);
INSERT INTO performance VALUES (21, 458, 112, 7, 235);
INSERT INTO performance VALUES (21, 493, 112, 7, 225);
INSERT INTO consists_of VALUES (112, 2, 3, 6);
INSERT INTO performance VALUES (2, 38, 112, 6, 170);
INSERT INTO performance VALUES (2, 73, 112, 6, 170);
INSERT INTO performance VALUES (2, 143, 112, 6, 230);
INSERT INTO performance VALUES (2, 178, 112, 6, 210);
INSERT INTO performance VALUES (2, 248, 112, 6, 180);
INSERT INTO performance VALUES (2, 283, 112, 6, 250);
INSERT INTO performance VALUES (2, 353, 112, 6, 240);
INSERT INTO performance VALUES (2, 458, 112, 6, 190);
INSERT INTO performance VALUES (2, 493, 112, 6, 230);
INSERT INTO consists_of VALUES (112, 6, 4, 3);
INSERT INTO performance VALUES (6, 38, 112, 3, 185);
INSERT INTO performance VALUES (6, 73, 112, 3, 165);
INSERT INTO performance VALUES (6, 143, 112, 3, 245);
INSERT INTO performance VALUES (6, 178, 112, 3, 235);
INSERT INTO performance VALUES (6, 248, 112, 3, 205);
INSERT INTO performance VALUES (6, 283, 112, 3, 275);
INSERT INTO performance VALUES (6, 353, 112, 3, 215);
INSERT INTO performance VALUES (6, 458, 112, 3, 225);
INSERT INTO performance VALUES (6, 493, 112, 3, 215);
INSERT INTO Workout VALUES (113, 29, '2012-09-04', 9);
INSERT INTO does VALUES (113, 39, '2012-09-04');
INSERT INTO does VALUES (113, 74, '2012-09-04');
INSERT INTO does VALUES (113, 109, '2012-09-04');
INSERT INTO does VALUES (113, 144, '2012-09-04');
INSERT INTO does VALUES (113, 214, '2012-09-04');
INSERT INTO does VALUES (113, 249, '2012-09-04');
INSERT INTO does VALUES (113, 284, '2012-09-04');
INSERT INTO does VALUES (113, 319, '2012-09-04');
INSERT INTO does VALUES (113, 354, '2012-09-04');
INSERT INTO does VALUES (113, 389, '2012-09-04');
INSERT INTO does VALUES (113, 424, '2012-09-04');
INSERT INTO does VALUES (113, 459, '2012-09-04');
INSERT INTO does VALUES (113, 494, '2012-09-04');
INSERT INTO consists_of VALUES (113, 18, 3, 7);
INSERT INTO performance VALUES (18, 39, 113, 7, 155);
INSERT INTO performance VALUES (18, 74, 113, 7, 175);
INSERT INTO performance VALUES (18, 109, 113, 7, 215);
INSERT INTO performance VALUES (18, 144, 113, 7, 165);
INSERT INTO performance VALUES (18, 214, 113, 7, 165);
INSERT INTO performance VALUES (18, 249, 113, 7, 145);
INSERT INTO performance VALUES (18, 284, 113, 7, 155);
INSERT INTO performance VALUES (18, 319, 113, 7, 145);
INSERT INTO performance VALUES (18, 354, 113, 7, 235);
INSERT INTO performance VALUES (18, 389, 113, 7, 145);
INSERT INTO performance VALUES (18, 424, 113, 7, 225);
INSERT INTO performance VALUES (18, 459, 113, 7, 155);
INSERT INTO performance VALUES (18, 494, 113, 7, 225);
INSERT INTO consists_of VALUES (113, 4, 4, 8);
INSERT INTO performance VALUES (4, 39, 113, 8, 180);
INSERT INTO performance VALUES (4, 74, 113, 8, 140);
INSERT INTO performance VALUES (4, 109, 113, 8, 170);
INSERT INTO performance VALUES (4, 144, 113, 8, 240);
INSERT INTO performance VALUES (4, 214, 113, 8, 220);
INSERT INTO performance VALUES (4, 249, 113, 8, 190);
INSERT INTO performance VALUES (4, 284, 113, 8, 200);
INSERT INTO performance VALUES (4, 319, 113, 8, 180);
INSERT INTO performance VALUES (4, 354, 113, 8, 180);
INSERT INTO performance VALUES (4, 389, 113, 8, 140);
INSERT INTO performance VALUES (4, 424, 113, 8, 190);
INSERT INTO performance VALUES (4, 459, 113, 8, 140);
INSERT INTO performance VALUES (4, 494, 113, 8, 140);
INSERT INTO consists_of VALUES (113, 9, 3, 10);
INSERT INTO performance VALUES (9, 39, 113, 10, 160);
INSERT INTO performance VALUES (9, 74, 113, 10, 180);
INSERT INTO performance VALUES (9, 109, 113, 10, 190);
INSERT INTO performance VALUES (9, 144, 113, 10, 180);
INSERT INTO performance VALUES (9, 214, 113, 10, 220);
INSERT INTO performance VALUES (9, 249, 113, 10, 200);
INSERT INTO performance VALUES (9, 284, 113, 10, 130);
INSERT INTO performance VALUES (9, 319, 113, 10, 180);
INSERT INTO performance VALUES (9, 354, 113, 10, 230);
INSERT INTO performance VALUES (9, 389, 113, 10, 180);
INSERT INTO performance VALUES (9, 424, 113, 10, 150);
INSERT INTO performance VALUES (9, 459, 113, 10, 220);
INSERT INTO performance VALUES (9, 494, 113, 10, 220);
INSERT INTO consists_of VALUES (113, 5, 2, 9);
INSERT INTO performance VALUES (5, 39, 113, 9, 135);
INSERT INTO performance VALUES (5, 74, 113, 9, 195);
INSERT INTO performance VALUES (5, 109, 113, 9, 215);
INSERT INTO performance VALUES (5, 144, 113, 9, 165);
INSERT INTO performance VALUES (5, 214, 113, 9, 185);
INSERT INTO performance VALUES (5, 249, 113, 9, 205);
INSERT INTO performance VALUES (5, 284, 113, 9, 135);
INSERT INTO performance VALUES (5, 319, 113, 9, 155);
INSERT INTO performance VALUES (5, 354, 113, 9, 195);
INSERT INTO performance VALUES (5, 389, 113, 9, 165);
INSERT INTO performance VALUES (5, 424, 113, 9, 245);
INSERT INTO performance VALUES (5, 459, 113, 9, 135);
INSERT INTO performance VALUES (5, 494, 113, 9, 155);
INSERT INTO consists_of VALUES (113, 6, 2, 8);
INSERT INTO performance VALUES (6, 39, 113, 8, 230);
INSERT INTO performance VALUES (6, 74, 113, 8, 250);
INSERT INTO performance VALUES (6, 109, 113, 8, 190);
INSERT INTO performance VALUES (6, 144, 113, 8, 170);
INSERT INTO performance VALUES (6, 214, 113, 8, 220);
INSERT INTO performance VALUES (6, 249, 113, 8, 170);
INSERT INTO performance VALUES (6, 284, 113, 8, 210);
INSERT INTO performance VALUES (6, 319, 113, 8, 160);
INSERT INTO performance VALUES (6, 354, 113, 8, 140);
INSERT INTO performance VALUES (6, 389, 113, 8, 190);
INSERT INTO performance VALUES (6, 424, 113, 8, 160);
INSERT INTO performance VALUES (6, 459, 113, 8, 170);
INSERT INTO performance VALUES (6, 494, 113, 8, 170);
INSERT INTO Workout VALUES (114, 29, '2012-09-11', 9);
INSERT INTO does VALUES (114, 39, '2012-09-11');
INSERT INTO does VALUES (114, 109, '2012-09-11');
INSERT INTO does VALUES (114, 144, '2012-09-11');
INSERT INTO does VALUES (114, 214, '2012-09-11');
INSERT INTO does VALUES (114, 249, '2012-09-11');
INSERT INTO does VALUES (114, 284, '2012-09-11');
INSERT INTO does VALUES (114, 319, '2012-09-11');
INSERT INTO does VALUES (114, 389, '2012-09-11');
INSERT INTO does VALUES (114, 424, '2012-09-11');
INSERT INTO does VALUES (114, 459, '2012-09-11');
INSERT INTO does VALUES (114, 494, '2012-09-11');
INSERT INTO consists_of VALUES (114, 20, 4, 8);
INSERT INTO performance VALUES (20, 39, 114, 8, 170);
INSERT INTO performance VALUES (20, 109, 114, 8, 190);
INSERT INTO performance VALUES (20, 144, 114, 8, 250);
INSERT INTO performance VALUES (20, 214, 114, 8, 250);
INSERT INTO performance VALUES (20, 249, 114, 8, 230);
INSERT INTO performance VALUES (20, 284, 114, 8, 250);
INSERT INTO performance VALUES (20, 319, 114, 8, 150);
INSERT INTO performance VALUES (20, 389, 114, 8, 180);
INSERT INTO performance VALUES (20, 424, 114, 8, 180);
INSERT INTO performance VALUES (20, 459, 114, 8, 230);
INSERT INTO performance VALUES (20, 494, 114, 8, 200);
INSERT INTO consists_of VALUES (114, 13, 4, 9);
INSERT INTO performance VALUES (13, 39, 114, 9, 195);
INSERT INTO performance VALUES (13, 109, 114, 9, 155);
INSERT INTO performance VALUES (13, 144, 114, 9, 185);
INSERT INTO performance VALUES (13, 214, 114, 9, 185);
INSERT INTO performance VALUES (13, 249, 114, 9, 185);
INSERT INTO performance VALUES (13, 284, 114, 9, 175);
INSERT INTO performance VALUES (13, 319, 114, 9, 225);
INSERT INTO performance VALUES (13, 389, 114, 9, 215);
INSERT INTO performance VALUES (13, 424, 114, 9, 195);
INSERT INTO performance VALUES (13, 459, 114, 9, 165);
INSERT INTO performance VALUES (13, 494, 114, 9, 195);
INSERT INTO consists_of VALUES (114, 18, 4, 3);
INSERT INTO performance VALUES (18, 39, 114, 3, 245);
INSERT INTO performance VALUES (18, 109, 114, 3, 205);
INSERT INTO performance VALUES (18, 144, 114, 3, 215);
INSERT INTO performance VALUES (18, 214, 114, 3, 235);
INSERT INTO performance VALUES (18, 249, 114, 3, 195);
INSERT INTO performance VALUES (18, 284, 114, 3, 165);
INSERT INTO performance VALUES (18, 319, 114, 3, 175);
INSERT INTO performance VALUES (18, 389, 114, 3, 225);
INSERT INTO performance VALUES (18, 424, 114, 3, 205);
INSERT INTO performance VALUES (18, 459, 114, 3, 235);
INSERT INTO performance VALUES (18, 494, 114, 3, 225);
INSERT INTO consists_of VALUES (114, 21, 3, 8);
INSERT INTO performance VALUES (21, 39, 114, 8, 230);
INSERT INTO performance VALUES (21, 109, 114, 8, 220);
INSERT INTO performance VALUES (21, 144, 114, 8, 140);
INSERT INTO performance VALUES (21, 214, 114, 8, 220);
INSERT INTO performance VALUES (21, 249, 114, 8, 210);
INSERT INTO performance VALUES (21, 284, 114, 8, 180);
INSERT INTO performance VALUES (21, 319, 114, 8, 210);
INSERT INTO performance VALUES (21, 389, 114, 8, 210);
INSERT INTO performance VALUES (21, 424, 114, 8, 160);
INSERT INTO performance VALUES (21, 459, 114, 8, 170);
INSERT INTO performance VALUES (21, 494, 114, 8, 190);
INSERT INTO consists_of VALUES (114, 4, 2, 9);
INSERT INTO performance VALUES (4, 39, 114, 9, 205);
INSERT INTO performance VALUES (4, 109, 114, 9, 145);
INSERT INTO performance VALUES (4, 144, 114, 9, 215);
INSERT INTO performance VALUES (4, 214, 114, 9, 205);
INSERT INTO performance VALUES (4, 249, 114, 9, 135);
INSERT INTO performance VALUES (4, 284, 114, 9, 135);
INSERT INTO performance VALUES (4, 319, 114, 9, 205);
INSERT INTO performance VALUES (4, 389, 114, 9, 225);
INSERT INTO performance VALUES (4, 424, 114, 9, 225);
INSERT INTO performance VALUES (4, 459, 114, 9, 155);
INSERT INTO performance VALUES (4, 494, 114, 9, 165);
INSERT INTO Workout VALUES (115, 29, '2012-09-18', 9);
INSERT INTO does VALUES (115, 39, '2012-09-18');
INSERT INTO does VALUES (115, 74, '2012-09-18');
INSERT INTO does VALUES (115, 109, '2012-09-18');
INSERT INTO does VALUES (115, 144, '2012-09-18');
INSERT INTO does VALUES (115, 179, '2012-09-18');
INSERT INTO does VALUES (115, 214, '2012-09-18');
INSERT INTO does VALUES (115, 249, '2012-09-18');
INSERT INTO does VALUES (115, 284, '2012-09-18');
INSERT INTO does VALUES (115, 354, '2012-09-18');
INSERT INTO does VALUES (115, 389, '2012-09-18');
INSERT INTO does VALUES (115, 424, '2012-09-18');
INSERT INTO does VALUES (115, 459, '2012-09-18');
INSERT INTO does VALUES (115, 494, '2012-09-18');
INSERT INTO consists_of VALUES (115, 19, 3, 10);
INSERT INTO performance VALUES (19, 39, 115, 10, 190);
INSERT INTO performance VALUES (19, 109, 115, 10, 130);
INSERT INTO performance VALUES (19, 144, 115, 10, 210);
INSERT INTO performance VALUES (19, 214, 115, 10, 240);
INSERT INTO performance VALUES (19, 249, 115, 10, 150);
INSERT INTO performance VALUES (19, 284, 115, 10, 150);
INSERT INTO performance VALUES (19, 389, 115, 10, 160);
INSERT INTO performance VALUES (19, 424, 115, 10, 170);
INSERT INTO performance VALUES (19, 459, 115, 10, 210);
INSERT INTO performance VALUES (19, 494, 115, 10, 190);
INSERT INTO consists_of VALUES (115, 21, 2, 7);
INSERT INTO performance VALUES (21, 39, 115, 7, 145);
INSERT INTO performance VALUES (21, 109, 115, 7, 155);
INSERT INTO performance VALUES (21, 144, 115, 7, 255);
INSERT INTO performance VALUES (21, 214, 115, 7, 205);
INSERT INTO performance VALUES (21, 249, 115, 7, 215);
INSERT INTO performance VALUES (21, 284, 115, 7, 225);
INSERT INTO performance VALUES (21, 389, 115, 7, 175);
INSERT INTO performance VALUES (21, 424, 115, 7, 155);
INSERT INTO performance VALUES (21, 459, 115, 7, 175);
INSERT INTO performance VALUES (21, 494, 115, 7, 175);
INSERT INTO consists_of VALUES (115, 14, 4, 9);
INSERT INTO performance VALUES (14, 39, 115, 9, 225);
INSERT INTO performance VALUES (14, 109, 115, 9, 135);
INSERT INTO performance VALUES (14, 144, 115, 9, 185);
INSERT INTO performance VALUES (14, 214, 115, 9, 145);
INSERT INTO performance VALUES (14, 249, 115, 9, 195);
INSERT INTO performance VALUES (14, 284, 115, 9, 195);
INSERT INTO performance VALUES (14, 389, 115, 9, 135);
INSERT INTO performance VALUES (14, 424, 115, 9, 195);
INSERT INTO performance VALUES (14, 459, 115, 9, 165);
INSERT INTO performance VALUES (14, 494, 115, 9, 145);
INSERT INTO consists_of VALUES (115, 5, 4, 9);
INSERT INTO performance VALUES (5, 39, 115, 9, 135);
INSERT INTO performance VALUES (5, 109, 115, 9, 205);
INSERT INTO performance VALUES (5, 144, 115, 9, 225);
INSERT INTO performance VALUES (5, 214, 115, 9, 165);
INSERT INTO performance VALUES (5, 249, 115, 9, 225);
INSERT INTO performance VALUES (5, 284, 115, 9, 195);
INSERT INTO performance VALUES (5, 389, 115, 9, 155);
INSERT INTO performance VALUES (5, 424, 115, 9, 135);
INSERT INTO performance VALUES (5, 459, 115, 9, 205);
INSERT INTO performance VALUES (5, 494, 115, 9, 235);
INSERT INTO consists_of VALUES (115, 18, 4, 3);
INSERT INTO performance VALUES (18, 39, 115, 3, 255);
INSERT INTO performance VALUES (18, 109, 115, 3, 235);
INSERT INTO performance VALUES (18, 144, 115, 3, 225);
INSERT INTO performance VALUES (18, 214, 115, 3, 275);
INSERT INTO performance VALUES (18, 249, 115, 3, 255);
INSERT INTO performance VALUES (18, 284, 115, 3, 205);
INSERT INTO performance VALUES (18, 389, 115, 3, 185);
INSERT INTO performance VALUES (18, 424, 115, 3, 275);
INSERT INTO performance VALUES (18, 459, 115, 3, 165);
INSERT INTO performance VALUES (18, 494, 115, 3, 245);
INSERT INTO Workout VALUES (116, 29, '2012-09-25', 9);
INSERT INTO does VALUES (116, 39, '2012-09-25');
INSERT INTO does VALUES (116, 74, '2012-09-25');
INSERT INTO does VALUES (116, 109, '2012-09-25');
INSERT INTO does VALUES (116, 144, '2012-09-25');
INSERT INTO does VALUES (116, 179, '2012-09-25');
INSERT INTO does VALUES (116, 214, '2012-09-25');
INSERT INTO does VALUES (116, 249, '2012-09-25');
INSERT INTO does VALUES (116, 284, '2012-09-25');
INSERT INTO does VALUES (116, 319, '2012-09-25');
INSERT INTO does VALUES (116, 389, '2012-09-25');
INSERT INTO does VALUES (116, 424, '2012-09-25');
INSERT INTO does VALUES (116, 459, '2012-09-25');
INSERT INTO does VALUES (116, 494, '2012-09-25');
INSERT INTO consists_of VALUES (116, 1, 2, 9);
INSERT INTO performance VALUES (1, 39, 116, 9, 145);
INSERT INTO performance VALUES (1, 109, 116, 9, 155);
INSERT INTO performance VALUES (1, 144, 116, 9, 155);
INSERT INTO performance VALUES (1, 214, 116, 9, 155);
INSERT INTO performance VALUES (1, 249, 116, 9, 225);
INSERT INTO performance VALUES (1, 284, 116, 9, 195);
INSERT INTO performance VALUES (1, 389, 116, 9, 195);
INSERT INTO performance VALUES (1, 424, 116, 9, 155);
INSERT INTO performance VALUES (1, 459, 116, 9, 215);
INSERT INTO performance VALUES (1, 494, 116, 9, 175);
INSERT INTO consists_of VALUES (116, 13, 4, 3);
INSERT INTO performance VALUES (13, 39, 116, 3, 245);
INSERT INTO performance VALUES (13, 109, 116, 3, 215);
INSERT INTO performance VALUES (13, 144, 116, 3, 175);
INSERT INTO performance VALUES (13, 214, 116, 3, 195);
INSERT INTO performance VALUES (13, 249, 116, 3, 195);
INSERT INTO performance VALUES (13, 284, 116, 3, 185);
INSERT INTO performance VALUES (13, 389, 116, 3, 205);
INSERT INTO performance VALUES (13, 424, 116, 3, 245);
INSERT INTO performance VALUES (13, 459, 116, 3, 235);
INSERT INTO performance VALUES (13, 494, 116, 3, 275);
INSERT INTO consists_of VALUES (116, 10, 3, 4);
INSERT INTO performance VALUES (10, 39, 116, 4, 250);
INSERT INTO performance VALUES (10, 109, 116, 4, 160);
INSERT INTO performance VALUES (10, 144, 116, 4, 270);
INSERT INTO performance VALUES (10, 214, 116, 4, 230);
INSERT INTO performance VALUES (10, 249, 116, 4, 230);
INSERT INTO performance VALUES (10, 284, 116, 4, 220);
INSERT INTO performance VALUES (10, 389, 116, 4, 160);
INSERT INTO performance VALUES (10, 424, 116, 4, 210);
INSERT INTO performance VALUES (10, 459, 116, 4, 180);
INSERT INTO performance VALUES (10, 494, 116, 4, 220);
INSERT INTO consists_of VALUES (116, 5, 2, 7);
INSERT INTO performance VALUES (5, 39, 116, 7, 165);
INSERT INTO performance VALUES (5, 109, 116, 7, 235);
INSERT INTO performance VALUES (5, 144, 116, 7, 165);
INSERT INTO performance VALUES (5, 214, 116, 7, 185);
INSERT INTO performance VALUES (5, 249, 116, 7, 185);
INSERT INTO performance VALUES (5, 284, 116, 7, 205);
INSERT INTO performance VALUES (5, 389, 116, 7, 215);
INSERT INTO performance VALUES (5, 424, 116, 7, 235);
INSERT INTO performance VALUES (5, 459, 116, 7, 225);
INSERT INTO performance VALUES (5, 494, 116, 7, 155);
INSERT INTO consists_of VALUES (116, 19, 3, 10);
INSERT INTO performance VALUES (19, 39, 116, 10, 160);
INSERT INTO performance VALUES (19, 109, 116, 10, 170);
INSERT INTO performance VALUES (19, 144, 116, 10, 190);
INSERT INTO performance VALUES (19, 214, 116, 10, 140);
INSERT INTO performance VALUES (19, 249, 116, 10, 190);
INSERT INTO performance VALUES (19, 284, 116, 10, 190);
INSERT INTO performance VALUES (19, 389, 116, 10, 170);
INSERT INTO performance VALUES (19, 424, 116, 10, 140);
INSERT INTO performance VALUES (19, 459, 116, 10, 140);
INSERT INTO performance VALUES (19, 494, 116, 10, 140);
INSERT INTO Workout VALUES (117, 30, '2012-10-04', 10);
INSERT INTO does VALUES (117, 75, '2012-10-04');
INSERT INTO does VALUES (117, 110, '2012-10-04');
INSERT INTO does VALUES (117, 145, '2012-10-04');
INSERT INTO does VALUES (117, 180, '2012-10-04');
INSERT INTO does VALUES (117, 215, '2012-10-04');
INSERT INTO does VALUES (117, 250, '2012-10-04');
INSERT INTO does VALUES (117, 285, '2012-10-04');
INSERT INTO does VALUES (117, 320, '2012-10-04');
INSERT INTO does VALUES (117, 355, '2012-10-04');
INSERT INTO does VALUES (117, 390, '2012-10-04');
INSERT INTO does VALUES (117, 425, '2012-10-04');
INSERT INTO does VALUES (117, 460, '2012-10-04');
INSERT INTO does VALUES (117, 495, '2012-10-04');
INSERT INTO consists_of VALUES (117, 20, 2, 8);
INSERT INTO performance VALUES (20, 75, 117, 8, 260);
INSERT INTO performance VALUES (20, 110, 117, 8, 180);
INSERT INTO performance VALUES (20, 145, 117, 8, 180);
INSERT INTO performance VALUES (20, 180, 117, 8, 180);
INSERT INTO performance VALUES (20, 215, 117, 8, 260);
INSERT INTO performance VALUES (20, 250, 117, 8, 170);
INSERT INTO performance VALUES (20, 285, 117, 8, 240);
INSERT INTO performance VALUES (20, 320, 117, 8, 220);
INSERT INTO performance VALUES (20, 355, 117, 8, 240);
INSERT INTO performance VALUES (20, 390, 117, 8, 140);
INSERT INTO performance VALUES (20, 425, 117, 8, 200);
INSERT INTO performance VALUES (20, 460, 117, 8, 140);
INSERT INTO performance VALUES (20, 495, 117, 8, 140);
INSERT INTO consists_of VALUES (117, 7, 3, 7);
INSERT INTO performance VALUES (7, 75, 117, 7, 255);
INSERT INTO performance VALUES (7, 110, 117, 7, 235);
INSERT INTO performance VALUES (7, 145, 117, 7, 145);
INSERT INTO performance VALUES (7, 180, 117, 7, 225);
INSERT INTO performance VALUES (7, 215, 117, 7, 255);
INSERT INTO performance VALUES (7, 250, 117, 7, 155);
INSERT INTO performance VALUES (7, 285, 117, 7, 255);
INSERT INTO performance VALUES (7, 320, 117, 7, 165);
INSERT INTO performance VALUES (7, 355, 117, 7, 225);
INSERT INTO performance VALUES (7, 390, 117, 7, 185);
INSERT INTO performance VALUES (7, 425, 117, 7, 255);
INSERT INTO performance VALUES (7, 460, 117, 7, 215);
INSERT INTO performance VALUES (7, 495, 117, 7, 245);
INSERT INTO consists_of VALUES (117, 19, 4, 8);
INSERT INTO performance VALUES (19, 75, 117, 8, 140);
INSERT INTO performance VALUES (19, 110, 117, 8, 160);
INSERT INTO performance VALUES (19, 145, 117, 8, 250);
INSERT INTO performance VALUES (19, 180, 117, 8, 190);
INSERT INTO performance VALUES (19, 215, 117, 8, 260);
INSERT INTO performance VALUES (19, 250, 117, 8, 170);
INSERT INTO performance VALUES (19, 285, 117, 8, 190);
INSERT INTO performance VALUES (19, 320, 117, 8, 140);
INSERT INTO performance VALUES (19, 355, 117, 8, 170);
INSERT INTO performance VALUES (19, 390, 117, 8, 150);
INSERT INTO performance VALUES (19, 425, 117, 8, 160);
INSERT INTO performance VALUES (19, 460, 117, 8, 150);
INSERT INTO performance VALUES (19, 495, 117, 8, 250);
INSERT INTO consists_of VALUES (117, 8, 3, 3);
INSERT INTO performance VALUES (8, 75, 117, 3, 215);
INSERT INTO performance VALUES (8, 110, 117, 3, 165);
INSERT INTO performance VALUES (8, 145, 117, 3, 245);
INSERT INTO performance VALUES (8, 180, 117, 3, 255);
INSERT INTO performance VALUES (8, 215, 117, 3, 285);
INSERT INTO performance VALUES (8, 250, 117, 3, 195);
INSERT INTO performance VALUES (8, 285, 117, 3, 265);
INSERT INTO performance VALUES (8, 320, 117, 3, 185);
INSERT INTO performance VALUES (8, 355, 117, 3, 185);
INSERT INTO performance VALUES (8, 390, 117, 3, 165);
INSERT INTO performance VALUES (8, 425, 117, 3, 235);
INSERT INTO performance VALUES (8, 460, 117, 3, 195);
INSERT INTO performance VALUES (8, 495, 117, 3, 275);
INSERT INTO consists_of VALUES (117, 13, 4, 10);
INSERT INTO performance VALUES (13, 75, 117, 10, 220);
INSERT INTO performance VALUES (13, 110, 117, 10, 210);
INSERT INTO performance VALUES (13, 145, 117, 10, 190);
INSERT INTO performance VALUES (13, 180, 117, 10, 200);
INSERT INTO performance VALUES (13, 215, 117, 10, 230);
INSERT INTO performance VALUES (13, 250, 117, 10, 210);
INSERT INTO performance VALUES (13, 285, 117, 10, 190);
INSERT INTO performance VALUES (13, 320, 117, 10, 160);
INSERT INTO performance VALUES (13, 355, 117, 10, 240);
INSERT INTO performance VALUES (13, 390, 117, 10, 210);
INSERT INTO performance VALUES (13, 425, 117, 10, 170);
INSERT INTO performance VALUES (13, 460, 117, 10, 180);
INSERT INTO performance VALUES (13, 495, 117, 10, 200);
INSERT INTO Workout VALUES (118, 30, '2012-10-11', 10);
INSERT INTO does VALUES (118, 40, '2012-10-11');
INSERT INTO does VALUES (118, 75, '2012-10-11');
INSERT INTO does VALUES (118, 110, '2012-10-11');
INSERT INTO does VALUES (118, 145, '2012-10-11');
INSERT INTO does VALUES (118, 180, '2012-10-11');
INSERT INTO does VALUES (118, 215, '2012-10-11');
INSERT INTO does VALUES (118, 250, '2012-10-11');
INSERT INTO does VALUES (118, 320, '2012-10-11');
INSERT INTO does VALUES (118, 355, '2012-10-11');
INSERT INTO does VALUES (118, 390, '2012-10-11');
INSERT INTO does VALUES (118, 425, '2012-10-11');
INSERT INTO does VALUES (118, 460, '2012-10-11');
INSERT INTO does VALUES (118, 495, '2012-10-11');
INSERT INTO consists_of VALUES (118, 4, 4, 10);
INSERT INTO performance VALUES (4, 75, 118, 10, 130);
INSERT INTO performance VALUES (4, 110, 118, 10, 190);
INSERT INTO performance VALUES (4, 145, 118, 10, 170);
INSERT INTO performance VALUES (4, 180, 118, 10, 200);
INSERT INTO performance VALUES (4, 215, 118, 10, 250);
INSERT INTO performance VALUES (4, 250, 118, 10, 220);
INSERT INTO performance VALUES (4, 320, 118, 10, 200);
INSERT INTO performance VALUES (4, 355, 118, 10, 190);
INSERT INTO performance VALUES (4, 390, 118, 10, 220);
INSERT INTO performance VALUES (4, 425, 118, 10, 140);
INSERT INTO performance VALUES (4, 460, 118, 10, 140);
INSERT INTO performance VALUES (4, 495, 118, 10, 180);
INSERT INTO consists_of VALUES (118, 9, 4, 9);
INSERT INTO performance VALUES (9, 75, 118, 9, 145);
INSERT INTO performance VALUES (9, 110, 118, 9, 225);
INSERT INTO performance VALUES (9, 145, 118, 9, 155);
INSERT INTO performance VALUES (9, 180, 118, 9, 175);
INSERT INTO performance VALUES (9, 215, 118, 9, 175);
INSERT INTO performance VALUES (9, 250, 118, 9, 155);
INSERT INTO performance VALUES (9, 320, 118, 9, 135);
INSERT INTO performance VALUES (9, 355, 118, 9, 215);
INSERT INTO performance VALUES (9, 390, 118, 9, 135);
INSERT INTO performance VALUES (9, 425, 118, 9, 145);
INSERT INTO performance VALUES (9, 460, 118, 9, 225);
INSERT INTO performance VALUES (9, 495, 118, 9, 205);
INSERT INTO consists_of VALUES (118, 3, 4, 6);
INSERT INTO performance VALUES (3, 75, 118, 6, 260);
INSERT INTO performance VALUES (3, 110, 118, 6, 190);
INSERT INTO performance VALUES (3, 145, 118, 6, 190);
INSERT INTO performance VALUES (3, 180, 118, 6, 200);
INSERT INTO performance VALUES (3, 215, 118, 6, 270);
INSERT INTO performance VALUES (3, 250, 118, 6, 210);
INSERT INTO performance VALUES (3, 320, 118, 6, 150);
INSERT INTO performance VALUES (3, 355, 118, 6, 200);
INSERT INTO performance VALUES (3, 390, 118, 6, 240);
INSERT INTO performance VALUES (3, 425, 118, 6, 250);
INSERT INTO performance VALUES (3, 460, 118, 6, 230);
INSERT INTO performance VALUES (3, 495, 118, 6, 220);
INSERT INTO consists_of VALUES (118, 17, 4, 3);
INSERT INTO performance VALUES (17, 75, 118, 3, 235);
INSERT INTO performance VALUES (17, 110, 118, 3, 235);
INSERT INTO performance VALUES (17, 145, 118, 3, 195);
INSERT INTO performance VALUES (17, 180, 118, 3, 215);
INSERT INTO performance VALUES (17, 215, 118, 3, 245);
INSERT INTO performance VALUES (17, 250, 118, 3, 255);
INSERT INTO performance VALUES (17, 320, 118, 3, 175);
INSERT INTO performance VALUES (17, 355, 118, 3, 165);
INSERT INTO performance VALUES (17, 390, 118, 3, 245);
INSERT INTO performance VALUES (17, 425, 118, 3, 195);
INSERT INTO performance VALUES (17, 460, 118, 3, 175);
INSERT INTO performance VALUES (17, 495, 118, 3, 215);
INSERT INTO consists_of VALUES (118, 2, 3, 7);
INSERT INTO performance VALUES (2, 75, 118, 7, 245);
INSERT INTO performance VALUES (2, 110, 118, 7, 175);
INSERT INTO performance VALUES (2, 145, 118, 7, 215);
INSERT INTO performance VALUES (2, 180, 118, 7, 145);
INSERT INTO performance VALUES (2, 215, 118, 7, 235);
INSERT INTO performance VALUES (2, 250, 118, 7, 205);
INSERT INTO performance VALUES (2, 320, 118, 7, 195);
INSERT INTO performance VALUES (2, 355, 118, 7, 245);
INSERT INTO performance VALUES (2, 390, 118, 7, 235);
INSERT INTO performance VALUES (2, 425, 118, 7, 255);
INSERT INTO performance VALUES (2, 460, 118, 7, 175);
INSERT INTO performance VALUES (2, 495, 118, 7, 225);
INSERT INTO Workout VALUES (119, 30, '2012-10-18', 10);
INSERT INTO does VALUES (119, 40, '2012-10-18');
INSERT INTO does VALUES (119, 75, '2012-10-18');
INSERT INTO does VALUES (119, 110, '2012-10-18');
INSERT INTO does VALUES (119, 145, '2012-10-18');
INSERT INTO does VALUES (119, 180, '2012-10-18');
INSERT INTO does VALUES (119, 215, '2012-10-18');
INSERT INTO does VALUES (119, 250, '2012-10-18');
INSERT INTO does VALUES (119, 285, '2012-10-18');
INSERT INTO does VALUES (119, 320, '2012-10-18');
INSERT INTO does VALUES (119, 355, '2012-10-18');
INSERT INTO does VALUES (119, 390, '2012-10-18');
INSERT INTO does VALUES (119, 425, '2012-10-18');
INSERT INTO does VALUES (119, 460, '2012-10-18');
INSERT INTO does VALUES (119, 495, '2012-10-18');
INSERT INTO consists_of VALUES (119, 21, 2, 5);
INSERT INTO performance VALUES (21, 75, 119, 5, 225);
INSERT INTO performance VALUES (21, 110, 119, 5, 225);
INSERT INTO performance VALUES (21, 145, 119, 5, 235);
INSERT INTO performance VALUES (21, 180, 119, 5, 235);
INSERT INTO performance VALUES (21, 215, 119, 5, 175);
INSERT INTO performance VALUES (21, 250, 119, 5, 195);
INSERT INTO performance VALUES (21, 320, 119, 5, 185);
INSERT INTO performance VALUES (21, 355, 119, 5, 245);
INSERT INTO performance VALUES (21, 390, 119, 5, 185);
INSERT INTO performance VALUES (21, 425, 119, 5, 165);
INSERT INTO performance VALUES (21, 460, 119, 5, 225);
INSERT INTO performance VALUES (21, 495, 119, 5, 185);
INSERT INTO consists_of VALUES (119, 6, 3, 8);
INSERT INTO performance VALUES (6, 75, 119, 8, 170);
INSERT INTO performance VALUES (6, 110, 119, 8, 230);
INSERT INTO performance VALUES (6, 145, 119, 8, 210);
INSERT INTO performance VALUES (6, 180, 119, 8, 140);
INSERT INTO performance VALUES (6, 215, 119, 8, 140);
INSERT INTO performance VALUES (6, 250, 119, 8, 170);
INSERT INTO performance VALUES (6, 320, 119, 8, 190);
INSERT INTO performance VALUES (6, 355, 119, 8, 200);
INSERT INTO performance VALUES (6, 390, 119, 8, 220);
INSERT INTO performance VALUES (6, 425, 119, 8, 140);
INSERT INTO performance VALUES (6, 460, 119, 8, 180);
INSERT INTO performance VALUES (6, 495, 119, 8, 180);
INSERT INTO consists_of VALUES (119, 7, 2, 3);
INSERT INTO performance VALUES (7, 75, 119, 3, 195);
INSERT INTO performance VALUES (7, 110, 119, 3, 165);
INSERT INTO performance VALUES (7, 145, 119, 3, 195);
INSERT INTO performance VALUES (7, 180, 119, 3, 215);
INSERT INTO performance VALUES (7, 215, 119, 3, 225);
INSERT INTO performance VALUES (7, 250, 119, 3, 225);
INSERT INTO performance VALUES (7, 320, 119, 3, 185);
INSERT INTO performance VALUES (7, 355, 119, 3, 175);
INSERT INTO performance VALUES (7, 390, 119, 3, 205);
INSERT INTO performance VALUES (7, 425, 119, 3, 215);
INSERT INTO performance VALUES (7, 460, 119, 3, 215);
INSERT INTO performance VALUES (7, 495, 119, 3, 265);
INSERT INTO consists_of VALUES (119, 10, 2, 6);
INSERT INTO performance VALUES (10, 75, 119, 6, 220);
INSERT INTO performance VALUES (10, 110, 119, 6, 190);
INSERT INTO performance VALUES (10, 145, 119, 6, 270);
INSERT INTO performance VALUES (10, 180, 119, 6, 240);
INSERT INTO performance VALUES (10, 215, 119, 6, 160);
INSERT INTO performance VALUES (10, 250, 119, 6, 160);
INSERT INTO performance VALUES (10, 320, 119, 6, 210);
INSERT INTO performance VALUES (10, 355, 119, 6, 240);
INSERT INTO performance VALUES (10, 390, 119, 6, 160);
INSERT INTO performance VALUES (10, 425, 119, 6, 190);
INSERT INTO performance VALUES (10, 460, 119, 6, 220);
INSERT INTO performance VALUES (10, 495, 119, 6, 180);
INSERT INTO consists_of VALUES (119, 12, 4, 5);
INSERT INTO performance VALUES (12, 75, 119, 5, 245);
INSERT INTO performance VALUES (12, 110, 119, 5, 175);
INSERT INTO performance VALUES (12, 145, 119, 5, 155);
INSERT INTO performance VALUES (12, 180, 119, 5, 165);
INSERT INTO performance VALUES (12, 215, 119, 5, 255);
INSERT INTO performance VALUES (12, 250, 119, 5, 225);
INSERT INTO performance VALUES (12, 320, 119, 5, 155);
INSERT INTO performance VALUES (12, 355, 119, 5, 255);
INSERT INTO performance VALUES (12, 390, 119, 5, 185);
INSERT INTO performance VALUES (12, 425, 119, 5, 185);
INSERT INTO performance VALUES (12, 460, 119, 5, 215);
INSERT INTO performance VALUES (12, 495, 119, 5, 175);
INSERT INTO Workout VALUES (120, 30, '2012-10-25', 10);
INSERT INTO does VALUES (120, 75, '2012-10-25');
INSERT INTO does VALUES (120, 110, '2012-10-25');
INSERT INTO does VALUES (120, 145, '2012-10-25');
INSERT INTO does VALUES (120, 180, '2012-10-25');
INSERT INTO does VALUES (120, 215, '2012-10-25');
INSERT INTO does VALUES (120, 250, '2012-10-25');
INSERT INTO does VALUES (120, 285, '2012-10-25');
INSERT INTO does VALUES (120, 320, '2012-10-25');
INSERT INTO does VALUES (120, 355, '2012-10-25');
INSERT INTO does VALUES (120, 390, '2012-10-25');
INSERT INTO does VALUES (120, 425, '2012-10-25');
INSERT INTO does VALUES (120, 460, '2012-10-25');
INSERT INTO does VALUES (120, 495, '2012-10-25');
INSERT INTO consists_of VALUES (120, 21, 2, 8);
INSERT INTO performance VALUES (21, 75, 120, 8, 210);
INSERT INTO performance VALUES (21, 110, 120, 8, 180);
INSERT INTO performance VALUES (21, 145, 120, 8, 210);
INSERT INTO performance VALUES (21, 180, 120, 8, 190);
INSERT INTO performance VALUES (21, 215, 120, 8, 190);
INSERT INTO performance VALUES (21, 250, 120, 8, 140);
INSERT INTO performance VALUES (21, 320, 120, 8, 230);
INSERT INTO performance VALUES (21, 355, 120, 8, 220);
INSERT INTO performance VALUES (21, 390, 120, 8, 150);
INSERT INTO performance VALUES (21, 425, 120, 8, 180);
INSERT INTO performance VALUES (21, 460, 120, 8, 160);
INSERT INTO performance VALUES (21, 495, 120, 8, 180);
INSERT INTO consists_of VALUES (120, 18, 4, 10);
INSERT INTO performance VALUES (18, 75, 120, 10, 190);
INSERT INTO performance VALUES (18, 110, 120, 10, 220);
INSERT INTO performance VALUES (18, 145, 120, 10, 200);
INSERT INTO performance VALUES (18, 180, 120, 10, 190);
INSERT INTO performance VALUES (18, 215, 120, 10, 240);
INSERT INTO performance VALUES (18, 250, 120, 10, 190);
INSERT INTO performance VALUES (18, 320, 120, 10, 150);
INSERT INTO performance VALUES (18, 355, 120, 10, 220);
INSERT INTO performance VALUES (18, 390, 120, 10, 210);
INSERT INTO performance VALUES (18, 425, 120, 10, 220);
INSERT INTO performance VALUES (18, 460, 120, 10, 200);
INSERT INTO performance VALUES (18, 495, 120, 10, 230);
INSERT INTO consists_of VALUES (120, 17, 2, 8);
INSERT INTO performance VALUES (17, 75, 120, 8, 180);
INSERT INTO performance VALUES (17, 110, 120, 8, 220);
INSERT INTO performance VALUES (17, 145, 120, 8, 180);
INSERT INTO performance VALUES (17, 180, 120, 8, 180);
INSERT INTO performance VALUES (17, 215, 120, 8, 230);
INSERT INTO performance VALUES (17, 250, 120, 8, 170);
INSERT INTO performance VALUES (17, 320, 120, 8, 200);
INSERT INTO performance VALUES (17, 355, 120, 8, 170);
INSERT INTO performance VALUES (17, 390, 120, 8, 210);
INSERT INTO performance VALUES (17, 425, 120, 8, 150);
INSERT INTO performance VALUES (17, 460, 120, 8, 150);
INSERT INTO performance VALUES (17, 495, 120, 8, 150);
INSERT INTO consists_of VALUES (120, 20, 4, 10);
INSERT INTO performance VALUES (20, 75, 120, 10, 210);
INSERT INTO performance VALUES (20, 110, 120, 10, 160);
INSERT INTO performance VALUES (20, 145, 120, 10, 130);
INSERT INTO performance VALUES (20, 180, 120, 10, 190);
INSERT INTO performance VALUES (20, 215, 120, 10, 230);
INSERT INTO performance VALUES (20, 250, 120, 10, 210);
INSERT INTO performance VALUES (20, 320, 120, 10, 160);
INSERT INTO performance VALUES (20, 355, 120, 10, 160);
INSERT INTO performance VALUES (20, 390, 120, 10, 180);
INSERT INTO performance VALUES (20, 425, 120, 10, 240);
INSERT INTO performance VALUES (20, 460, 120, 10, 220);
INSERT INTO performance VALUES (20, 495, 120, 10, 180);
INSERT INTO consists_of VALUES (120, 2, 2, 7);
INSERT INTO performance VALUES (2, 75, 120, 7, 225);
INSERT INTO performance VALUES (2, 110, 120, 7, 145);
INSERT INTO performance VALUES (2, 145, 120, 7, 185);
INSERT INTO performance VALUES (2, 180, 120, 7, 185);
INSERT INTO performance VALUES (2, 215, 120, 7, 255);
INSERT INTO performance VALUES (2, 250, 120, 7, 195);
INSERT INTO performance VALUES (2, 320, 120, 7, 225);
INSERT INTO performance VALUES (2, 355, 120, 7, 265);
INSERT INTO performance VALUES (2, 390, 120, 7, 145);
INSERT INTO performance VALUES (2, 425, 120, 7, 255);
INSERT INTO performance VALUES (2, 460, 120, 7, 235);
INSERT INTO performance VALUES (2, 495, 120, 7, 175);
INSERT INTO Workout VALUES (121, 31, '2012-01-04', 1);
INSERT INTO does VALUES (121, 41, '2012-01-04');
INSERT INTO does VALUES (121, 76, '2012-01-04');
INSERT INTO does VALUES (121, 111, '2012-01-04');
INSERT INTO does VALUES (121, 146, '2012-01-04');
INSERT INTO does VALUES (121, 181, '2012-01-04');
INSERT INTO does VALUES (121, 216, '2012-01-04');
INSERT INTO does VALUES (121, 251, '2012-01-04');
INSERT INTO does VALUES (121, 286, '2012-01-04');
INSERT INTO does VALUES (121, 321, '2012-01-04');
INSERT INTO does VALUES (121, 356, '2012-01-04');
INSERT INTO does VALUES (121, 391, '2012-01-04');
INSERT INTO does VALUES (121, 461, '2012-01-04');
INSERT INTO does VALUES (121, 496, '2012-01-04');
INSERT INTO consists_of VALUES (121, 12, 2, 8);
INSERT INTO performance VALUES (12, 41, 121, 8, 140);
INSERT INTO performance VALUES (12, 76, 121, 8, 150);
INSERT INTO performance VALUES (12, 111, 121, 8, 240);
INSERT INTO performance VALUES (12, 146, 121, 8, 210);
INSERT INTO performance VALUES (12, 181, 121, 8, 220);
INSERT INTO performance VALUES (12, 216, 121, 8, 210);
INSERT INTO performance VALUES (12, 251, 121, 8, 240);
INSERT INTO performance VALUES (12, 286, 121, 8, 180);
INSERT INTO performance VALUES (12, 321, 121, 8, 160);
INSERT INTO performance VALUES (12, 356, 121, 8, 230);
INSERT INTO performance VALUES (12, 391, 121, 8, 230);
INSERT INTO performance VALUES (12, 461, 121, 8, 150);
INSERT INTO performance VALUES (12, 496, 121, 8, 240);
INSERT INTO consists_of VALUES (121, 6, 2, 7);
INSERT INTO performance VALUES (6, 41, 121, 7, 225);
INSERT INTO performance VALUES (6, 76, 121, 7, 215);
INSERT INTO performance VALUES (6, 111, 121, 7, 245);
INSERT INTO performance VALUES (6, 146, 121, 7, 155);
INSERT INTO performance VALUES (6, 181, 121, 7, 225);
INSERT INTO performance VALUES (6, 216, 121, 7, 185);
INSERT INTO performance VALUES (6, 251, 121, 7, 195);
INSERT INTO performance VALUES (6, 286, 121, 7, 145);
INSERT INTO performance VALUES (6, 321, 121, 7, 195);
INSERT INTO performance VALUES (6, 356, 121, 7, 145);
INSERT INTO performance VALUES (6, 391, 121, 7, 155);
INSERT INTO performance VALUES (6, 461, 121, 7, 185);
INSERT INTO performance VALUES (6, 496, 121, 7, 165);
INSERT INTO consists_of VALUES (121, 8, 3, 5);
INSERT INTO performance VALUES (8, 41, 121, 5, 175);
INSERT INTO performance VALUES (8, 76, 121, 5, 235);
INSERT INTO performance VALUES (8, 111, 121, 5, 215);
INSERT INTO performance VALUES (8, 146, 121, 5, 235);
INSERT INTO performance VALUES (8, 181, 121, 5, 245);
INSERT INTO performance VALUES (8, 216, 121, 5, 275);
INSERT INTO performance VALUES (8, 251, 121, 5, 175);
INSERT INTO performance VALUES (8, 286, 121, 5, 235);
INSERT INTO performance VALUES (8, 321, 121, 5, 205);
INSERT INTO performance VALUES (8, 356, 121, 5, 265);
INSERT INTO performance VALUES (8, 391, 121, 5, 235);
INSERT INTO performance VALUES (8, 461, 121, 5, 215);
INSERT INTO performance VALUES (8, 496, 121, 5, 225);
INSERT INTO consists_of VALUES (121, 1, 4, 5);
INSERT INTO performance VALUES (1, 41, 121, 5, 195);
INSERT INTO performance VALUES (1, 76, 121, 5, 225);
INSERT INTO performance VALUES (1, 111, 121, 5, 185);
INSERT INTO performance VALUES (1, 146, 121, 5, 215);
INSERT INTO performance VALUES (1, 181, 121, 5, 235);
INSERT INTO performance VALUES (1, 216, 121, 5, 245);
INSERT INTO performance VALUES (1, 251, 121, 5, 175);
INSERT INTO performance VALUES (1, 286, 121, 5, 185);
INSERT INTO performance VALUES (1, 321, 121, 5, 215);
INSERT INTO performance VALUES (1, 356, 121, 5, 255);
INSERT INTO performance VALUES (1, 391, 121, 5, 215);
INSERT INTO performance VALUES (1, 461, 121, 5, 225);
INSERT INTO performance VALUES (1, 496, 121, 5, 195);
INSERT INTO consists_of VALUES (121, 19, 3, 8);
INSERT INTO performance VALUES (19, 41, 121, 8, 150);
INSERT INTO performance VALUES (19, 76, 121, 8, 140);
INSERT INTO performance VALUES (19, 111, 121, 8, 200);
INSERT INTO performance VALUES (19, 146, 121, 8, 190);
INSERT INTO performance VALUES (19, 181, 121, 8, 180);
INSERT INTO performance VALUES (19, 216, 121, 8, 200);
INSERT INTO performance VALUES (19, 251, 121, 8, 160);
INSERT INTO performance VALUES (19, 286, 121, 8, 240);
INSERT INTO performance VALUES (19, 321, 121, 8, 230);
INSERT INTO performance VALUES (19, 356, 121, 8, 150);
INSERT INTO performance VALUES (19, 391, 121, 8, 210);
INSERT INTO performance VALUES (19, 461, 121, 8, 170);
INSERT INTO performance VALUES (19, 496, 121, 8, 260);
INSERT INTO Workout VALUES (122, 31, '2012-01-11', 1);
INSERT INTO does VALUES (122, 41, '2012-01-11');
INSERT INTO does VALUES (122, 76, '2012-01-11');
INSERT INTO does VALUES (122, 111, '2012-01-11');
INSERT INTO does VALUES (122, 146, '2012-01-11');
INSERT INTO does VALUES (122, 181, '2012-01-11');
INSERT INTO does VALUES (122, 216, '2012-01-11');
INSERT INTO does VALUES (122, 251, '2012-01-11');
INSERT INTO does VALUES (122, 286, '2012-01-11');
INSERT INTO does VALUES (122, 321, '2012-01-11');
INSERT INTO does VALUES (122, 356, '2012-01-11');
INSERT INTO does VALUES (122, 391, '2012-01-11');
INSERT INTO does VALUES (122, 461, '2012-01-11');
INSERT INTO does VALUES (122, 496, '2012-01-11');
INSERT INTO consists_of VALUES (122, 15, 2, 7);
INSERT INTO performance VALUES (15, 41, 122, 7, 175);
INSERT INTO performance VALUES (15, 76, 122, 7, 245);
INSERT INTO performance VALUES (15, 111, 122, 7, 195);
INSERT INTO performance VALUES (15, 146, 122, 7, 165);
INSERT INTO performance VALUES (15, 181, 122, 7, 225);
INSERT INTO performance VALUES (15, 216, 122, 7, 245);
INSERT INTO performance VALUES (15, 251, 122, 7, 155);
INSERT INTO performance VALUES (15, 286, 122, 7, 215);
INSERT INTO performance VALUES (15, 321, 122, 7, 195);
INSERT INTO performance VALUES (15, 356, 122, 7, 145);
INSERT INTO performance VALUES (15, 391, 122, 7, 245);
INSERT INTO performance VALUES (15, 461, 122, 7, 175);
INSERT INTO performance VALUES (15, 496, 122, 7, 265);
INSERT INTO consists_of VALUES (122, 14, 2, 3);
INSERT INTO performance VALUES (14, 41, 122, 3, 225);
INSERT INTO performance VALUES (14, 76, 122, 3, 175);
INSERT INTO performance VALUES (14, 111, 122, 3, 215);
INSERT INTO performance VALUES (14, 146, 122, 3, 215);
INSERT INTO performance VALUES (14, 181, 122, 3, 245);
INSERT INTO performance VALUES (14, 216, 122, 3, 275);
INSERT INTO performance VALUES (14, 251, 122, 3, 255);
INSERT INTO performance VALUES (14, 286, 122, 3, 175);
INSERT INTO performance VALUES (14, 321, 122, 3, 205);
INSERT INTO performance VALUES (14, 356, 122, 3, 215);
INSERT INTO performance VALUES (14, 391, 122, 3, 205);
INSERT INTO performance VALUES (14, 461, 122, 3, 215);
INSERT INTO performance VALUES (14, 496, 122, 3, 185);
INSERT INTO consists_of VALUES (122, 7, 2, 10);
INSERT INTO performance VALUES (7, 41, 122, 10, 140);
INSERT INTO performance VALUES (7, 76, 122, 10, 250);
INSERT INTO performance VALUES (7, 111, 122, 10, 190);
INSERT INTO performance VALUES (7, 146, 122, 10, 130);
INSERT INTO performance VALUES (7, 181, 122, 10, 130);
INSERT INTO performance VALUES (7, 216, 122, 10, 240);
INSERT INTO performance VALUES (7, 251, 122, 10, 230);
INSERT INTO performance VALUES (7, 286, 122, 10, 140);
INSERT INTO performance VALUES (7, 321, 122, 10, 130);
INSERT INTO performance VALUES (7, 356, 122, 10, 200);
INSERT INTO performance VALUES (7, 391, 122, 10, 230);
INSERT INTO performance VALUES (7, 461, 122, 10, 130);
INSERT INTO performance VALUES (7, 496, 122, 10, 140);
INSERT INTO consists_of VALUES (122, 11, 3, 9);
INSERT INTO performance VALUES (11, 41, 122, 9, 205);
INSERT INTO performance VALUES (11, 76, 122, 9, 235);
INSERT INTO performance VALUES (11, 111, 122, 9, 185);
INSERT INTO performance VALUES (11, 146, 122, 9, 235);
INSERT INTO performance VALUES (11, 181, 122, 9, 135);
INSERT INTO performance VALUES (11, 216, 122, 9, 225);
INSERT INTO performance VALUES (11, 251, 122, 9, 175);
INSERT INTO performance VALUES (11, 286, 122, 9, 135);
INSERT INTO performance VALUES (11, 321, 122, 9, 205);
INSERT INTO performance VALUES (11, 356, 122, 9, 135);
INSERT INTO performance VALUES (11, 391, 122, 9, 155);
INSERT INTO performance VALUES (11, 461, 122, 9, 175);
INSERT INTO performance VALUES (11, 496, 122, 9, 245);
INSERT INTO consists_of VALUES (122, 4, 3, 9);
INSERT INTO performance VALUES (4, 41, 122, 9, 205);
INSERT INTO performance VALUES (4, 76, 122, 9, 145);
INSERT INTO performance VALUES (4, 111, 122, 9, 155);
INSERT INTO performance VALUES (4, 146, 122, 9, 165);
INSERT INTO performance VALUES (4, 181, 122, 9, 165);
INSERT INTO performance VALUES (4, 216, 122, 9, 165);
INSERT INTO performance VALUES (4, 251, 122, 9, 185);
INSERT INTO performance VALUES (4, 286, 122, 9, 165);
INSERT INTO performance VALUES (4, 321, 122, 9, 225);
INSERT INTO performance VALUES (4, 356, 122, 9, 135);
INSERT INTO performance VALUES (4, 391, 122, 9, 205);
INSERT INTO performance VALUES (4, 461, 122, 9, 195);
INSERT INTO performance VALUES (4, 496, 122, 9, 155);
INSERT INTO Workout VALUES (123, 31, '2012-01-18', 1);
INSERT INTO does VALUES (123, 41, '2012-01-18');
INSERT INTO does VALUES (123, 76, '2012-01-18');
INSERT INTO does VALUES (123, 146, '2012-01-18');
INSERT INTO does VALUES (123, 181, '2012-01-18');
INSERT INTO does VALUES (123, 216, '2012-01-18');
INSERT INTO does VALUES (123, 251, '2012-01-18');
INSERT INTO does VALUES (123, 286, '2012-01-18');
INSERT INTO does VALUES (123, 356, '2012-01-18');
INSERT INTO does VALUES (123, 391, '2012-01-18');
INSERT INTO does VALUES (123, 426, '2012-01-18');
INSERT INTO does VALUES (123, 461, '2012-01-18');
INSERT INTO does VALUES (123, 496, '2012-01-18');
INSERT INTO consists_of VALUES (123, 2, 4, 3);
INSERT INTO performance VALUES (2, 41, 123, 3, 225);
INSERT INTO performance VALUES (2, 76, 123, 3, 215);
INSERT INTO performance VALUES (2, 146, 123, 3, 165);
INSERT INTO performance VALUES (2, 181, 123, 3, 245);
INSERT INTO performance VALUES (2, 216, 123, 3, 185);
INSERT INTO performance VALUES (2, 251, 123, 3, 245);
INSERT INTO performance VALUES (2, 286, 123, 3, 285);
INSERT INTO performance VALUES (2, 356, 123, 3, 265);
INSERT INTO performance VALUES (2, 391, 123, 3, 185);
INSERT INTO performance VALUES (2, 461, 123, 3, 185);
INSERT INTO performance VALUES (2, 496, 123, 3, 185);
INSERT INTO consists_of VALUES (123, 9, 2, 9);
INSERT INTO performance VALUES (9, 41, 123, 9, 145);
INSERT INTO performance VALUES (9, 76, 123, 9, 165);
INSERT INTO performance VALUES (9, 146, 123, 9, 145);
INSERT INTO performance VALUES (9, 181, 123, 9, 205);
INSERT INTO performance VALUES (9, 216, 123, 9, 195);
INSERT INTO performance VALUES (9, 251, 123, 9, 175);
INSERT INTO performance VALUES (9, 286, 123, 9, 175);
INSERT INTO performance VALUES (9, 356, 123, 9, 225);
INSERT INTO performance VALUES (9, 391, 123, 9, 205);
INSERT INTO performance VALUES (9, 461, 123, 9, 215);
INSERT INTO performance VALUES (9, 496, 123, 9, 135);
INSERT INTO consists_of VALUES (123, 4, 3, 3);
INSERT INTO performance VALUES (4, 41, 123, 3, 175);
INSERT INTO performance VALUES (4, 76, 123, 3, 265);
INSERT INTO performance VALUES (4, 146, 123, 3, 225);
INSERT INTO performance VALUES (4, 181, 123, 3, 235);
INSERT INTO performance VALUES (4, 216, 123, 3, 275);
INSERT INTO performance VALUES (4, 251, 123, 3, 175);
INSERT INTO performance VALUES (4, 286, 123, 3, 245);
INSERT INTO performance VALUES (4, 356, 123, 3, 205);
INSERT INTO performance VALUES (4, 391, 123, 3, 245);
INSERT INTO performance VALUES (4, 461, 123, 3, 245);
INSERT INTO performance VALUES (4, 496, 123, 3, 205);
INSERT INTO consists_of VALUES (123, 6, 4, 9);
INSERT INTO performance VALUES (6, 41, 123, 9, 225);
INSERT INTO performance VALUES (6, 76, 123, 9, 195);
INSERT INTO performance VALUES (6, 146, 123, 9, 225);
INSERT INTO performance VALUES (6, 181, 123, 9, 195);
INSERT INTO performance VALUES (6, 216, 123, 9, 205);
INSERT INTO performance VALUES (6, 251, 123, 9, 215);
INSERT INTO performance VALUES (6, 286, 123, 9, 135);
INSERT INTO performance VALUES (6, 356, 123, 9, 145);
INSERT INTO performance VALUES (6, 391, 123, 9, 235);
INSERT INTO performance VALUES (6, 461, 123, 9, 165);
INSERT INTO performance VALUES (6, 496, 123, 9, 215);
INSERT INTO consists_of VALUES (123, 17, 2, 9);
INSERT INTO performance VALUES (17, 41, 123, 9, 215);
INSERT INTO performance VALUES (17, 76, 123, 9, 235);
INSERT INTO performance VALUES (17, 146, 123, 9, 225);
INSERT INTO performance VALUES (17, 181, 123, 9, 185);
INSERT INTO performance VALUES (17, 216, 123, 9, 225);
INSERT INTO performance VALUES (17, 251, 123, 9, 235);
INSERT INTO performance VALUES (17, 286, 123, 9, 145);
INSERT INTO performance VALUES (17, 356, 123, 9, 145);
INSERT INTO performance VALUES (17, 391, 123, 9, 165);
INSERT INTO performance VALUES (17, 461, 123, 9, 135);
INSERT INTO performance VALUES (17, 496, 123, 9, 145);
INSERT INTO Workout VALUES (124, 31, '2012-01-25', 1);
INSERT INTO does VALUES (124, 41, '2012-01-25');
INSERT INTO does VALUES (124, 76, '2012-01-25');
INSERT INTO does VALUES (124, 111, '2012-01-25');
INSERT INTO does VALUES (124, 146, '2012-01-25');
INSERT INTO does VALUES (124, 181, '2012-01-25');
INSERT INTO does VALUES (124, 216, '2012-01-25');
INSERT INTO does VALUES (124, 251, '2012-01-25');
INSERT INTO does VALUES (124, 286, '2012-01-25');
INSERT INTO does VALUES (124, 321, '2012-01-25');
INSERT INTO does VALUES (124, 391, '2012-01-25');
INSERT INTO does VALUES (124, 426, '2012-01-25');
INSERT INTO does VALUES (124, 461, '2012-01-25');
INSERT INTO does VALUES (124, 496, '2012-01-25');
INSERT INTO consists_of VALUES (124, 13, 2, 3);
INSERT INTO performance VALUES (13, 41, 124, 3, 175);
INSERT INTO performance VALUES (13, 76, 124, 3, 175);
INSERT INTO performance VALUES (13, 146, 124, 3, 205);
INSERT INTO performance VALUES (13, 181, 124, 3, 175);
INSERT INTO performance VALUES (13, 216, 124, 3, 265);
INSERT INTO performance VALUES (13, 251, 124, 3, 205);
INSERT INTO performance VALUES (13, 286, 124, 3, 265);
INSERT INTO performance VALUES (13, 391, 124, 3, 185);
INSERT INTO performance VALUES (13, 461, 124, 3, 265);
INSERT INTO performance VALUES (13, 496, 124, 3, 165);
INSERT INTO consists_of VALUES (124, 21, 2, 6);
INSERT INTO performance VALUES (21, 41, 124, 6, 230);
INSERT INTO performance VALUES (21, 76, 124, 6, 270);
INSERT INTO performance VALUES (21, 146, 124, 6, 250);
INSERT INTO performance VALUES (21, 181, 124, 6, 150);
INSERT INTO performance VALUES (21, 216, 124, 6, 240);
INSERT INTO performance VALUES (21, 251, 124, 6, 200);
INSERT INTO performance VALUES (21, 286, 124, 6, 150);
INSERT INTO performance VALUES (21, 391, 124, 6, 190);
INSERT INTO performance VALUES (21, 461, 124, 6, 230);
INSERT INTO performance VALUES (21, 496, 124, 6, 230);
INSERT INTO consists_of VALUES (124, 2, 3, 4);
INSERT INTO performance VALUES (2, 41, 124, 4, 210);
INSERT INTO performance VALUES (2, 76, 124, 4, 190);
INSERT INTO performance VALUES (2, 146, 124, 4, 200);
INSERT INTO performance VALUES (2, 181, 124, 4, 230);
INSERT INTO performance VALUES (2, 216, 124, 4, 180);
INSERT INTO performance VALUES (2, 251, 124, 4, 190);
INSERT INTO performance VALUES (2, 286, 124, 4, 190);
INSERT INTO performance VALUES (2, 391, 124, 4, 240);
INSERT INTO performance VALUES (2, 461, 124, 4, 170);
INSERT INTO performance VALUES (2, 496, 124, 4, 160);
INSERT INTO consists_of VALUES (124, 9, 4, 10);
INSERT INTO performance VALUES (9, 41, 124, 10, 230);
INSERT INTO performance VALUES (9, 76, 124, 10, 250);
INSERT INTO performance VALUES (9, 146, 124, 10, 130);
INSERT INTO performance VALUES (9, 181, 124, 10, 140);
INSERT INTO performance VALUES (9, 216, 124, 10, 210);
INSERT INTO performance VALUES (9, 251, 124, 10, 160);
INSERT INTO performance VALUES (9, 286, 124, 10, 160);
INSERT INTO performance VALUES (9, 391, 124, 10, 180);
INSERT INTO performance VALUES (9, 461, 124, 10, 230);
INSERT INTO performance VALUES (9, 496, 124, 10, 140);
INSERT INTO consists_of VALUES (124, 12, 2, 5);
INSERT INTO performance VALUES (12, 41, 124, 5, 195);
INSERT INTO performance VALUES (12, 76, 124, 5, 225);
INSERT INTO performance VALUES (12, 146, 124, 5, 275);
INSERT INTO performance VALUES (12, 181, 124, 5, 185);
INSERT INTO performance VALUES (12, 216, 124, 5, 255);
INSERT INTO performance VALUES (12, 251, 124, 5, 225);
INSERT INTO performance VALUES (12, 286, 124, 5, 185);
INSERT INTO performance VALUES (12, 391, 124, 5, 155);
INSERT INTO performance VALUES (12, 461, 124, 5, 195);
INSERT INTO performance VALUES (12, 496, 124, 5, 195);
INSERT INTO Workout VALUES (125, 32, '2012-02-04', 2);
INSERT INTO does VALUES (125, 42, '2012-02-04');
INSERT INTO does VALUES (125, 77, '2012-02-04');
INSERT INTO does VALUES (125, 112, '2012-02-04');
INSERT INTO does VALUES (125, 147, '2012-02-04');
INSERT INTO does VALUES (125, 182, '2012-02-04');
INSERT INTO does VALUES (125, 217, '2012-02-04');
INSERT INTO does VALUES (125, 252, '2012-02-04');
INSERT INTO does VALUES (125, 287, '2012-02-04');
INSERT INTO does VALUES (125, 322, '2012-02-04');
INSERT INTO does VALUES (125, 357, '2012-02-04');
INSERT INTO does VALUES (125, 392, '2012-02-04');
INSERT INTO does VALUES (125, 462, '2012-02-04');
INSERT INTO does VALUES (125, 497, '2012-02-04');
INSERT INTO consists_of VALUES (125, 20, 2, 3);
INSERT INTO performance VALUES (20, 42, 125, 3, 235);
INSERT INTO performance VALUES (20, 77, 125, 3, 195);
INSERT INTO performance VALUES (20, 112, 125, 3, 225);
INSERT INTO performance VALUES (20, 147, 125, 3, 205);
INSERT INTO performance VALUES (20, 182, 125, 3, 245);
INSERT INTO performance VALUES (20, 217, 125, 3, 175);
INSERT INTO performance VALUES (20, 252, 125, 3, 195);
INSERT INTO performance VALUES (20, 287, 125, 3, 245);
INSERT INTO performance VALUES (20, 322, 125, 3, 215);
INSERT INTO performance VALUES (20, 357, 125, 3, 165);
INSERT INTO performance VALUES (20, 392, 125, 3, 175);
INSERT INTO performance VALUES (20, 462, 125, 3, 195);
INSERT INTO performance VALUES (20, 497, 125, 3, 195);
INSERT INTO consists_of VALUES (125, 4, 4, 6);
INSERT INTO performance VALUES (4, 42, 125, 6, 230);
INSERT INTO performance VALUES (4, 77, 125, 6, 170);
INSERT INTO performance VALUES (4, 112, 125, 6, 250);
INSERT INTO performance VALUES (4, 147, 125, 6, 180);
INSERT INTO performance VALUES (4, 182, 125, 6, 200);
INSERT INTO performance VALUES (4, 217, 125, 6, 180);
INSERT INTO performance VALUES (4, 252, 125, 6, 240);
INSERT INTO performance VALUES (4, 287, 125, 6, 170);
INSERT INTO performance VALUES (4, 322, 125, 6, 150);
INSERT INTO performance VALUES (4, 357, 125, 6, 180);
INSERT INTO performance VALUES (4, 392, 125, 6, 200);
INSERT INTO performance VALUES (4, 462, 125, 6, 250);
INSERT INTO performance VALUES (4, 497, 125, 6, 170);
INSERT INTO consists_of VALUES (125, 17, 4, 6);
INSERT INTO performance VALUES (17, 42, 125, 6, 180);
INSERT INTO performance VALUES (17, 77, 125, 6, 190);
INSERT INTO performance VALUES (17, 112, 125, 6, 240);
INSERT INTO performance VALUES (17, 147, 125, 6, 200);
INSERT INTO performance VALUES (17, 182, 125, 6, 160);
INSERT INTO performance VALUES (17, 217, 125, 6, 220);
INSERT INTO performance VALUES (17, 252, 125, 6, 190);
INSERT INTO performance VALUES (17, 287, 125, 6, 170);
INSERT INTO performance VALUES (17, 322, 125, 6, 200);
INSERT INTO performance VALUES (17, 357, 125, 6, 210);
INSERT INTO performance VALUES (17, 392, 125, 6, 160);
INSERT INTO performance VALUES (17, 462, 125, 6, 230);
INSERT INTO performance VALUES (17, 497, 125, 6, 160);
INSERT INTO consists_of VALUES (125, 12, 3, 3);
INSERT INTO performance VALUES (12, 42, 125, 3, 195);
INSERT INTO performance VALUES (12, 77, 125, 3, 175);
INSERT INTO performance VALUES (12, 112, 125, 3, 165);
INSERT INTO performance VALUES (12, 147, 125, 3, 245);
INSERT INTO performance VALUES (12, 182, 125, 3, 185);
INSERT INTO performance VALUES (12, 217, 125, 3, 205);
INSERT INTO performance VALUES (12, 252, 125, 3, 165);
INSERT INTO performance VALUES (12, 287, 125, 3, 185);
INSERT INTO performance VALUES (12, 322, 125, 3, 215);
INSERT INTO performance VALUES (12, 357, 125, 3, 225);
INSERT INTO performance VALUES (12, 392, 125, 3, 165);
INSERT INTO performance VALUES (12, 462, 125, 3, 265);
INSERT INTO performance VALUES (12, 497, 125, 3, 235);
INSERT INTO consists_of VALUES (125, 8, 2, 7);
INSERT INTO performance VALUES (8, 42, 125, 7, 235);
INSERT INTO performance VALUES (8, 77, 125, 7, 215);
INSERT INTO performance VALUES (8, 112, 125, 7, 185);
INSERT INTO performance VALUES (8, 147, 125, 7, 165);
INSERT INTO performance VALUES (8, 182, 125, 7, 245);
INSERT INTO performance VALUES (8, 217, 125, 7, 165);
INSERT INTO performance VALUES (8, 252, 125, 7, 235);
INSERT INTO performance VALUES (8, 287, 125, 7, 165);
INSERT INTO performance VALUES (8, 322, 125, 7, 215);
INSERT INTO performance VALUES (8, 357, 125, 7, 215);
INSERT INTO performance VALUES (8, 392, 125, 7, 245);
INSERT INTO performance VALUES (8, 462, 125, 7, 215);
INSERT INTO performance VALUES (8, 497, 125, 7, 145);
INSERT INTO Workout VALUES (126, 32, '2012-02-11', 2);
INSERT INTO does VALUES (126, 42, '2012-02-11');
INSERT INTO does VALUES (126, 77, '2012-02-11');
INSERT INTO does VALUES (126, 112, '2012-02-11');
INSERT INTO does VALUES (126, 147, '2012-02-11');
INSERT INTO does VALUES (126, 182, '2012-02-11');
INSERT INTO does VALUES (126, 217, '2012-02-11');
INSERT INTO does VALUES (126, 252, '2012-02-11');
INSERT INTO does VALUES (126, 322, '2012-02-11');
INSERT INTO does VALUES (126, 357, '2012-02-11');
INSERT INTO does VALUES (126, 392, '2012-02-11');
INSERT INTO does VALUES (126, 427, '2012-02-11');
INSERT INTO does VALUES (126, 462, '2012-02-11');
INSERT INTO consists_of VALUES (126, 15, 4, 6);
INSERT INTO performance VALUES (15, 42, 126, 6, 230);
INSERT INTO performance VALUES (15, 77, 126, 6, 160);
INSERT INTO performance VALUES (15, 112, 126, 6, 190);
INSERT INTO performance VALUES (15, 147, 126, 6, 180);
INSERT INTO performance VALUES (15, 182, 126, 6, 210);
INSERT INTO performance VALUES (15, 217, 126, 6, 210);
INSERT INTO performance VALUES (15, 252, 126, 6, 250);
INSERT INTO performance VALUES (15, 322, 126, 6, 180);
INSERT INTO performance VALUES (15, 357, 126, 6, 230);
INSERT INTO performance VALUES (15, 392, 126, 6, 230);
INSERT INTO performance VALUES (15, 462, 126, 6, 160);
INSERT INTO consists_of VALUES (126, 19, 2, 7);
INSERT INTO performance VALUES (19, 42, 126, 7, 215);
INSERT INTO performance VALUES (19, 77, 126, 7, 215);
INSERT INTO performance VALUES (19, 112, 126, 7, 195);
INSERT INTO performance VALUES (19, 147, 126, 7, 205);
INSERT INTO performance VALUES (19, 182, 126, 7, 235);
INSERT INTO performance VALUES (19, 217, 126, 7, 225);
INSERT INTO performance VALUES (19, 252, 126, 7, 235);
INSERT INTO performance VALUES (19, 322, 126, 7, 245);
INSERT INTO performance VALUES (19, 357, 126, 7, 195);
INSERT INTO performance VALUES (19, 392, 126, 7, 185);
INSERT INTO performance VALUES (19, 462, 126, 7, 245);
INSERT INTO consists_of VALUES (126, 10, 4, 3);
INSERT INTO performance VALUES (10, 42, 126, 3, 265);
INSERT INTO performance VALUES (10, 77, 126, 3, 165);
INSERT INTO performance VALUES (10, 112, 126, 3, 165);
INSERT INTO performance VALUES (10, 147, 126, 3, 195);
INSERT INTO performance VALUES (10, 182, 126, 3, 175);
INSERT INTO performance VALUES (10, 217, 126, 3, 185);
INSERT INTO performance VALUES (10, 252, 126, 3, 215);
INSERT INTO performance VALUES (10, 322, 126, 3, 195);
INSERT INTO performance VALUES (10, 357, 126, 3, 185);
INSERT INTO performance VALUES (10, 392, 126, 3, 195);
INSERT INTO performance VALUES (10, 462, 126, 3, 195);
INSERT INTO consists_of VALUES (126, 1, 2, 8);
INSERT INTO performance VALUES (1, 42, 126, 8, 150);
INSERT INTO performance VALUES (1, 77, 126, 8, 160);
INSERT INTO performance VALUES (1, 112, 126, 8, 190);
INSERT INTO performance VALUES (1, 147, 126, 8, 190);
INSERT INTO performance VALUES (1, 182, 126, 8, 140);
INSERT INTO performance VALUES (1, 217, 126, 8, 200);
INSERT INTO performance VALUES (1, 252, 126, 8, 170);
INSERT INTO performance VALUES (1, 322, 126, 8, 150);
INSERT INTO performance VALUES (1, 357, 126, 8, 210);
INSERT INTO performance VALUES (1, 392, 126, 8, 230);
INSERT INTO performance VALUES (1, 462, 126, 8, 170);
INSERT INTO consists_of VALUES (126, 21, 2, 6);
INSERT INTO performance VALUES (21, 42, 126, 6, 160);
INSERT INTO performance VALUES (21, 77, 126, 6, 210);
INSERT INTO performance VALUES (21, 112, 126, 6, 190);
INSERT INTO performance VALUES (21, 147, 126, 6, 230);
INSERT INTO performance VALUES (21, 182, 126, 6, 160);
INSERT INTO performance VALUES (21, 217, 126, 6, 150);
INSERT INTO performance VALUES (21, 252, 126, 6, 160);
INSERT INTO performance VALUES (21, 322, 126, 6, 230);
INSERT INTO performance VALUES (21, 357, 126, 6, 230);
INSERT INTO performance VALUES (21, 392, 126, 6, 150);
INSERT INTO performance VALUES (21, 462, 126, 6, 250);
INSERT INTO Workout VALUES (127, 32, '2012-02-18', 2);
INSERT INTO does VALUES (127, 42, '2012-02-18');
INSERT INTO does VALUES (127, 77, '2012-02-18');
INSERT INTO does VALUES (127, 112, '2012-02-18');
INSERT INTO does VALUES (127, 182, '2012-02-18');
INSERT INTO does VALUES (127, 217, '2012-02-18');
INSERT INTO does VALUES (127, 252, '2012-02-18');
INSERT INTO does VALUES (127, 322, '2012-02-18');
INSERT INTO does VALUES (127, 357, '2012-02-18');
INSERT INTO does VALUES (127, 392, '2012-02-18');
INSERT INTO does VALUES (127, 427, '2012-02-18');
INSERT INTO does VALUES (127, 462, '2012-02-18');
INSERT INTO consists_of VALUES (127, 5, 2, 8);
INSERT INTO performance VALUES (5, 42, 127, 8, 190);
INSERT INTO performance VALUES (5, 77, 127, 8, 170);
INSERT INTO performance VALUES (5, 112, 127, 8, 140);
INSERT INTO performance VALUES (5, 182, 127, 8, 190);
INSERT INTO performance VALUES (5, 217, 127, 8, 190);
INSERT INTO performance VALUES (5, 252, 127, 8, 190);
INSERT INTO performance VALUES (5, 322, 127, 8, 220);
INSERT INTO performance VALUES (5, 357, 127, 8, 190);
INSERT INTO performance VALUES (5, 392, 127, 8, 140);
INSERT INTO performance VALUES (5, 462, 127, 8, 140);
INSERT INTO consists_of VALUES (127, 1, 4, 7);
INSERT INTO performance VALUES (1, 42, 127, 7, 245);
INSERT INTO performance VALUES (1, 77, 127, 7, 175);
INSERT INTO performance VALUES (1, 112, 127, 7, 155);
INSERT INTO performance VALUES (1, 182, 127, 7, 175);
INSERT INTO performance VALUES (1, 217, 127, 7, 225);
INSERT INTO performance VALUES (1, 252, 127, 7, 245);
INSERT INTO performance VALUES (1, 322, 127, 7, 165);
INSERT INTO performance VALUES (1, 357, 127, 7, 215);
INSERT INTO performance VALUES (1, 392, 127, 7, 165);
INSERT INTO performance VALUES (1, 462, 127, 7, 225);
INSERT INTO consists_of VALUES (127, 14, 4, 8);
INSERT INTO performance VALUES (14, 42, 127, 8, 160);
INSERT INTO performance VALUES (14, 77, 127, 8, 180);
INSERT INTO performance VALUES (14, 112, 127, 8, 210);
INSERT INTO performance VALUES (14, 182, 127, 8, 180);
INSERT INTO performance VALUES (14, 217, 127, 8, 210);
INSERT INTO performance VALUES (14, 252, 127, 8, 170);
INSERT INTO performance VALUES (14, 322, 127, 8, 170);
INSERT INTO performance VALUES (14, 357, 127, 8, 190);
INSERT INTO performance VALUES (14, 392, 127, 8, 220);
INSERT INTO performance VALUES (14, 462, 127, 8, 220);
INSERT INTO consists_of VALUES (127, 18, 4, 4);
INSERT INTO performance VALUES (18, 42, 127, 4, 250);
INSERT INTO performance VALUES (18, 77, 127, 4, 180);
INSERT INTO performance VALUES (18, 112, 127, 4, 180);
INSERT INTO performance VALUES (18, 182, 127, 4, 200);
INSERT INTO performance VALUES (18, 217, 127, 4, 240);
INSERT INTO performance VALUES (18, 252, 127, 4, 200);
INSERT INTO performance VALUES (18, 322, 127, 4, 180);
INSERT INTO performance VALUES (18, 357, 127, 4, 180);
INSERT INTO performance VALUES (18, 392, 127, 4, 210);
INSERT INTO performance VALUES (18, 462, 127, 4, 200);
INSERT INTO consists_of VALUES (127, 11, 2, 6);
INSERT INTO performance VALUES (11, 42, 127, 6, 180);
INSERT INTO performance VALUES (11, 77, 127, 6, 220);
INSERT INTO performance VALUES (11, 112, 127, 6, 170);
INSERT INTO performance VALUES (11, 182, 127, 6, 250);
INSERT INTO performance VALUES (11, 217, 127, 6, 160);
INSERT INTO performance VALUES (11, 252, 127, 6, 230);
INSERT INTO performance VALUES (11, 322, 127, 6, 170);
INSERT INTO performance VALUES (11, 357, 127, 6, 150);
INSERT INTO performance VALUES (11, 392, 127, 6, 160);
INSERT INTO performance VALUES (11, 462, 127, 6, 170);
INSERT INTO Workout VALUES (128, 32, '2012-02-25', 2);
INSERT INTO does VALUES (128, 77, '2012-02-25');
INSERT INTO does VALUES (128, 112, '2012-02-25');
INSERT INTO does VALUES (128, 147, '2012-02-25');
INSERT INTO does VALUES (128, 182, '2012-02-25');
INSERT INTO does VALUES (128, 217, '2012-02-25');
INSERT INTO does VALUES (128, 252, '2012-02-25');
INSERT INTO does VALUES (128, 287, '2012-02-25');
INSERT INTO does VALUES (128, 322, '2012-02-25');
INSERT INTO does VALUES (128, 357, '2012-02-25');
INSERT INTO does VALUES (128, 392, '2012-02-25');
INSERT INTO does VALUES (128, 427, '2012-02-25');
INSERT INTO does VALUES (128, 462, '2012-02-25');
INSERT INTO does VALUES (128, 497, '2012-02-25');
INSERT INTO consists_of VALUES (128, 14, 3, 10);
INSERT INTO performance VALUES (14, 77, 128, 10, 130);
INSERT INTO performance VALUES (14, 112, 128, 10, 150);
INSERT INTO performance VALUES (14, 182, 128, 10, 220);
INSERT INTO performance VALUES (14, 217, 128, 10, 160);
INSERT INTO performance VALUES (14, 252, 128, 10, 150);
INSERT INTO performance VALUES (14, 322, 128, 10, 150);
INSERT INTO performance VALUES (14, 357, 128, 10, 190);
INSERT INTO performance VALUES (14, 392, 128, 10, 210);
INSERT INTO performance VALUES (14, 462, 128, 10, 170);
INSERT INTO consists_of VALUES (128, 16, 3, 7);
INSERT INTO performance VALUES (16, 77, 128, 7, 145);
INSERT INTO performance VALUES (16, 112, 128, 7, 175);
INSERT INTO performance VALUES (16, 182, 128, 7, 195);
INSERT INTO performance VALUES (16, 217, 128, 7, 145);
INSERT INTO performance VALUES (16, 252, 128, 7, 165);
INSERT INTO performance VALUES (16, 322, 128, 7, 225);
INSERT INTO performance VALUES (16, 357, 128, 7, 145);
INSERT INTO performance VALUES (16, 392, 128, 7, 185);
INSERT INTO performance VALUES (16, 462, 128, 7, 245);
INSERT INTO consists_of VALUES (128, 12, 4, 4);
INSERT INTO performance VALUES (12, 77, 128, 4, 230);
INSERT INTO performance VALUES (12, 112, 128, 4, 240);
INSERT INTO performance VALUES (12, 182, 128, 4, 260);
INSERT INTO performance VALUES (12, 217, 128, 4, 200);
INSERT INTO performance VALUES (12, 252, 128, 4, 220);
INSERT INTO performance VALUES (12, 322, 128, 4, 200);
INSERT INTO performance VALUES (12, 357, 128, 4, 170);
INSERT INTO performance VALUES (12, 392, 128, 4, 160);
INSERT INTO performance VALUES (12, 462, 128, 4, 170);
INSERT INTO consists_of VALUES (128, 5, 2, 4);
INSERT INTO performance VALUES (5, 77, 128, 4, 170);
INSERT INTO performance VALUES (5, 112, 128, 4, 190);
INSERT INTO performance VALUES (5, 182, 128, 4, 240);
INSERT INTO performance VALUES (5, 217, 128, 4, 170);
INSERT INTO performance VALUES (5, 252, 128, 4, 190);
INSERT INTO performance VALUES (5, 322, 128, 4, 200);
INSERT INTO performance VALUES (5, 357, 128, 4, 160);
INSERT INTO performance VALUES (5, 392, 128, 4, 180);
INSERT INTO performance VALUES (5, 462, 128, 4, 170);
INSERT INTO consists_of VALUES (128, 6, 3, 10);
INSERT INTO performance VALUES (6, 77, 128, 10, 200);
INSERT INTO performance VALUES (6, 112, 128, 10, 140);
INSERT INTO performance VALUES (6, 182, 128, 10, 220);
INSERT INTO performance VALUES (6, 217, 128, 10, 190);
INSERT INTO performance VALUES (6, 252, 128, 10, 230);
INSERT INTO performance VALUES (6, 322, 128, 10, 160);
INSERT INTO performance VALUES (6, 357, 128, 10, 210);
INSERT INTO performance VALUES (6, 392, 128, 10, 230);
INSERT INTO performance VALUES (6, 462, 128, 10, 230);
INSERT INTO Workout VALUES (129, 33, '2012-03-04', 3);
INSERT INTO does VALUES (129, 43, '2012-03-04');
INSERT INTO does VALUES (129, 78, '2012-03-04');
INSERT INTO does VALUES (129, 113, '2012-03-04');
INSERT INTO does VALUES (129, 148, '2012-03-04');
INSERT INTO does VALUES (129, 183, '2012-03-04');
INSERT INTO does VALUES (129, 218, '2012-03-04');
INSERT INTO does VALUES (129, 288, '2012-03-04');
INSERT INTO does VALUES (129, 323, '2012-03-04');
INSERT INTO does VALUES (129, 358, '2012-03-04');
INSERT INTO does VALUES (129, 428, '2012-03-04');
INSERT INTO does VALUES (129, 463, '2012-03-04');
INSERT INTO does VALUES (129, 498, '2012-03-04');
INSERT INTO consists_of VALUES (129, 21, 3, 6);
INSERT INTO performance VALUES (21, 43, 129, 6, 190);
INSERT INTO performance VALUES (21, 78, 129, 6, 160);
INSERT INTO performance VALUES (21, 113, 129, 6, 160);
INSERT INTO performance VALUES (21, 148, 129, 6, 150);
INSERT INTO performance VALUES (21, 183, 129, 6, 210);
INSERT INTO performance VALUES (21, 218, 129, 6, 200);
INSERT INTO performance VALUES (21, 288, 129, 6, 180);
INSERT INTO performance VALUES (21, 323, 129, 6, 220);
INSERT INTO performance VALUES (21, 358, 129, 6, 200);
INSERT INTO performance VALUES (21, 428, 129, 6, 220);
INSERT INTO performance VALUES (21, 463, 129, 6, 180);
INSERT INTO performance VALUES (21, 498, 129, 6, 200);
INSERT INTO consists_of VALUES (129, 19, 2, 10);
INSERT INTO performance VALUES (19, 43, 129, 10, 200);
INSERT INTO performance VALUES (19, 78, 129, 10, 130);
INSERT INTO performance VALUES (19, 113, 129, 10, 150);
INSERT INTO performance VALUES (19, 148, 129, 10, 130);
INSERT INTO performance VALUES (19, 183, 129, 10, 170);
INSERT INTO performance VALUES (19, 218, 129, 10, 150);
INSERT INTO performance VALUES (19, 288, 129, 10, 200);
INSERT INTO performance VALUES (19, 323, 129, 10, 150);
INSERT INTO performance VALUES (19, 358, 129, 10, 140);
INSERT INTO performance VALUES (19, 428, 129, 10, 200);
INSERT INTO performance VALUES (19, 463, 129, 10, 230);
INSERT INTO performance VALUES (19, 498, 129, 10, 180);
INSERT INTO consists_of VALUES (129, 14, 3, 10);
INSERT INTO performance VALUES (14, 43, 129, 10, 190);
INSERT INTO performance VALUES (14, 78, 129, 10, 180);
INSERT INTO performance VALUES (14, 113, 129, 10, 190);
INSERT INTO performance VALUES (14, 148, 129, 10, 190);
INSERT INTO performance VALUES (14, 183, 129, 10, 130);
INSERT INTO performance VALUES (14, 218, 129, 10, 200);
INSERT INTO performance VALUES (14, 288, 129, 10, 160);
INSERT INTO performance VALUES (14, 323, 129, 10, 170);
INSERT INTO performance VALUES (14, 358, 129, 10, 150);
INSERT INTO performance VALUES (14, 428, 129, 10, 160);
INSERT INTO performance VALUES (14, 463, 129, 10, 140);
INSERT INTO performance VALUES (14, 498, 129, 10, 190);
INSERT INTO consists_of VALUES (129, 4, 4, 7);
INSERT INTO performance VALUES (4, 43, 129, 7, 145);
INSERT INTO performance VALUES (4, 78, 129, 7, 175);
INSERT INTO performance VALUES (4, 113, 129, 7, 225);
INSERT INTO performance VALUES (4, 148, 129, 7, 225);
INSERT INTO performance VALUES (4, 183, 129, 7, 185);
INSERT INTO performance VALUES (4, 218, 129, 7, 165);
INSERT INTO performance VALUES (4, 288, 129, 7, 215);
INSERT INTO performance VALUES (4, 323, 129, 7, 155);
INSERT INTO performance VALUES (4, 358, 129, 7, 195);
INSERT INTO performance VALUES (4, 428, 129, 7, 195);
INSERT INTO performance VALUES (4, 463, 129, 7, 225);
INSERT INTO performance VALUES (4, 498, 129, 7, 185);
INSERT INTO consists_of VALUES (129, 17, 4, 8);
INSERT INTO performance VALUES (17, 43, 129, 8, 240);
INSERT INTO performance VALUES (17, 78, 129, 8, 200);
INSERT INTO performance VALUES (17, 113, 129, 8, 160);
INSERT INTO performance VALUES (17, 148, 129, 8, 180);
INSERT INTO performance VALUES (17, 183, 129, 8, 230);
INSERT INTO performance VALUES (17, 218, 129, 8, 200);
INSERT INTO performance VALUES (17, 288, 129, 8, 210);
INSERT INTO performance VALUES (17, 323, 129, 8, 230);
INSERT INTO performance VALUES (17, 358, 129, 8, 160);
INSERT INTO performance VALUES (17, 428, 129, 8, 180);
INSERT INTO performance VALUES (17, 463, 129, 8, 170);
INSERT INTO performance VALUES (17, 498, 129, 8, 140);
INSERT INTO Workout VALUES (130, 33, '2012-03-11', 3);
INSERT INTO does VALUES (130, 43, '2012-03-11');
INSERT INTO does VALUES (130, 148, '2012-03-11');
INSERT INTO does VALUES (130, 183, '2012-03-11');
INSERT INTO does VALUES (130, 218, '2012-03-11');
INSERT INTO does VALUES (130, 253, '2012-03-11');
INSERT INTO does VALUES (130, 288, '2012-03-11');
INSERT INTO does VALUES (130, 323, '2012-03-11');
INSERT INTO does VALUES (130, 358, '2012-03-11');
INSERT INTO does VALUES (130, 393, '2012-03-11');
INSERT INTO does VALUES (130, 428, '2012-03-11');
INSERT INTO does VALUES (130, 463, '2012-03-11');
INSERT INTO does VALUES (130, 498, '2012-03-11');
INSERT INTO consists_of VALUES (130, 14, 3, 8);
INSERT INTO performance VALUES (14, 43, 130, 8, 160);
INSERT INTO performance VALUES (14, 148, 130, 8, 220);
INSERT INTO performance VALUES (14, 183, 130, 8, 170);
INSERT INTO performance VALUES (14, 218, 130, 8, 170);
INSERT INTO performance VALUES (14, 288, 130, 8, 160);
INSERT INTO performance VALUES (14, 323, 130, 8, 190);
INSERT INTO performance VALUES (14, 358, 130, 8, 190);
INSERT INTO performance VALUES (14, 428, 130, 8, 180);
INSERT INTO performance VALUES (14, 463, 130, 8, 210);
INSERT INTO performance VALUES (14, 498, 130, 8, 170);
INSERT INTO consists_of VALUES (130, 13, 2, 6);
INSERT INTO performance VALUES (13, 43, 130, 6, 220);
INSERT INTO performance VALUES (13, 148, 130, 6, 150);
INSERT INTO performance VALUES (13, 183, 130, 6, 190);
INSERT INTO performance VALUES (13, 218, 130, 6, 180);
INSERT INTO performance VALUES (13, 288, 130, 6, 200);
INSERT INTO performance VALUES (13, 323, 130, 6, 180);
INSERT INTO performance VALUES (13, 358, 130, 6, 230);
INSERT INTO performance VALUES (13, 428, 130, 6, 220);
INSERT INTO performance VALUES (13, 463, 130, 6, 150);
INSERT INTO performance VALUES (13, 498, 130, 6, 230);
INSERT INTO consists_of VALUES (130, 3, 4, 9);
INSERT INTO performance VALUES (3, 43, 130, 9, 155);
INSERT INTO performance VALUES (3, 148, 130, 9, 195);
INSERT INTO performance VALUES (3, 183, 130, 9, 215);
INSERT INTO performance VALUES (3, 218, 130, 9, 215);
INSERT INTO performance VALUES (3, 288, 130, 9, 205);
INSERT INTO performance VALUES (3, 323, 130, 9, 215);
INSERT INTO performance VALUES (3, 358, 130, 9, 185);
INSERT INTO performance VALUES (3, 428, 130, 9, 175);
INSERT INTO performance VALUES (3, 463, 130, 9, 195);
INSERT INTO performance VALUES (3, 498, 130, 9, 135);
INSERT INTO consists_of VALUES (130, 6, 3, 8);
INSERT INTO performance VALUES (6, 43, 130, 8, 170);
INSERT INTO performance VALUES (6, 148, 130, 8, 220);
INSERT INTO performance VALUES (6, 183, 130, 8, 200);
INSERT INTO performance VALUES (6, 218, 130, 8, 170);
INSERT INTO performance VALUES (6, 288, 130, 8, 140);
INSERT INTO performance VALUES (6, 323, 130, 8, 180);
INSERT INTO performance VALUES (6, 358, 130, 8, 160);
INSERT INTO performance VALUES (6, 428, 130, 8, 150);
INSERT INTO performance VALUES (6, 463, 130, 8, 180);
INSERT INTO performance VALUES (6, 498, 130, 8, 160);
INSERT INTO consists_of VALUES (130, 4, 4, 9);
INSERT INTO performance VALUES (4, 43, 130, 9, 195);
INSERT INTO performance VALUES (4, 148, 130, 9, 205);
INSERT INTO performance VALUES (4, 183, 130, 9, 225);
INSERT INTO performance VALUES (4, 218, 130, 9, 135);
INSERT INTO performance VALUES (4, 288, 130, 9, 155);
INSERT INTO performance VALUES (4, 323, 130, 9, 225);
INSERT INTO performance VALUES (4, 358, 130, 9, 135);
INSERT INTO performance VALUES (4, 428, 130, 9, 185);
INSERT INTO performance VALUES (4, 463, 130, 9, 145);
INSERT INTO performance VALUES (4, 498, 130, 9, 135);
INSERT INTO Workout VALUES (131, 33, '2012-03-18', 3);
INSERT INTO does VALUES (131, 43, '2012-03-18');
INSERT INTO does VALUES (131, 78, '2012-03-18');
INSERT INTO does VALUES (131, 113, '2012-03-18');
INSERT INTO does VALUES (131, 148, '2012-03-18');
INSERT INTO does VALUES (131, 183, '2012-03-18');
INSERT INTO does VALUES (131, 218, '2012-03-18');
INSERT INTO does VALUES (131, 253, '2012-03-18');
INSERT INTO does VALUES (131, 288, '2012-03-18');
INSERT INTO does VALUES (131, 323, '2012-03-18');
INSERT INTO does VALUES (131, 358, '2012-03-18');
INSERT INTO does VALUES (131, 393, '2012-03-18');
INSERT INTO does VALUES (131, 428, '2012-03-18');
INSERT INTO does VALUES (131, 463, '2012-03-18');
INSERT INTO does VALUES (131, 498, '2012-03-18');
INSERT INTO consists_of VALUES (131, 14, 2, 3);
INSERT INTO performance VALUES (14, 43, 131, 3, 165);
INSERT INTO performance VALUES (14, 148, 131, 3, 245);
INSERT INTO performance VALUES (14, 183, 131, 3, 185);
INSERT INTO performance VALUES (14, 218, 131, 3, 175);
INSERT INTO performance VALUES (14, 288, 131, 3, 225);
INSERT INTO performance VALUES (14, 323, 131, 3, 215);
INSERT INTO performance VALUES (14, 358, 131, 3, 175);
INSERT INTO performance VALUES (14, 428, 131, 3, 245);
INSERT INTO performance VALUES (14, 463, 131, 3, 175);
INSERT INTO performance VALUES (14, 498, 131, 3, 235);
INSERT INTO consists_of VALUES (131, 13, 4, 3);
INSERT INTO performance VALUES (13, 43, 131, 3, 255);
INSERT INTO performance VALUES (13, 148, 131, 3, 165);
INSERT INTO performance VALUES (13, 183, 131, 3, 205);
INSERT INTO performance VALUES (13, 218, 131, 3, 235);
INSERT INTO performance VALUES (13, 288, 131, 3, 175);
INSERT INTO performance VALUES (13, 323, 131, 3, 265);
INSERT INTO performance VALUES (13, 358, 131, 3, 215);
INSERT INTO performance VALUES (13, 428, 131, 3, 215);
INSERT INTO performance VALUES (13, 463, 131, 3, 255);
INSERT INTO performance VALUES (13, 498, 131, 3, 175);
INSERT INTO consists_of VALUES (131, 3, 2, 10);
INSERT INTO performance VALUES (3, 43, 131, 10, 130);
INSERT INTO performance VALUES (3, 148, 131, 10, 180);
INSERT INTO performance VALUES (3, 183, 131, 10, 190);
INSERT INTO performance VALUES (3, 218, 131, 10, 130);
INSERT INTO performance VALUES (3, 288, 131, 10, 170);
INSERT INTO performance VALUES (3, 323, 131, 10, 190);
INSERT INTO performance VALUES (3, 358, 131, 10, 130);
INSERT INTO performance VALUES (3, 428, 131, 10, 130);
INSERT INTO performance VALUES (3, 463, 131, 10, 170);
INSERT INTO performance VALUES (3, 498, 131, 10, 180);
INSERT INTO consists_of VALUES (131, 21, 3, 9);
INSERT INTO performance VALUES (21, 43, 131, 9, 165);
INSERT INTO performance VALUES (21, 148, 131, 9, 145);
INSERT INTO performance VALUES (21, 183, 131, 9, 235);
INSERT INTO performance VALUES (21, 218, 131, 9, 185);
INSERT INTO performance VALUES (21, 288, 131, 9, 195);
INSERT INTO performance VALUES (21, 323, 131, 9, 205);
INSERT INTO performance VALUES (21, 358, 131, 9, 215);
INSERT INTO performance VALUES (21, 428, 131, 9, 185);
INSERT INTO performance VALUES (21, 463, 131, 9, 225);
INSERT INTO performance VALUES (21, 498, 131, 9, 205);
INSERT INTO consists_of VALUES (131, 8, 3, 7);
INSERT INTO performance VALUES (8, 43, 131, 7, 145);
INSERT INTO performance VALUES (8, 148, 131, 7, 155);
INSERT INTO performance VALUES (8, 183, 131, 7, 235);
INSERT INTO performance VALUES (8, 218, 131, 7, 215);
INSERT INTO performance VALUES (8, 288, 131, 7, 215);
INSERT INTO performance VALUES (8, 323, 131, 7, 245);
INSERT INTO performance VALUES (8, 358, 131, 7, 215);
INSERT INTO performance VALUES (8, 428, 131, 7, 165);
INSERT INTO performance VALUES (8, 463, 131, 7, 235);
INSERT INTO performance VALUES (8, 498, 131, 7, 185);
INSERT INTO Workout VALUES (132, 33, '2012-03-25', 3);
INSERT INTO does VALUES (132, 43, '2012-03-25');
INSERT INTO does VALUES (132, 78, '2012-03-25');
INSERT INTO does VALUES (132, 113, '2012-03-25');
INSERT INTO does VALUES (132, 148, '2012-03-25');
INSERT INTO does VALUES (132, 183, '2012-03-25');
INSERT INTO does VALUES (132, 218, '2012-03-25');
INSERT INTO does VALUES (132, 253, '2012-03-25');
INSERT INTO does VALUES (132, 288, '2012-03-25');
INSERT INTO does VALUES (132, 323, '2012-03-25');
INSERT INTO does VALUES (132, 358, '2012-03-25');
INSERT INTO does VALUES (132, 393, '2012-03-25');
INSERT INTO does VALUES (132, 428, '2012-03-25');
INSERT INTO does VALUES (132, 463, '2012-03-25');
INSERT INTO does VALUES (132, 498, '2012-03-25');
INSERT INTO consists_of VALUES (132, 13, 2, 8);
INSERT INTO performance VALUES (13, 43, 132, 8, 150);
INSERT INTO performance VALUES (13, 148, 132, 8, 190);
INSERT INTO performance VALUES (13, 183, 132, 8, 220);
INSERT INTO performance VALUES (13, 218, 132, 8, 200);
INSERT INTO performance VALUES (13, 288, 132, 8, 210);
INSERT INTO performance VALUES (13, 323, 132, 8, 190);
INSERT INTO performance VALUES (13, 358, 132, 8, 200);
INSERT INTO performance VALUES (13, 428, 132, 8, 210);
INSERT INTO performance VALUES (13, 463, 132, 8, 220);
INSERT INTO performance VALUES (13, 498, 132, 8, 220);
INSERT INTO consists_of VALUES (132, 18, 3, 5);
INSERT INTO performance VALUES (18, 43, 132, 5, 245);
INSERT INTO performance VALUES (18, 148, 132, 5, 195);
INSERT INTO performance VALUES (18, 183, 132, 5, 215);
INSERT INTO performance VALUES (18, 218, 132, 5, 195);
INSERT INTO performance VALUES (18, 288, 132, 5, 235);
INSERT INTO performance VALUES (18, 323, 132, 5, 195);
INSERT INTO performance VALUES (18, 358, 132, 5, 155);
INSERT INTO performance VALUES (18, 428, 132, 5, 165);
INSERT INTO performance VALUES (18, 463, 132, 5, 195);
INSERT INTO performance VALUES (18, 498, 132, 5, 185);
INSERT INTO consists_of VALUES (132, 16, 2, 10);
INSERT INTO performance VALUES (16, 43, 132, 10, 230);
INSERT INTO performance VALUES (16, 148, 132, 10, 210);
INSERT INTO performance VALUES (16, 183, 132, 10, 140);
INSERT INTO performance VALUES (16, 218, 132, 10, 150);
INSERT INTO performance VALUES (16, 288, 132, 10, 180);
INSERT INTO performance VALUES (16, 323, 132, 10, 130);
INSERT INTO performance VALUES (16, 358, 132, 10, 130);
INSERT INTO performance VALUES (16, 428, 132, 10, 200);
INSERT INTO performance VALUES (16, 463, 132, 10, 180);
INSERT INTO performance VALUES (16, 498, 132, 10, 150);
INSERT INTO consists_of VALUES (132, 14, 4, 7);
INSERT INTO performance VALUES (14, 43, 132, 7, 215);
INSERT INTO performance VALUES (14, 148, 132, 7, 165);
INSERT INTO performance VALUES (14, 183, 132, 7, 215);
INSERT INTO performance VALUES (14, 218, 132, 7, 185);
INSERT INTO performance VALUES (14, 288, 132, 7, 145);
INSERT INTO performance VALUES (14, 323, 132, 7, 185);
INSERT INTO performance VALUES (14, 358, 132, 7, 225);
INSERT INTO performance VALUES (14, 428, 132, 7, 155);
INSERT INTO performance VALUES (14, 463, 132, 7, 195);
INSERT INTO performance VALUES (14, 498, 132, 7, 225);
INSERT INTO consists_of VALUES (132, 20, 3, 9);
INSERT INTO performance VALUES (20, 43, 132, 9, 175);
INSERT INTO performance VALUES (20, 148, 132, 9, 205);
INSERT INTO performance VALUES (20, 183, 132, 9, 145);
INSERT INTO performance VALUES (20, 218, 132, 9, 175);
INSERT INTO performance VALUES (20, 288, 132, 9, 215);
INSERT INTO performance VALUES (20, 323, 132, 9, 135);
INSERT INTO performance VALUES (20, 358, 132, 9, 215);
INSERT INTO performance VALUES (20, 428, 132, 9, 165);
INSERT INTO performance VALUES (20, 463, 132, 9, 185);
INSERT INTO performance VALUES (20, 498, 132, 9, 215);
INSERT INTO Workout VALUES (133, 34, '2012-04-04', 4);
INSERT INTO does VALUES (133, 44, '2012-04-04');
INSERT INTO does VALUES (133, 79, '2012-04-04');
INSERT INTO does VALUES (133, 114, '2012-04-04');
INSERT INTO does VALUES (133, 149, '2012-04-04');
INSERT INTO does VALUES (133, 184, '2012-04-04');
INSERT INTO does VALUES (133, 219, '2012-04-04');
INSERT INTO does VALUES (133, 289, '2012-04-04');
INSERT INTO does VALUES (133, 324, '2012-04-04');
INSERT INTO does VALUES (133, 394, '2012-04-04');
INSERT INTO does VALUES (133, 429, '2012-04-04');
INSERT INTO does VALUES (133, 464, '2012-04-04');
INSERT INTO does VALUES (133, 499, '2012-04-04');
INSERT INTO consists_of VALUES (133, 10, 3, 5);
INSERT INTO performance VALUES (10, 44, 133, 5, 185);
INSERT INTO performance VALUES (10, 79, 133, 5, 205);
INSERT INTO performance VALUES (10, 114, 133, 5, 205);
INSERT INTO performance VALUES (10, 149, 133, 5, 235);
INSERT INTO performance VALUES (10, 184, 133, 5, 225);
INSERT INTO performance VALUES (10, 219, 133, 5, 155);
INSERT INTO performance VALUES (10, 289, 133, 5, 235);
INSERT INTO performance VALUES (10, 324, 133, 5, 165);
INSERT INTO performance VALUES (10, 394, 133, 5, 215);
INSERT INTO performance VALUES (10, 429, 133, 5, 175);
INSERT INTO performance VALUES (10, 464, 133, 5, 245);
INSERT INTO performance VALUES (10, 499, 133, 5, 155);
INSERT INTO consists_of VALUES (133, 9, 3, 7);
INSERT INTO performance VALUES (9, 44, 133, 7, 155);
INSERT INTO performance VALUES (9, 79, 133, 7, 165);
INSERT INTO performance VALUES (9, 114, 133, 7, 245);
INSERT INTO performance VALUES (9, 149, 133, 7, 145);
INSERT INTO performance VALUES (9, 184, 133, 7, 155);
INSERT INTO performance VALUES (9, 219, 133, 7, 165);
INSERT INTO performance VALUES (9, 289, 133, 7, 155);
INSERT INTO performance VALUES (9, 324, 133, 7, 225);
INSERT INTO performance VALUES (9, 394, 133, 7, 155);
INSERT INTO performance VALUES (9, 429, 133, 7, 175);
INSERT INTO performance VALUES (9, 464, 133, 7, 155);
INSERT INTO performance VALUES (9, 499, 133, 7, 205);
INSERT INTO consists_of VALUES (133, 15, 3, 9);
INSERT INTO performance VALUES (15, 44, 133, 9, 135);
INSERT INTO performance VALUES (15, 79, 133, 9, 145);
INSERT INTO performance VALUES (15, 114, 133, 9, 155);
INSERT INTO performance VALUES (15, 149, 133, 9, 185);
INSERT INTO performance VALUES (15, 184, 133, 9, 165);
INSERT INTO performance VALUES (15, 219, 133, 9, 165);
INSERT INTO performance VALUES (15, 289, 133, 9, 135);
INSERT INTO performance VALUES (15, 324, 133, 9, 235);
INSERT INTO performance VALUES (15, 394, 133, 9, 245);
INSERT INTO performance VALUES (15, 429, 133, 9, 165);
INSERT INTO performance VALUES (15, 464, 133, 9, 175);
INSERT INTO performance VALUES (15, 499, 133, 9, 175);
INSERT INTO consists_of VALUES (133, 7, 2, 8);
INSERT INTO performance VALUES (7, 44, 133, 8, 220);
INSERT INTO performance VALUES (7, 79, 133, 8, 150);
INSERT INTO performance VALUES (7, 114, 133, 8, 220);
INSERT INTO performance VALUES (7, 149, 133, 8, 140);
INSERT INTO performance VALUES (7, 184, 133, 8, 230);
INSERT INTO performance VALUES (7, 219, 133, 8, 200);
INSERT INTO performance VALUES (7, 289, 133, 8, 140);
INSERT INTO performance VALUES (7, 324, 133, 8, 200);
INSERT INTO performance VALUES (7, 394, 133, 8, 240);
INSERT INTO performance VALUES (7, 429, 133, 8, 180);
INSERT INTO performance VALUES (7, 464, 133, 8, 140);
INSERT INTO performance VALUES (7, 499, 133, 8, 160);
INSERT INTO consists_of VALUES (133, 14, 4, 8);
INSERT INTO performance VALUES (14, 44, 133, 8, 160);
INSERT INTO performance VALUES (14, 79, 133, 8, 220);
INSERT INTO performance VALUES (14, 114, 133, 8, 210);
INSERT INTO performance VALUES (14, 149, 133, 8, 210);
INSERT INTO performance VALUES (14, 184, 133, 8, 240);
INSERT INTO performance VALUES (14, 219, 133, 8, 200);
INSERT INTO performance VALUES (14, 289, 133, 8, 180);
INSERT INTO performance VALUES (14, 324, 133, 8, 200);
INSERT INTO performance VALUES (14, 394, 133, 8, 220);
INSERT INTO performance VALUES (14, 429, 133, 8, 220);
INSERT INTO performance VALUES (14, 464, 133, 8, 140);
INSERT INTO performance VALUES (14, 499, 133, 8, 210);
INSERT INTO Workout VALUES (134, 34, '2012-04-11', 4);
INSERT INTO does VALUES (134, 44, '2012-04-11');
INSERT INTO does VALUES (134, 79, '2012-04-11');
INSERT INTO does VALUES (134, 114, '2012-04-11');
INSERT INTO does VALUES (134, 149, '2012-04-11');
INSERT INTO does VALUES (134, 184, '2012-04-11');
INSERT INTO does VALUES (134, 219, '2012-04-11');
INSERT INTO does VALUES (134, 254, '2012-04-11');
INSERT INTO does VALUES (134, 289, '2012-04-11');
INSERT INTO does VALUES (134, 324, '2012-04-11');
INSERT INTO does VALUES (134, 359, '2012-04-11');
INSERT INTO does VALUES (134, 394, '2012-04-11');
INSERT INTO does VALUES (134, 429, '2012-04-11');
INSERT INTO does VALUES (134, 464, '2012-04-11');
INSERT INTO does VALUES (134, 499, '2012-04-11');
INSERT INTO consists_of VALUES (134, 12, 3, 4);
INSERT INTO performance VALUES (12, 44, 134, 4, 220);
INSERT INTO performance VALUES (12, 79, 134, 4, 230);
INSERT INTO performance VALUES (12, 114, 134, 4, 220);
INSERT INTO performance VALUES (12, 149, 134, 4, 210);
INSERT INTO performance VALUES (12, 184, 134, 4, 180);
INSERT INTO performance VALUES (12, 219, 134, 4, 180);
INSERT INTO performance VALUES (12, 289, 134, 4, 200);
INSERT INTO performance VALUES (12, 324, 134, 4, 230);
INSERT INTO performance VALUES (12, 394, 134, 4, 180);
INSERT INTO performance VALUES (12, 429, 134, 4, 220);
INSERT INTO performance VALUES (12, 464, 134, 4, 180);
INSERT INTO performance VALUES (12, 499, 134, 4, 170);
INSERT INTO consists_of VALUES (134, 8, 3, 10);
INSERT INTO performance VALUES (8, 44, 134, 10, 160);
INSERT INTO performance VALUES (8, 79, 134, 10, 200);
INSERT INTO performance VALUES (8, 114, 134, 10, 150);
INSERT INTO performance VALUES (8, 149, 134, 10, 180);
INSERT INTO performance VALUES (8, 184, 134, 10, 200);
INSERT INTO performance VALUES (8, 219, 134, 10, 160);
INSERT INTO performance VALUES (8, 289, 134, 10, 130);
INSERT INTO performance VALUES (8, 324, 134, 10, 170);
INSERT INTO performance VALUES (8, 394, 134, 10, 140);
INSERT INTO performance VALUES (8, 429, 134, 10, 130);
INSERT INTO performance VALUES (8, 464, 134, 10, 170);
INSERT INTO performance VALUES (8, 499, 134, 10, 130);
INSERT INTO consists_of VALUES (134, 10, 2, 9);
INSERT INTO performance VALUES (10, 44, 134, 9, 195);
INSERT INTO performance VALUES (10, 79, 134, 9, 145);
INSERT INTO performance VALUES (10, 114, 134, 9, 235);
INSERT INTO performance VALUES (10, 149, 134, 9, 205);
INSERT INTO performance VALUES (10, 184, 134, 9, 175);
INSERT INTO performance VALUES (10, 219, 134, 9, 215);
INSERT INTO performance VALUES (10, 289, 134, 9, 135);
INSERT INTO performance VALUES (10, 324, 134, 9, 185);
INSERT INTO performance VALUES (10, 394, 134, 9, 165);
INSERT INTO performance VALUES (10, 429, 134, 9, 165);
INSERT INTO performance VALUES (10, 464, 134, 9, 165);
INSERT INTO performance VALUES (10, 499, 134, 9, 205);
INSERT INTO consists_of VALUES (134, 16, 4, 5);
INSERT INTO performance VALUES (16, 44, 134, 5, 155);
INSERT INTO performance VALUES (16, 79, 134, 5, 195);
INSERT INTO performance VALUES (16, 114, 134, 5, 225);
INSERT INTO performance VALUES (16, 149, 134, 5, 195);
INSERT INTO performance VALUES (16, 184, 134, 5, 165);
INSERT INTO performance VALUES (16, 219, 134, 5, 155);
INSERT INTO performance VALUES (16, 289, 134, 5, 195);
INSERT INTO performance VALUES (16, 324, 134, 5, 265);
INSERT INTO performance VALUES (16, 394, 134, 5, 255);
INSERT INTO performance VALUES (16, 429, 134, 5, 155);
INSERT INTO performance VALUES (16, 464, 134, 5, 205);
INSERT INTO performance VALUES (16, 499, 134, 5, 235);
INSERT INTO consists_of VALUES (134, 6, 2, 4);
INSERT INTO performance VALUES (6, 44, 134, 4, 200);
INSERT INTO performance VALUES (6, 79, 134, 4, 170);
INSERT INTO performance VALUES (6, 114, 134, 4, 270);
INSERT INTO performance VALUES (6, 149, 134, 4, 220);
INSERT INTO performance VALUES (6, 184, 134, 4, 220);
INSERT INTO performance VALUES (6, 219, 134, 4, 230);
INSERT INTO performance VALUES (6, 289, 134, 4, 230);
INSERT INTO performance VALUES (6, 324, 134, 4, 200);
INSERT INTO performance VALUES (6, 394, 134, 4, 220);
INSERT INTO performance VALUES (6, 429, 134, 4, 210);
INSERT INTO performance VALUES (6, 464, 134, 4, 250);
INSERT INTO performance VALUES (6, 499, 134, 4, 230);
INSERT INTO Workout VALUES (135, 34, '2012-04-18', 4);
INSERT INTO does VALUES (135, 44, '2012-04-18');
INSERT INTO does VALUES (135, 79, '2012-04-18');
INSERT INTO does VALUES (135, 114, '2012-04-18');
INSERT INTO does VALUES (135, 149, '2012-04-18');
INSERT INTO does VALUES (135, 184, '2012-04-18');
INSERT INTO does VALUES (135, 219, '2012-04-18');
INSERT INTO does VALUES (135, 254, '2012-04-18');
INSERT INTO does VALUES (135, 289, '2012-04-18');
INSERT INTO does VALUES (135, 359, '2012-04-18');
INSERT INTO does VALUES (135, 429, '2012-04-18');
INSERT INTO does VALUES (135, 464, '2012-04-18');
INSERT INTO does VALUES (135, 499, '2012-04-18');
INSERT INTO consists_of VALUES (135, 1, 3, 3);
INSERT INTO performance VALUES (1, 44, 135, 3, 215);
INSERT INTO performance VALUES (1, 79, 135, 3, 175);
INSERT INTO performance VALUES (1, 114, 135, 3, 185);
INSERT INTO performance VALUES (1, 149, 135, 3, 175);
INSERT INTO performance VALUES (1, 184, 135, 3, 245);
INSERT INTO performance VALUES (1, 219, 135, 3, 165);
INSERT INTO performance VALUES (1, 289, 135, 3, 225);
INSERT INTO performance VALUES (1, 429, 135, 3, 245);
INSERT INTO performance VALUES (1, 464, 135, 3, 205);
INSERT INTO performance VALUES (1, 499, 135, 3, 165);
INSERT INTO consists_of VALUES (135, 8, 4, 10);
INSERT INTO performance VALUES (8, 44, 135, 10, 170);
INSERT INTO performance VALUES (8, 79, 135, 10, 210);
INSERT INTO performance VALUES (8, 114, 135, 10, 220);
INSERT INTO performance VALUES (8, 149, 135, 10, 140);
INSERT INTO performance VALUES (8, 184, 135, 10, 230);
INSERT INTO performance VALUES (8, 219, 135, 10, 130);
INSERT INTO performance VALUES (8, 289, 135, 10, 150);
INSERT INTO performance VALUES (8, 429, 135, 10, 180);
INSERT INTO performance VALUES (8, 464, 135, 10, 200);
INSERT INTO performance VALUES (8, 499, 135, 10, 180);
INSERT INTO consists_of VALUES (135, 17, 4, 7);
INSERT INTO performance VALUES (17, 44, 135, 7, 245);
INSERT INTO performance VALUES (17, 79, 135, 7, 155);
INSERT INTO performance VALUES (17, 114, 135, 7, 215);
INSERT INTO performance VALUES (17, 149, 135, 7, 205);
INSERT INTO performance VALUES (17, 184, 135, 7, 215);
INSERT INTO performance VALUES (17, 219, 135, 7, 175);
INSERT INTO performance VALUES (17, 289, 135, 7, 145);
INSERT INTO performance VALUES (17, 429, 135, 7, 195);
INSERT INTO performance VALUES (17, 464, 135, 7, 235);
INSERT INTO performance VALUES (17, 499, 135, 7, 145);
INSERT INTO consists_of VALUES (135, 4, 2, 6);
INSERT INTO performance VALUES (4, 44, 135, 6, 240);
INSERT INTO performance VALUES (4, 79, 135, 6, 230);
INSERT INTO performance VALUES (4, 114, 135, 6, 260);
INSERT INTO performance VALUES (4, 149, 135, 6, 150);
INSERT INTO performance VALUES (4, 184, 135, 6, 180);
INSERT INTO performance VALUES (4, 219, 135, 6, 190);
INSERT INTO performance VALUES (4, 289, 135, 6, 150);
INSERT INTO performance VALUES (4, 429, 135, 6, 220);
INSERT INTO performance VALUES (4, 464, 135, 6, 180);
INSERT INTO performance VALUES (4, 499, 135, 6, 230);
INSERT INTO consists_of VALUES (135, 19, 4, 8);
INSERT INTO performance VALUES (19, 44, 135, 8, 190);
INSERT INTO performance VALUES (19, 79, 135, 8, 160);
INSERT INTO performance VALUES (19, 114, 135, 8, 230);
INSERT INTO performance VALUES (19, 149, 135, 8, 160);
INSERT INTO performance VALUES (19, 184, 135, 8, 210);
INSERT INTO performance VALUES (19, 219, 135, 8, 180);
INSERT INTO performance VALUES (19, 289, 135, 8, 170);
INSERT INTO performance VALUES (19, 429, 135, 8, 200);
INSERT INTO performance VALUES (19, 464, 135, 8, 240);
INSERT INTO performance VALUES (19, 499, 135, 8, 220);
INSERT INTO Workout VALUES (136, 34, '2012-04-25', 4);
INSERT INTO does VALUES (136, 44, '2012-04-25');
INSERT INTO does VALUES (136, 79, '2012-04-25');
INSERT INTO does VALUES (136, 114, '2012-04-25');
INSERT INTO does VALUES (136, 149, '2012-04-25');
INSERT INTO does VALUES (136, 219, '2012-04-25');
INSERT INTO does VALUES (136, 254, '2012-04-25');
INSERT INTO does VALUES (136, 289, '2012-04-25');
INSERT INTO does VALUES (136, 324, '2012-04-25');
INSERT INTO does VALUES (136, 359, '2012-04-25');
INSERT INTO does VALUES (136, 394, '2012-04-25');
INSERT INTO does VALUES (136, 429, '2012-04-25');
INSERT INTO does VALUES (136, 464, '2012-04-25');
INSERT INTO does VALUES (136, 499, '2012-04-25');
INSERT INTO consists_of VALUES (136, 16, 4, 10);
INSERT INTO performance VALUES (16, 44, 136, 10, 190);
INSERT INTO performance VALUES (16, 79, 136, 10, 130);
INSERT INTO performance VALUES (16, 114, 136, 10, 220);
INSERT INTO performance VALUES (16, 149, 136, 10, 140);
INSERT INTO performance VALUES (16, 219, 136, 10, 130);
INSERT INTO performance VALUES (16, 289, 136, 10, 130);
INSERT INTO performance VALUES (16, 429, 136, 10, 190);
INSERT INTO performance VALUES (16, 464, 136, 10, 140);
INSERT INTO performance VALUES (16, 499, 136, 10, 140);
INSERT INTO consists_of VALUES (136, 17, 4, 10);
INSERT INTO performance VALUES (17, 44, 136, 10, 200);
INSERT INTO performance VALUES (17, 79, 136, 10, 150);
INSERT INTO performance VALUES (17, 114, 136, 10, 190);
INSERT INTO performance VALUES (17, 149, 136, 10, 180);
INSERT INTO performance VALUES (17, 219, 136, 10, 140);
INSERT INTO performance VALUES (17, 289, 136, 10, 160);
INSERT INTO performance VALUES (17, 429, 136, 10, 140);
INSERT INTO performance VALUES (17, 464, 136, 10, 230);
INSERT INTO performance VALUES (17, 499, 136, 10, 190);
INSERT INTO consists_of VALUES (136, 7, 3, 8);
INSERT INTO performance VALUES (7, 44, 136, 8, 170);
INSERT INTO performance VALUES (7, 79, 136, 8, 140);
INSERT INTO performance VALUES (7, 114, 136, 8, 140);
INSERT INTO performance VALUES (7, 149, 136, 8, 150);
INSERT INTO performance VALUES (7, 219, 136, 8, 220);
INSERT INTO performance VALUES (7, 289, 136, 8, 170);
INSERT INTO performance VALUES (7, 429, 136, 8, 220);
INSERT INTO performance VALUES (7, 464, 136, 8, 200);
INSERT INTO performance VALUES (7, 499, 136, 8, 180);
INSERT INTO consists_of VALUES (136, 8, 3, 9);
INSERT INTO performance VALUES (8, 44, 136, 9, 225);
INSERT INTO performance VALUES (8, 79, 136, 9, 165);
INSERT INTO performance VALUES (8, 114, 136, 9, 195);
INSERT INTO performance VALUES (8, 149, 136, 9, 175);
INSERT INTO performance VALUES (8, 219, 136, 9, 215);
INSERT INTO performance VALUES (8, 289, 136, 9, 205);
INSERT INTO performance VALUES (8, 429, 136, 9, 195);
INSERT INTO performance VALUES (8, 464, 136, 9, 155);
INSERT INTO performance VALUES (8, 499, 136, 9, 165);
INSERT INTO consists_of VALUES (136, 21, 2, 9);
INSERT INTO performance VALUES (21, 44, 136, 9, 215);
INSERT INTO performance VALUES (21, 79, 136, 9, 185);
INSERT INTO performance VALUES (21, 114, 136, 9, 135);
INSERT INTO performance VALUES (21, 149, 136, 9, 215);
INSERT INTO performance VALUES (21, 219, 136, 9, 205);
INSERT INTO performance VALUES (21, 289, 136, 9, 215);
INSERT INTO performance VALUES (21, 429, 136, 9, 165);
INSERT INTO performance VALUES (21, 464, 136, 9, 225);
INSERT INTO performance VALUES (21, 499, 136, 9, 195);
INSERT INTO Workout VALUES (137, 35, '2012-05-04', 5);
INSERT INTO does VALUES (137, 45, '2012-05-04');
INSERT INTO does VALUES (137, 80, '2012-05-04');
INSERT INTO does VALUES (137, 150, '2012-05-04');
INSERT INTO does VALUES (137, 185, '2012-05-04');
INSERT INTO does VALUES (137, 220, '2012-05-04');
INSERT INTO does VALUES (137, 255, '2012-05-04');
INSERT INTO does VALUES (137, 290, '2012-05-04');
INSERT INTO does VALUES (137, 325, '2012-05-04');
INSERT INTO does VALUES (137, 360, '2012-05-04');
INSERT INTO does VALUES (137, 395, '2012-05-04');
INSERT INTO does VALUES (137, 430, '2012-05-04');
INSERT INTO does VALUES (137, 465, '2012-05-04');
INSERT INTO does VALUES (137, 500, '2012-05-04');
INSERT INTO consists_of VALUES (137, 19, 3, 7);
INSERT INTO performance VALUES (19, 45, 137, 7, 205);
INSERT INTO performance VALUES (19, 80, 137, 7, 215);
INSERT INTO performance VALUES (19, 150, 137, 7, 235);
INSERT INTO performance VALUES (19, 185, 137, 7, 165);
INSERT INTO performance VALUES (19, 220, 137, 7, 195);
INSERT INTO performance VALUES (19, 255, 137, 7, 225);
INSERT INTO performance VALUES (19, 290, 137, 7, 165);
INSERT INTO performance VALUES (19, 325, 137, 7, 155);
INSERT INTO performance VALUES (19, 360, 137, 7, 215);
INSERT INTO performance VALUES (19, 395, 137, 7, 225);
INSERT INTO performance VALUES (19, 430, 137, 7, 175);
INSERT INTO performance VALUES (19, 465, 137, 7, 145);
INSERT INTO performance VALUES (19, 500, 137, 7, 235);
INSERT INTO consists_of VALUES (137, 10, 2, 7);
INSERT INTO performance VALUES (10, 45, 137, 7, 245);
INSERT INTO performance VALUES (10, 80, 137, 7, 175);
INSERT INTO performance VALUES (10, 150, 137, 7, 225);
INSERT INTO performance VALUES (10, 185, 137, 7, 225);
INSERT INTO performance VALUES (10, 220, 137, 7, 225);
INSERT INTO performance VALUES (10, 255, 137, 7, 185);
INSERT INTO performance VALUES (10, 290, 137, 7, 145);
INSERT INTO performance VALUES (10, 325, 137, 7, 185);
INSERT INTO performance VALUES (10, 360, 137, 7, 215);
INSERT INTO performance VALUES (10, 395, 137, 7, 245);
INSERT INTO performance VALUES (10, 430, 137, 7, 155);
INSERT INTO performance VALUES (10, 465, 137, 7, 255);
INSERT INTO performance VALUES (10, 500, 137, 7, 165);
INSERT INTO consists_of VALUES (137, 11, 3, 5);
INSERT INTO performance VALUES (11, 45, 137, 5, 255);
INSERT INTO performance VALUES (11, 80, 137, 5, 235);
INSERT INTO performance VALUES (11, 150, 137, 5, 235);
INSERT INTO performance VALUES (11, 185, 137, 5, 255);
INSERT INTO performance VALUES (11, 220, 137, 5, 225);
INSERT INTO performance VALUES (11, 255, 137, 5, 235);
INSERT INTO performance VALUES (11, 290, 137, 5, 175);
INSERT INTO performance VALUES (11, 325, 137, 5, 175);
INSERT INTO performance VALUES (11, 360, 137, 5, 155);
INSERT INTO performance VALUES (11, 395, 137, 5, 215);
INSERT INTO performance VALUES (11, 430, 137, 5, 165);
INSERT INTO performance VALUES (11, 465, 137, 5, 245);
INSERT INTO performance VALUES (11, 500, 137, 5, 195);
INSERT INTO consists_of VALUES (137, 4, 4, 3);
INSERT INTO performance VALUES (4, 45, 137, 3, 165);
INSERT INTO performance VALUES (4, 80, 137, 3, 215);
INSERT INTO performance VALUES (4, 150, 137, 3, 175);
INSERT INTO performance VALUES (4, 185, 137, 3, 225);
INSERT INTO performance VALUES (4, 220, 137, 3, 255);
INSERT INTO performance VALUES (4, 255, 137, 3, 225);
INSERT INTO performance VALUES (4, 290, 137, 3, 195);
INSERT INTO performance VALUES (4, 325, 137, 3, 165);
INSERT INTO performance VALUES (4, 360, 137, 3, 205);
INSERT INTO performance VALUES (4, 395, 137, 3, 245);
INSERT INTO performance VALUES (4, 430, 137, 3, 195);
INSERT INTO performance VALUES (4, 465, 137, 3, 215);
INSERT INTO performance VALUES (4, 500, 137, 3, 175);
INSERT INTO consists_of VALUES (137, 21, 4, 3);
INSERT INTO performance VALUES (21, 45, 137, 3, 235);
INSERT INTO performance VALUES (21, 80, 137, 3, 245);
INSERT INTO performance VALUES (21, 150, 137, 3, 255);
INSERT INTO performance VALUES (21, 185, 137, 3, 255);
INSERT INTO performance VALUES (21, 220, 137, 3, 215);
INSERT INTO performance VALUES (21, 255, 137, 3, 215);
INSERT INTO performance VALUES (21, 290, 137, 3, 175);
INSERT INTO performance VALUES (21, 325, 137, 3, 225);
INSERT INTO performance VALUES (21, 360, 137, 3, 255);
INSERT INTO performance VALUES (21, 395, 137, 3, 235);
INSERT INTO performance VALUES (21, 430, 137, 3, 195);
INSERT INTO performance VALUES (21, 465, 137, 3, 205);
INSERT INTO performance VALUES (21, 500, 137, 3, 225);
INSERT INTO Workout VALUES (138, 35, '2012-05-11', 5);
INSERT INTO does VALUES (138, 45, '2012-05-11');
INSERT INTO does VALUES (138, 80, '2012-05-11');
INSERT INTO does VALUES (138, 115, '2012-05-11');
INSERT INTO does VALUES (138, 150, '2012-05-11');
INSERT INTO does VALUES (138, 185, '2012-05-11');
INSERT INTO does VALUES (138, 220, '2012-05-11');
INSERT INTO does VALUES (138, 255, '2012-05-11');
INSERT INTO does VALUES (138, 290, '2012-05-11');
INSERT INTO does VALUES (138, 325, '2012-05-11');
INSERT INTO does VALUES (138, 360, '2012-05-11');
INSERT INTO does VALUES (138, 395, '2012-05-11');
INSERT INTO does VALUES (138, 430, '2012-05-11');
INSERT INTO does VALUES (138, 465, '2012-05-11');
INSERT INTO does VALUES (138, 500, '2012-05-11');
INSERT INTO consists_of VALUES (138, 5, 2, 7);
INSERT INTO performance VALUES (5, 45, 138, 7, 255);
INSERT INTO performance VALUES (5, 80, 138, 7, 145);
INSERT INTO performance VALUES (5, 150, 138, 7, 175);
INSERT INTO performance VALUES (5, 185, 138, 7, 185);
INSERT INTO performance VALUES (5, 220, 138, 7, 195);
INSERT INTO performance VALUES (5, 255, 138, 7, 255);
INSERT INTO performance VALUES (5, 290, 138, 7, 225);
INSERT INTO performance VALUES (5, 325, 138, 7, 145);
INSERT INTO performance VALUES (5, 360, 138, 7, 155);
INSERT INTO performance VALUES (5, 395, 138, 7, 215);
INSERT INTO performance VALUES (5, 430, 138, 7, 165);
INSERT INTO performance VALUES (5, 465, 138, 7, 235);
INSERT INTO performance VALUES (5, 500, 138, 7, 205);
INSERT INTO consists_of VALUES (138, 4, 2, 4);
INSERT INTO performance VALUES (4, 45, 138, 4, 160);
INSERT INTO performance VALUES (4, 80, 138, 4, 220);
INSERT INTO performance VALUES (4, 150, 138, 4, 250);
INSERT INTO performance VALUES (4, 185, 138, 4, 170);
INSERT INTO performance VALUES (4, 220, 138, 4, 180);
INSERT INTO performance VALUES (4, 255, 138, 4, 250);
INSERT INTO performance VALUES (4, 290, 138, 4, 230);
INSERT INTO performance VALUES (4, 325, 138, 4, 170);
INSERT INTO performance VALUES (4, 360, 138, 4, 240);
INSERT INTO performance VALUES (4, 395, 138, 4, 230);
INSERT INTO performance VALUES (4, 430, 138, 4, 190);
INSERT INTO performance VALUES (4, 465, 138, 4, 160);
INSERT INTO performance VALUES (4, 500, 138, 4, 250);
INSERT INTO consists_of VALUES (138, 20, 2, 7);
INSERT INTO performance VALUES (20, 45, 138, 7, 225);
INSERT INTO performance VALUES (20, 80, 138, 7, 155);
INSERT INTO performance VALUES (20, 150, 138, 7, 145);
INSERT INTO performance VALUES (20, 185, 138, 7, 165);
INSERT INTO performance VALUES (20, 220, 138, 7, 195);
INSERT INTO performance VALUES (20, 255, 138, 7, 145);
INSERT INTO performance VALUES (20, 290, 138, 7, 225);
INSERT INTO performance VALUES (20, 325, 138, 7, 235);
INSERT INTO performance VALUES (20, 360, 138, 7, 165);
INSERT INTO performance VALUES (20, 395, 138, 7, 235);
INSERT INTO performance VALUES (20, 430, 138, 7, 225);
INSERT INTO performance VALUES (20, 465, 138, 7, 215);
INSERT INTO performance VALUES (20, 500, 138, 7, 155);
INSERT INTO consists_of VALUES (138, 17, 2, 3);
INSERT INTO performance VALUES (17, 45, 138, 3, 195);
INSERT INTO performance VALUES (17, 80, 138, 3, 255);
INSERT INTO performance VALUES (17, 150, 138, 3, 225);
INSERT INTO performance VALUES (17, 185, 138, 3, 275);
INSERT INTO performance VALUES (17, 220, 138, 3, 185);
INSERT INTO performance VALUES (17, 255, 138, 3, 255);
INSERT INTO performance VALUES (17, 290, 138, 3, 225);
INSERT INTO performance VALUES (17, 325, 138, 3, 205);
INSERT INTO performance VALUES (17, 360, 138, 3, 165);
INSERT INTO performance VALUES (17, 395, 138, 3, 235);
INSERT INTO performance VALUES (17, 430, 138, 3, 225);
INSERT INTO performance VALUES (17, 465, 138, 3, 205);
INSERT INTO performance VALUES (17, 500, 138, 3, 255);
INSERT INTO consists_of VALUES (138, 3, 3, 7);
INSERT INTO performance VALUES (3, 45, 138, 7, 145);
INSERT INTO performance VALUES (3, 80, 138, 7, 205);
INSERT INTO performance VALUES (3, 150, 138, 7, 145);
INSERT INTO performance VALUES (3, 185, 138, 7, 175);
INSERT INTO performance VALUES (3, 220, 138, 7, 145);
INSERT INTO performance VALUES (3, 255, 138, 7, 255);
INSERT INTO performance VALUES (3, 290, 138, 7, 215);
INSERT INTO performance VALUES (3, 325, 138, 7, 245);
INSERT INTO performance VALUES (3, 360, 138, 7, 155);
INSERT INTO performance VALUES (3, 395, 138, 7, 165);
INSERT INTO performance VALUES (3, 430, 138, 7, 185);
INSERT INTO performance VALUES (3, 465, 138, 7, 185);
INSERT INTO performance VALUES (3, 500, 138, 7, 215);
INSERT INTO Workout VALUES (139, 35, '2012-05-18', 5);
INSERT INTO does VALUES (139, 45, '2012-05-18');
INSERT INTO does VALUES (139, 80, '2012-05-18');
INSERT INTO does VALUES (139, 115, '2012-05-18');
INSERT INTO does VALUES (139, 150, '2012-05-18');
INSERT INTO does VALUES (139, 185, '2012-05-18');
INSERT INTO does VALUES (139, 220, '2012-05-18');
INSERT INTO does VALUES (139, 255, '2012-05-18');
INSERT INTO does VALUES (139, 290, '2012-05-18');
INSERT INTO does VALUES (139, 325, '2012-05-18');
INSERT INTO does VALUES (139, 360, '2012-05-18');
INSERT INTO does VALUES (139, 395, '2012-05-18');
INSERT INTO does VALUES (139, 430, '2012-05-18');
INSERT INTO does VALUES (139, 465, '2012-05-18');
INSERT INTO does VALUES (139, 500, '2012-05-18');
INSERT INTO consists_of VALUES (139, 2, 2, 4);
INSERT INTO performance VALUES (2, 45, 139, 4, 220);
INSERT INTO performance VALUES (2, 80, 139, 4, 160);
INSERT INTO performance VALUES (2, 150, 139, 4, 220);
INSERT INTO performance VALUES (2, 185, 139, 4, 230);
INSERT INTO performance VALUES (2, 220, 139, 4, 230);
INSERT INTO performance VALUES (2, 255, 139, 4, 270);
INSERT INTO performance VALUES (2, 290, 139, 4, 230);
INSERT INTO performance VALUES (2, 325, 139, 4, 170);
INSERT INTO performance VALUES (2, 360, 139, 4, 200);
INSERT INTO performance VALUES (2, 395, 139, 4, 170);
INSERT INTO performance VALUES (2, 430, 139, 4, 240);
INSERT INTO performance VALUES (2, 465, 139, 4, 240);
INSERT INTO performance VALUES (2, 500, 139, 4, 200);
INSERT INTO consists_of VALUES (139, 6, 2, 4);
INSERT INTO performance VALUES (6, 45, 139, 4, 260);
INSERT INTO performance VALUES (6, 80, 139, 4, 250);
INSERT INTO performance VALUES (6, 150, 139, 4, 240);
INSERT INTO performance VALUES (6, 185, 139, 4, 200);
INSERT INTO performance VALUES (6, 220, 139, 4, 170);
INSERT INTO performance VALUES (6, 255, 139, 4, 160);
INSERT INTO performance VALUES (6, 290, 139, 4, 210);
INSERT INTO performance VALUES (6, 325, 139, 4, 250);
INSERT INTO performance VALUES (6, 360, 139, 4, 210);
INSERT INTO performance VALUES (6, 395, 139, 4, 260);
INSERT INTO performance VALUES (6, 430, 139, 4, 160);
INSERT INTO performance VALUES (6, 465, 139, 4, 170);
INSERT INTO performance VALUES (6, 500, 139, 4, 170);
INSERT INTO consists_of VALUES (139, 14, 4, 4);
INSERT INTO performance VALUES (14, 45, 139, 4, 210);
INSERT INTO performance VALUES (14, 80, 139, 4, 160);
INSERT INTO performance VALUES (14, 150, 139, 4, 210);
INSERT INTO performance VALUES (14, 185, 139, 4, 210);
INSERT INTO performance VALUES (14, 220, 139, 4, 200);
INSERT INTO performance VALUES (14, 255, 139, 4, 200);
INSERT INTO performance VALUES (14, 290, 139, 4, 240);
INSERT INTO performance VALUES (14, 325, 139, 4, 190);
INSERT INTO performance VALUES (14, 360, 139, 4, 180);
INSERT INTO performance VALUES (14, 395, 139, 4, 190);
INSERT INTO performance VALUES (14, 430, 139, 4, 160);
INSERT INTO performance VALUES (14, 465, 139, 4, 220);
INSERT INTO performance VALUES (14, 500, 139, 4, 250);
INSERT INTO consists_of VALUES (139, 3, 3, 3);
INSERT INTO performance VALUES (3, 45, 139, 3, 235);
INSERT INTO performance VALUES (3, 80, 139, 3, 205);
INSERT INTO performance VALUES (3, 150, 139, 3, 185);
INSERT INTO performance VALUES (3, 185, 139, 3, 255);
INSERT INTO performance VALUES (3, 220, 139, 3, 195);
INSERT INTO performance VALUES (3, 255, 139, 3, 205);
INSERT INTO performance VALUES (3, 290, 139, 3, 215);
INSERT INTO performance VALUES (3, 325, 139, 3, 225);
INSERT INTO performance VALUES (3, 360, 139, 3, 255);
INSERT INTO performance VALUES (3, 395, 139, 3, 255);
INSERT INTO performance VALUES (3, 430, 139, 3, 235);
INSERT INTO performance VALUES (3, 465, 139, 3, 275);
INSERT INTO performance VALUES (3, 500, 139, 3, 195);
INSERT INTO consists_of VALUES (139, 17, 4, 10);
INSERT INTO performance VALUES (17, 45, 139, 10, 200);
INSERT INTO performance VALUES (17, 80, 139, 10, 130);
INSERT INTO performance VALUES (17, 150, 139, 10, 130);
INSERT INTO performance VALUES (17, 185, 139, 10, 210);
INSERT INTO performance VALUES (17, 220, 139, 10, 180);
INSERT INTO performance VALUES (17, 255, 139, 10, 180);
INSERT INTO performance VALUES (17, 290, 139, 10, 200);
INSERT INTO performance VALUES (17, 325, 139, 10, 180);
INSERT INTO performance VALUES (17, 360, 139, 10, 170);
INSERT INTO performance VALUES (17, 395, 139, 10, 210);
INSERT INTO performance VALUES (17, 430, 139, 10, 150);
INSERT INTO performance VALUES (17, 465, 139, 10, 160);
INSERT INTO performance VALUES (17, 500, 139, 10, 150);
INSERT INTO Workout VALUES (140, 35, '2012-05-25', 5);
INSERT INTO does VALUES (140, 45, '2012-05-25');
INSERT INTO does VALUES (140, 80, '2012-05-25');
INSERT INTO does VALUES (140, 115, '2012-05-25');
INSERT INTO does VALUES (140, 150, '2012-05-25');
INSERT INTO does VALUES (140, 185, '2012-05-25');
INSERT INTO does VALUES (140, 220, '2012-05-25');
INSERT INTO does VALUES (140, 255, '2012-05-25');
INSERT INTO does VALUES (140, 290, '2012-05-25');
INSERT INTO does VALUES (140, 325, '2012-05-25');
INSERT INTO does VALUES (140, 360, '2012-05-25');
INSERT INTO does VALUES (140, 395, '2012-05-25');
INSERT INTO does VALUES (140, 430, '2012-05-25');
INSERT INTO does VALUES (140, 465, '2012-05-25');
INSERT INTO does VALUES (140, 500, '2012-05-25');
INSERT INTO consists_of VALUES (140, 6, 3, 3);
INSERT INTO performance VALUES (6, 45, 140, 3, 235);
INSERT INTO performance VALUES (6, 80, 140, 3, 235);
INSERT INTO performance VALUES (6, 150, 140, 3, 175);
INSERT INTO performance VALUES (6, 185, 140, 3, 235);
INSERT INTO performance VALUES (6, 220, 140, 3, 235);
INSERT INTO performance VALUES (6, 255, 140, 3, 175);
INSERT INTO performance VALUES (6, 290, 140, 3, 225);
INSERT INTO performance VALUES (6, 325, 140, 3, 185);
INSERT INTO performance VALUES (6, 360, 140, 3, 205);
INSERT INTO performance VALUES (6, 395, 140, 3, 245);
INSERT INTO performance VALUES (6, 430, 140, 3, 215);
INSERT INTO performance VALUES (6, 465, 140, 3, 235);
INSERT INTO performance VALUES (6, 500, 140, 3, 195);
INSERT INTO consists_of VALUES (140, 18, 2, 4);
INSERT INTO performance VALUES (18, 45, 140, 4, 200);
INSERT INTO performance VALUES (18, 80, 140, 4, 160);
INSERT INTO performance VALUES (18, 150, 140, 4, 200);
INSERT INTO performance VALUES (18, 185, 140, 4, 220);
INSERT INTO performance VALUES (18, 220, 140, 4, 170);
INSERT INTO performance VALUES (18, 255, 140, 4, 240);
INSERT INTO performance VALUES (18, 290, 140, 4, 170);
INSERT INTO performance VALUES (18, 325, 140, 4, 220);
INSERT INTO performance VALUES (18, 360, 140, 4, 190);
INSERT INTO performance VALUES (18, 395, 140, 4, 230);
INSERT INTO performance VALUES (18, 430, 140, 4, 200);
INSERT INTO performance VALUES (18, 465, 140, 4, 220);
INSERT INTO performance VALUES (18, 500, 140, 4, 200);
INSERT INTO consists_of VALUES (140, 19, 4, 9);
INSERT INTO performance VALUES (19, 45, 140, 9, 235);
INSERT INTO performance VALUES (19, 80, 140, 9, 185);
INSERT INTO performance VALUES (19, 150, 140, 9, 135);
INSERT INTO performance VALUES (19, 185, 140, 9, 165);
INSERT INTO performance VALUES (19, 220, 140, 9, 175);
INSERT INTO performance VALUES (19, 255, 140, 9, 235);
INSERT INTO performance VALUES (19, 290, 140, 9, 155);
INSERT INTO performance VALUES (19, 325, 140, 9, 235);
INSERT INTO performance VALUES (19, 360, 140, 9, 165);
INSERT INTO performance VALUES (19, 395, 140, 9, 205);
INSERT INTO performance VALUES (19, 430, 140, 9, 185);
INSERT INTO performance VALUES (19, 465, 140, 9, 205);
INSERT INTO performance VALUES (19, 500, 140, 9, 165);
INSERT INTO consists_of VALUES (140, 3, 4, 7);
INSERT INTO performance VALUES (3, 45, 140, 7, 255);
INSERT INTO performance VALUES (3, 80, 140, 7, 145);
INSERT INTO performance VALUES (3, 150, 140, 7, 145);
INSERT INTO performance VALUES (3, 185, 140, 7, 155);
INSERT INTO performance VALUES (3, 220, 140, 7, 155);
INSERT INTO performance VALUES (3, 255, 140, 7, 255);
INSERT INTO performance VALUES (3, 290, 140, 7, 205);
INSERT INTO performance VALUES (3, 325, 140, 7, 175);
INSERT INTO performance VALUES (3, 360, 140, 7, 225);
INSERT INTO performance VALUES (3, 395, 140, 7, 205);
INSERT INTO performance VALUES (3, 430, 140, 7, 225);
INSERT INTO performance VALUES (3, 465, 140, 7, 245);
INSERT INTO performance VALUES (3, 500, 140, 7, 185);
INSERT INTO consists_of VALUES (140, 7, 2, 4);
INSERT INTO performance VALUES (7, 45, 140, 4, 240);
INSERT INTO performance VALUES (7, 80, 140, 4, 230);
INSERT INTO performance VALUES (7, 150, 140, 4, 170);
INSERT INTO performance VALUES (7, 185, 140, 4, 230);
INSERT INTO performance VALUES (7, 220, 140, 4, 160);
INSERT INTO performance VALUES (7, 255, 140, 4, 240);
INSERT INTO performance VALUES (7, 290, 140, 4, 250);
INSERT INTO performance VALUES (7, 325, 140, 4, 220);
INSERT INTO performance VALUES (7, 360, 140, 4, 200);
INSERT INTO performance VALUES (7, 395, 140, 4, 200);
INSERT INTO performance VALUES (7, 430, 140, 4, 210);
INSERT INTO performance VALUES (7, 465, 140, 4, 250);
INSERT INTO performance VALUES (7, 500, 140, 4, 210);
