INSERT INTO SportSeason VALUES ("Football", "Fall");
INSERT INTO Sport(name) VALUES ("Football");
INSERT INTO SportSeason VALUES ("Basketball", "Winter");
INSERT INTO Sport(name) VALUES ("Basketball");
INSERT INTO SportSeason VALUES ("Baseball", "Spring");
INSERT INTO Sport(name) VALUES ("Baseball");
INSERT INTO SportSeason VALUES ("Soccer", "Fall");
INSERT INTO Sport(name) VALUES ("Soccer");
INSERT INTO SportSeason VALUES ("Water Polo", "Fall");
INSERT INTO Sport(name) VALUES ("Water Polo");
INSERT INTO SportSeason VALUES ("Track", "Spring");
INSERT INTO Sport(name) VALUES ("Track");
INSERT INTO SportSeason VALUES ("Cross Country", "Fall");
INSERT INTO Sport(name) VALUES ("Cross Country");
INSERT INTO SportSeason VALUES ("Swimming", "Winter");
INSERT INTO Sport(name) VALUES ("Swimming");
INSERT INTO SportSeason VALUES ("Rugby", "Spring");
INSERT INTO Sport(name) VALUES ("Rugby");
INSERT INTO SportSeason VALUES ("Tennis", "Summer");
INSERT INTO Sport(name) VALUES ("Tennis");
INSERT INTO member_of VALUES (11, 1, 1, "Forward");
INSERT INTO member_of VALUES (12, 2, 1, "Center");
INSERT INTO member_of VALUES (13, 3, 1, "Back");
INSERT INTO member_of VALUES (14, 4, 1, "Left");
INSERT INTO member_of VALUES (15, 5, 1, "Right");
INSERT INTO member_of VALUES (16, 6, 1, "Forward");
INSERT INTO member_of VALUES (17, 7, 1, "Center");
INSERT INTO member_of VALUES (18, 8, 1, "Back");
INSERT INTO member_of VALUES (19, 9, 1, "Left");
INSERT INTO member_of VALUES (20, 10, 1, "Right");
INSERT INTO member_of VALUES (21, 11, 1, "Forward");
INSERT INTO member_of VALUES (22, 12, 1, "Center");
INSERT INTO member_of VALUES (23, 13, 1, "Back");
INSERT INTO member_of VALUES (24, 14, 1, "Left");
INSERT INTO member_of VALUES (25, 15, 1, "Right");
INSERT INTO member_of VALUES (26, 16, 1, "Forward");
INSERT INTO member_of VALUES (27, 17, 1, "Center");
INSERT INTO member_of VALUES (28, 18, 1, "Back");
INSERT INTO member_of VALUES (29, 19, 1, "Left");
INSERT INTO member_of VALUES (30, 20, 1, "Right");
INSERT INTO member_of VALUES (31, 21, 1, "Forward");
INSERT INTO member_of VALUES (32, 22, 1, "Center");
INSERT INTO member_of VALUES (33, 23, 1, "Back");
INSERT INTO member_of VALUES (34, 24, 1, "Left");
INSERT INTO member_of VALUES (35, 25, 1, "Right");
INSERT INTO member_of VALUES (36, 26, 1, "Forward");
INSERT INTO member_of VALUES (37, 27, 1, "Center");
INSERT INTO member_of VALUES (38, 28, 1, "Back");
INSERT INTO member_of VALUES (39, 29, 1, "Left");
INSERT INTO member_of VALUES (40, 30, 1, "Right");
INSERT INTO member_of VALUES (41, 31, 1, "Forward");
INSERT INTO member_of VALUES (42, 32, 1, "Center");
INSERT INTO member_of VALUES (43, 33, 1, "Back");
INSERT INTO member_of VALUES (44, 34, 1, "Left");
INSERT INTO member_of VALUES (45, 35, 1, "Right");
INSERT INTO member_of VALUES (46, 1, 2, "Forward");
INSERT INTO member_of VALUES (47, 2, 2, "Center");
INSERT INTO member_of VALUES (48, 3, 2, "Back");
INSERT INTO member_of VALUES (49, 4, 2, "Left");
INSERT INTO member_of VALUES (50, 5, 2, "Right");
INSERT INTO member_of VALUES (51, 6, 2, "Forward");
INSERT INTO member_of VALUES (52, 7, 2, "Center");
INSERT INTO member_of VALUES (53, 8, 2, "Back");
INSERT INTO member_of VALUES (54, 9, 2, "Left");
INSERT INTO member_of VALUES (55, 10, 2, "Right");
INSERT INTO member_of VALUES (56, 11, 2, "Forward");
INSERT INTO member_of VALUES (57, 12, 2, "Center");
INSERT INTO member_of VALUES (58, 13, 2, "Back");
INSERT INTO member_of VALUES (59, 14, 2, "Left");
INSERT INTO member_of VALUES (60, 15, 2, "Right");
INSERT INTO member_of VALUES (61, 16, 2, "Forward");
INSERT INTO member_of VALUES (62, 17, 2, "Center");
INSERT INTO member_of VALUES (63, 18, 2, "Back");
INSERT INTO member_of VALUES (64, 19, 2, "Left");
INSERT INTO member_of VALUES (65, 20, 2, "Right");
INSERT INTO member_of VALUES (66, 21, 2, "Forward");
INSERT INTO member_of VALUES (67, 22, 2, "Center");
INSERT INTO member_of VALUES (68, 23, 2, "Back");
INSERT INTO member_of VALUES (69, 24, 2, "Left");
INSERT INTO member_of VALUES (70, 25, 2, "Right");
INSERT INTO member_of VALUES (71, 26, 2, "Forward");
INSERT INTO member_of VALUES (72, 27, 2, "Center");
INSERT INTO member_of VALUES (73, 28, 2, "Back");
INSERT INTO member_of VALUES (74, 29, 2, "Left");
INSERT INTO member_of VALUES (75, 30, 2, "Right");
INSERT INTO member_of VALUES (76, 31, 2, "Forward");
INSERT INTO member_of VALUES (77, 32, 2, "Center");
INSERT INTO member_of VALUES (78, 33, 2, "Back");
INSERT INTO member_of VALUES (79, 34, 2, "Left");
INSERT INTO member_of VALUES (80, 35, 2, "Right");
INSERT INTO member_of VALUES (81, 1, 3, "Forward");
INSERT INTO member_of VALUES (82, 2, 3, "Center");
INSERT INTO member_of VALUES (83, 3, 3, "Back");
INSERT INTO member_of VALUES (84, 4, 3, "Left");
INSERT INTO member_of VALUES (85, 5, 3, "Right");
INSERT INTO member_of VALUES (86, 6, 3, "Forward");
INSERT INTO member_of VALUES (87, 7, 3, "Center");
INSERT INTO member_of VALUES (88, 8, 3, "Back");
INSERT INTO member_of VALUES (89, 9, 3, "Left");
INSERT INTO member_of VALUES (90, 10, 3, "Right");
INSERT INTO member_of VALUES (91, 11, 3, "Forward");
INSERT INTO member_of VALUES (92, 12, 3, "Center");
INSERT INTO member_of VALUES (93, 13, 3, "Back");
INSERT INTO member_of VALUES (94, 14, 3, "Left");
INSERT INTO member_of VALUES (95, 15, 3, "Right");
INSERT INTO member_of VALUES (96, 16, 3, "Forward");
INSERT INTO member_of VALUES (97, 17, 3, "Center");
INSERT INTO member_of VALUES (98, 18, 3, "Back");
INSERT INTO member_of VALUES (99, 19, 3, "Left");
INSERT INTO member_of VALUES (100, 20, 3, "Right");
INSERT INTO member_of VALUES (101, 21, 3, "Forward");
INSERT INTO member_of VALUES (102, 22, 3, "Center");
INSERT INTO member_of VALUES (103, 23, 3, "Back");
INSERT INTO member_of VALUES (104, 24, 3, "Left");
INSERT INTO member_of VALUES (105, 25, 3, "Right");
INSERT INTO member_of VALUES (106, 26, 3, "Forward");
INSERT INTO member_of VALUES (107, 27, 3, "Center");
INSERT INTO member_of VALUES (108, 28, 3, "Back");
INSERT INTO member_of VALUES (109, 29, 3, "Left");
INSERT INTO member_of VALUES (110, 30, 3, "Right");
INSERT INTO member_of VALUES (111, 31, 3, "Forward");
INSERT INTO member_of VALUES (112, 32, 3, "Center");
INSERT INTO member_of VALUES (113, 33, 3, "Back");
INSERT INTO member_of VALUES (114, 34, 3, "Left");
INSERT INTO member_of VALUES (115, 35, 3, "Right");
INSERT INTO member_of VALUES (116, 1, 4, "Forward");
INSERT INTO member_of VALUES (117, 2, 4, "Center");
INSERT INTO member_of VALUES (118, 3, 4, "Back");
INSERT INTO member_of VALUES (119, 4, 4, "Left");
INSERT INTO member_of VALUES (120, 5, 4, "Right");
INSERT INTO member_of VALUES (121, 6, 4, "Forward");
INSERT INTO member_of VALUES (122, 7, 4, "Center");
INSERT INTO member_of VALUES (123, 8, 4, "Back");
INSERT INTO member_of VALUES (124, 9, 4, "Left");
INSERT INTO member_of VALUES (125, 10, 4, "Right");
INSERT INTO member_of VALUES (126, 11, 4, "Forward");
INSERT INTO member_of VALUES (127, 12, 4, "Center");
INSERT INTO member_of VALUES (128, 13, 4, "Back");
INSERT INTO member_of VALUES (129, 14, 4, "Left");
INSERT INTO member_of VALUES (130, 15, 4, "Right");
INSERT INTO member_of VALUES (131, 16, 4, "Forward");
INSERT INTO member_of VALUES (132, 17, 4, "Center");
INSERT INTO member_of VALUES (133, 18, 4, "Back");
INSERT INTO member_of VALUES (134, 19, 4, "Left");
INSERT INTO member_of VALUES (135, 20, 4, "Right");
INSERT INTO member_of VALUES (136, 21, 4, "Forward");
INSERT INTO member_of VALUES (137, 22, 4, "Center");
INSERT INTO member_of VALUES (138, 23, 4, "Back");
INSERT INTO member_of VALUES (139, 24, 4, "Left");
INSERT INTO member_of VALUES (140, 25, 4, "Right");
INSERT INTO member_of VALUES (141, 26, 4, "Forward");
INSERT INTO member_of VALUES (142, 27, 4, "Center");
INSERT INTO member_of VALUES (143, 28, 4, "Back");
INSERT INTO member_of VALUES (144, 29, 4, "Left");
INSERT INTO member_of VALUES (145, 30, 4, "Right");
INSERT INTO member_of VALUES (146, 31, 4, "Forward");
INSERT INTO member_of VALUES (147, 32, 4, "Center");
INSERT INTO member_of VALUES (148, 33, 4, "Back");
INSERT INTO member_of VALUES (149, 34, 4, "Left");
INSERT INTO member_of VALUES (150, 35, 4, "Right");
INSERT INTO member_of VALUES (151, 1, 5, "Forward");
INSERT INTO member_of VALUES (152, 2, 5, "Center");
INSERT INTO member_of VALUES (153, 3, 5, "Back");
INSERT INTO member_of VALUES (154, 4, 5, "Left");
INSERT INTO member_of VALUES (155, 5, 5, "Right");
INSERT INTO member_of VALUES (156, 6, 5, "Forward");
INSERT INTO member_of VALUES (157, 7, 5, "Center");
INSERT INTO member_of VALUES (158, 8, 5, "Back");
INSERT INTO member_of VALUES (159, 9, 5, "Left");
INSERT INTO member_of VALUES (160, 10, 5, "Right");
INSERT INTO member_of VALUES (161, 11, 5, "Forward");
INSERT INTO member_of VALUES (162, 12, 5, "Center");
INSERT INTO member_of VALUES (163, 13, 5, "Back");
INSERT INTO member_of VALUES (164, 14, 5, "Left");
INSERT INTO member_of VALUES (165, 15, 5, "Right");
INSERT INTO member_of VALUES (166, 16, 5, "Forward");
INSERT INTO member_of VALUES (167, 17, 5, "Center");
INSERT INTO member_of VALUES (168, 18, 5, "Back");
INSERT INTO member_of VALUES (169, 19, 5, "Left");
INSERT INTO member_of VALUES (170, 20, 5, "Right");
INSERT INTO member_of VALUES (171, 21, 5, "Forward");
INSERT INTO member_of VALUES (172, 22, 5, "Center");
INSERT INTO member_of VALUES (173, 23, 5, "Back");
INSERT INTO member_of VALUES (174, 24, 5, "Left");
INSERT INTO member_of VALUES (175, 25, 5, "Right");
INSERT INTO member_of VALUES (176, 26, 5, "Forward");
INSERT INTO member_of VALUES (177, 27, 5, "Center");
INSERT INTO member_of VALUES (178, 28, 5, "Back");
INSERT INTO member_of VALUES (179, 29, 5, "Left");
INSERT INTO member_of VALUES (180, 30, 5, "Right");
INSERT INTO member_of VALUES (181, 31, 5, "Forward");
INSERT INTO member_of VALUES (182, 32, 5, "Center");
INSERT INTO member_of VALUES (183, 33, 5, "Back");
INSERT INTO member_of VALUES (184, 34, 5, "Left");
INSERT INTO member_of VALUES (185, 35, 5, "Right");
INSERT INTO member_of VALUES (186, 1, 6, "Forward");
INSERT INTO member_of VALUES (187, 2, 6, "Center");
INSERT INTO member_of VALUES (188, 3, 6, "Back");
INSERT INTO member_of VALUES (189, 4, 6, "Left");
INSERT INTO member_of VALUES (190, 5, 6, "Right");
INSERT INTO member_of VALUES (191, 6, 6, "Forward");
INSERT INTO member_of VALUES (192, 7, 6, "Center");
INSERT INTO member_of VALUES (193, 8, 6, "Back");
INSERT INTO member_of VALUES (194, 9, 6, "Left");
INSERT INTO member_of VALUES (195, 10, 6, "Right");
INSERT INTO member_of VALUES (196, 11, 6, "Forward");
INSERT INTO member_of VALUES (197, 12, 6, "Center");
INSERT INTO member_of VALUES (198, 13, 6, "Back");
INSERT INTO member_of VALUES (199, 14, 6, "Left");
INSERT INTO member_of VALUES (200, 15, 6, "Right");
INSERT INTO member_of VALUES (201, 16, 6, "Forward");
INSERT INTO member_of VALUES (202, 17, 6, "Center");
INSERT INTO member_of VALUES (203, 18, 6, "Back");
INSERT INTO member_of VALUES (204, 19, 6, "Left");
INSERT INTO member_of VALUES (205, 20, 6, "Right");
INSERT INTO member_of VALUES (206, 21, 6, "Forward");
INSERT INTO member_of VALUES (207, 22, 6, "Center");
INSERT INTO member_of VALUES (208, 23, 6, "Back");
INSERT INTO member_of VALUES (209, 24, 6, "Left");
INSERT INTO member_of VALUES (210, 25, 6, "Right");
INSERT INTO member_of VALUES (211, 26, 6, "Forward");
INSERT INTO member_of VALUES (212, 27, 6, "Center");
INSERT INTO member_of VALUES (213, 28, 6, "Back");
INSERT INTO member_of VALUES (214, 29, 6, "Left");
INSERT INTO member_of VALUES (215, 30, 6, "Right");
INSERT INTO member_of VALUES (216, 31, 6, "Forward");
INSERT INTO member_of VALUES (217, 32, 6, "Center");
INSERT INTO member_of VALUES (218, 33, 6, "Back");
INSERT INTO member_of VALUES (219, 34, 6, "Left");
INSERT INTO member_of VALUES (220, 35, 6, "Right");
INSERT INTO member_of VALUES (221, 1, 7, "Forward");
INSERT INTO member_of VALUES (222, 2, 7, "Center");
INSERT INTO member_of VALUES (223, 3, 7, "Back");
INSERT INTO member_of VALUES (224, 4, 7, "Left");
INSERT INTO member_of VALUES (225, 5, 7, "Right");
INSERT INTO member_of VALUES (226, 6, 7, "Forward");
INSERT INTO member_of VALUES (227, 7, 7, "Center");
INSERT INTO member_of VALUES (228, 8, 7, "Back");
INSERT INTO member_of VALUES (229, 9, 7, "Left");
INSERT INTO member_of VALUES (230, 10, 7, "Right");
INSERT INTO member_of VALUES (231, 11, 7, "Forward");
INSERT INTO member_of VALUES (232, 12, 7, "Center");
INSERT INTO member_of VALUES (233, 13, 7, "Back");
INSERT INTO member_of VALUES (234, 14, 7, "Left");
INSERT INTO member_of VALUES (235, 15, 7, "Right");
INSERT INTO member_of VALUES (236, 16, 7, "Forward");
INSERT INTO member_of VALUES (237, 17, 7, "Center");
INSERT INTO member_of VALUES (238, 18, 7, "Back");
INSERT INTO member_of VALUES (239, 19, 7, "Left");
INSERT INTO member_of VALUES (240, 20, 7, "Right");
INSERT INTO member_of VALUES (241, 21, 7, "Forward");
INSERT INTO member_of VALUES (242, 22, 7, "Center");
INSERT INTO member_of VALUES (243, 23, 7, "Back");
INSERT INTO member_of VALUES (244, 24, 7, "Left");
INSERT INTO member_of VALUES (245, 25, 7, "Right");
INSERT INTO member_of VALUES (246, 26, 7, "Forward");
INSERT INTO member_of VALUES (247, 27, 7, "Center");
INSERT INTO member_of VALUES (248, 28, 7, "Back");
INSERT INTO member_of VALUES (249, 29, 7, "Left");
INSERT INTO member_of VALUES (250, 30, 7, "Right");
INSERT INTO member_of VALUES (251, 31, 7, "Forward");
INSERT INTO member_of VALUES (252, 32, 7, "Center");
INSERT INTO member_of VALUES (253, 33, 7, "Back");
INSERT INTO member_of VALUES (254, 34, 7, "Left");
INSERT INTO member_of VALUES (255, 35, 7, "Right");
INSERT INTO member_of VALUES (256, 1, 8, "Forward");
INSERT INTO member_of VALUES (257, 2, 8, "Center");
INSERT INTO member_of VALUES (258, 3, 8, "Back");
INSERT INTO member_of VALUES (259, 4, 8, "Left");
INSERT INTO member_of VALUES (260, 5, 8, "Right");
INSERT INTO member_of VALUES (261, 6, 8, "Forward");
INSERT INTO member_of VALUES (262, 7, 8, "Center");
INSERT INTO member_of VALUES (263, 8, 8, "Back");
INSERT INTO member_of VALUES (264, 9, 8, "Left");
INSERT INTO member_of VALUES (265, 10, 8, "Right");
INSERT INTO member_of VALUES (266, 11, 8, "Forward");
INSERT INTO member_of VALUES (267, 12, 8, "Center");
INSERT INTO member_of VALUES (268, 13, 8, "Back");
INSERT INTO member_of VALUES (269, 14, 8, "Left");
INSERT INTO member_of VALUES (270, 15, 8, "Right");
INSERT INTO member_of VALUES (271, 16, 8, "Forward");
INSERT INTO member_of VALUES (272, 17, 8, "Center");
INSERT INTO member_of VALUES (273, 18, 8, "Back");
INSERT INTO member_of VALUES (274, 19, 8, "Left");
INSERT INTO member_of VALUES (275, 20, 8, "Right");
INSERT INTO member_of VALUES (276, 21, 8, "Forward");
INSERT INTO member_of VALUES (277, 22, 8, "Center");
INSERT INTO member_of VALUES (278, 23, 8, "Back");
INSERT INTO member_of VALUES (279, 24, 8, "Left");
INSERT INTO member_of VALUES (280, 25, 8, "Right");
INSERT INTO member_of VALUES (281, 26, 8, "Forward");
INSERT INTO member_of VALUES (282, 27, 8, "Center");
INSERT INTO member_of VALUES (283, 28, 8, "Back");
INSERT INTO member_of VALUES (284, 29, 8, "Left");
INSERT INTO member_of VALUES (285, 30, 8, "Right");
INSERT INTO member_of VALUES (286, 31, 8, "Forward");
INSERT INTO member_of VALUES (287, 32, 8, "Center");
INSERT INTO member_of VALUES (288, 33, 8, "Back");
INSERT INTO member_of VALUES (289, 34, 8, "Left");
INSERT INTO member_of VALUES (290, 35, 8, "Right");
INSERT INTO member_of VALUES (291, 1, 9, "Forward");
INSERT INTO member_of VALUES (292, 2, 9, "Center");
INSERT INTO member_of VALUES (293, 3, 9, "Back");
INSERT INTO member_of VALUES (294, 4, 9, "Left");
INSERT INTO member_of VALUES (295, 5, 9, "Right");
INSERT INTO member_of VALUES (296, 6, 9, "Forward");
INSERT INTO member_of VALUES (297, 7, 9, "Center");
INSERT INTO member_of VALUES (298, 8, 9, "Back");
INSERT INTO member_of VALUES (299, 9, 9, "Left");
INSERT INTO member_of VALUES (300, 10, 9, "Right");
INSERT INTO member_of VALUES (301, 11, 9, "Forward");
INSERT INTO member_of VALUES (302, 12, 9, "Center");
INSERT INTO member_of VALUES (303, 13, 9, "Back");
INSERT INTO member_of VALUES (304, 14, 9, "Left");
INSERT INTO member_of VALUES (305, 15, 9, "Right");
INSERT INTO member_of VALUES (306, 16, 9, "Forward");
INSERT INTO member_of VALUES (307, 17, 9, "Center");
INSERT INTO member_of VALUES (308, 18, 9, "Back");
INSERT INTO member_of VALUES (309, 19, 9, "Left");
INSERT INTO member_of VALUES (310, 20, 9, "Right");
INSERT INTO member_of VALUES (311, 21, 9, "Forward");
INSERT INTO member_of VALUES (312, 22, 9, "Center");
INSERT INTO member_of VALUES (313, 23, 9, "Back");
INSERT INTO member_of VALUES (314, 24, 9, "Left");
INSERT INTO member_of VALUES (315, 25, 9, "Right");
INSERT INTO member_of VALUES (316, 26, 9, "Forward");
INSERT INTO member_of VALUES (317, 27, 9, "Center");
INSERT INTO member_of VALUES (318, 28, 9, "Back");
INSERT INTO member_of VALUES (319, 29, 9, "Left");
INSERT INTO member_of VALUES (320, 30, 9, "Right");
INSERT INTO member_of VALUES (321, 31, 9, "Forward");
INSERT INTO member_of VALUES (322, 32, 9, "Center");
INSERT INTO member_of VALUES (323, 33, 9, "Back");
INSERT INTO member_of VALUES (324, 34, 9, "Left");
INSERT INTO member_of VALUES (325, 35, 9, "Right");
INSERT INTO member_of VALUES (326, 1, 10, "Forward");
INSERT INTO member_of VALUES (327, 2, 10, "Center");
INSERT INTO member_of VALUES (328, 3, 10, "Back");
INSERT INTO member_of VALUES (329, 4, 10, "Left");
INSERT INTO member_of VALUES (330, 5, 10, "Right");
INSERT INTO member_of VALUES (331, 6, 10, "Forward");
INSERT INTO member_of VALUES (332, 7, 10, "Center");
INSERT INTO member_of VALUES (333, 8, 10, "Back");
INSERT INTO member_of VALUES (334, 9, 10, "Left");
INSERT INTO member_of VALUES (335, 10, 10, "Right");
INSERT INTO member_of VALUES (336, 11, 10, "Forward");
INSERT INTO member_of VALUES (337, 12, 10, "Center");
INSERT INTO member_of VALUES (338, 13, 10, "Back");
INSERT INTO member_of VALUES (339, 14, 10, "Left");
INSERT INTO member_of VALUES (340, 15, 10, "Right");
INSERT INTO member_of VALUES (341, 16, 10, "Forward");
INSERT INTO member_of VALUES (342, 17, 10, "Center");
INSERT INTO member_of VALUES (343, 18, 10, "Back");
INSERT INTO member_of VALUES (344, 19, 10, "Left");
INSERT INTO member_of VALUES (345, 20, 10, "Right");
INSERT INTO member_of VALUES (346, 21, 10, "Forward");
INSERT INTO member_of VALUES (347, 22, 10, "Center");
INSERT INTO member_of VALUES (348, 23, 10, "Back");
INSERT INTO member_of VALUES (349, 24, 10, "Left");
INSERT INTO member_of VALUES (350, 25, 10, "Right");
INSERT INTO member_of VALUES (351, 26, 10, "Forward");
INSERT INTO member_of VALUES (352, 27, 10, "Center");
INSERT INTO member_of VALUES (353, 28, 10, "Back");
INSERT INTO member_of VALUES (354, 29, 10, "Left");
INSERT INTO member_of VALUES (355, 30, 10, "Right");
INSERT INTO member_of VALUES (356, 31, 10, "Forward");
INSERT INTO member_of VALUES (357, 32, 10, "Center");
INSERT INTO member_of VALUES (358, 33, 10, "Back");
INSERT INTO member_of VALUES (359, 34, 10, "Left");
INSERT INTO member_of VALUES (360, 35, 10, "Right");
INSERT INTO member_of VALUES (361, 1, 11, "Forward");
INSERT INTO member_of VALUES (362, 2, 11, "Center");
INSERT INTO member_of VALUES (363, 3, 11, "Back");
INSERT INTO member_of VALUES (364, 4, 11, "Left");
INSERT INTO member_of VALUES (365, 5, 11, "Right");
INSERT INTO member_of VALUES (366, 6, 11, "Forward");
INSERT INTO member_of VALUES (367, 7, 11, "Center");
INSERT INTO member_of VALUES (368, 8, 11, "Back");
INSERT INTO member_of VALUES (369, 9, 11, "Left");
INSERT INTO member_of VALUES (370, 10, 11, "Right");
INSERT INTO member_of VALUES (371, 11, 11, "Forward");
INSERT INTO member_of VALUES (372, 12, 11, "Center");
INSERT INTO member_of VALUES (373, 13, 11, "Back");
INSERT INTO member_of VALUES (374, 14, 11, "Left");
INSERT INTO member_of VALUES (375, 15, 11, "Right");
INSERT INTO member_of VALUES (376, 16, 11, "Forward");
INSERT INTO member_of VALUES (377, 17, 11, "Center");
INSERT INTO member_of VALUES (378, 18, 11, "Back");
INSERT INTO member_of VALUES (379, 19, 11, "Left");
INSERT INTO member_of VALUES (380, 20, 11, "Right");
INSERT INTO member_of VALUES (381, 21, 11, "Forward");
INSERT INTO member_of VALUES (382, 22, 11, "Center");
INSERT INTO member_of VALUES (383, 23, 11, "Back");
INSERT INTO member_of VALUES (384, 24, 11, "Left");
INSERT INTO member_of VALUES (385, 25, 11, "Right");
INSERT INTO member_of VALUES (386, 26, 11, "Forward");
INSERT INTO member_of VALUES (387, 27, 11, "Center");
INSERT INTO member_of VALUES (388, 28, 11, "Back");
INSERT INTO member_of VALUES (389, 29, 11, "Left");
INSERT INTO member_of VALUES (390, 30, 11, "Right");
INSERT INTO member_of VALUES (391, 31, 11, "Forward");
INSERT INTO member_of VALUES (392, 32, 11, "Center");
INSERT INTO member_of VALUES (393, 33, 11, "Back");
INSERT INTO member_of VALUES (394, 34, 11, "Left");
INSERT INTO member_of VALUES (395, 35, 11, "Right");
INSERT INTO member_of VALUES (396, 1, 12, "Forward");
INSERT INTO member_of VALUES (397, 2, 12, "Center");
INSERT INTO member_of VALUES (398, 3, 12, "Back");
INSERT INTO member_of VALUES (399, 4, 12, "Left");
INSERT INTO member_of VALUES (400, 5, 12, "Right");
INSERT INTO member_of VALUES (401, 6, 12, "Forward");
INSERT INTO member_of VALUES (402, 7, 12, "Center");
INSERT INTO member_of VALUES (403, 8, 12, "Back");
INSERT INTO member_of VALUES (404, 9, 12, "Left");
INSERT INTO member_of VALUES (405, 10, 12, "Right");
INSERT INTO member_of VALUES (406, 11, 12, "Forward");
INSERT INTO member_of VALUES (407, 12, 12, "Center");
INSERT INTO member_of VALUES (408, 13, 12, "Back");
INSERT INTO member_of VALUES (409, 14, 12, "Left");
INSERT INTO member_of VALUES (410, 15, 12, "Right");
INSERT INTO member_of VALUES (411, 16, 12, "Forward");
INSERT INTO member_of VALUES (412, 17, 12, "Center");
INSERT INTO member_of VALUES (413, 18, 12, "Back");
INSERT INTO member_of VALUES (414, 19, 12, "Left");
INSERT INTO member_of VALUES (415, 20, 12, "Right");
INSERT INTO member_of VALUES (416, 21, 12, "Forward");
INSERT INTO member_of VALUES (417, 22, 12, "Center");
INSERT INTO member_of VALUES (418, 23, 12, "Back");
INSERT INTO member_of VALUES (419, 24, 12, "Left");
INSERT INTO member_of VALUES (420, 25, 12, "Right");
INSERT INTO member_of VALUES (421, 26, 12, "Forward");
INSERT INTO member_of VALUES (422, 27, 12, "Center");
INSERT INTO member_of VALUES (423, 28, 12, "Back");
INSERT INTO member_of VALUES (424, 29, 12, "Left");
INSERT INTO member_of VALUES (425, 30, 12, "Right");
INSERT INTO member_of VALUES (426, 31, 12, "Forward");
INSERT INTO member_of VALUES (427, 32, 12, "Center");
INSERT INTO member_of VALUES (428, 33, 12, "Back");
INSERT INTO member_of VALUES (429, 34, 12, "Left");
INSERT INTO member_of VALUES (430, 35, 12, "Right");
INSERT INTO member_of VALUES (431, 1, 13, "Forward");
INSERT INTO member_of VALUES (432, 2, 13, "Center");
INSERT INTO member_of VALUES (433, 3, 13, "Back");
INSERT INTO member_of VALUES (434, 4, 13, "Left");
INSERT INTO member_of VALUES (435, 5, 13, "Right");
INSERT INTO member_of VALUES (436, 6, 13, "Forward");
INSERT INTO member_of VALUES (437, 7, 13, "Center");
INSERT INTO member_of VALUES (438, 8, 13, "Back");
INSERT INTO member_of VALUES (439, 9, 13, "Left");
INSERT INTO member_of VALUES (440, 10, 13, "Right");
INSERT INTO member_of VALUES (441, 11, 13, "Forward");
INSERT INTO member_of VALUES (442, 12, 13, "Center");
INSERT INTO member_of VALUES (443, 13, 13, "Back");
INSERT INTO member_of VALUES (444, 14, 13, "Left");
INSERT INTO member_of VALUES (445, 15, 13, "Right");
INSERT INTO member_of VALUES (446, 16, 13, "Forward");
INSERT INTO member_of VALUES (447, 17, 13, "Center");
INSERT INTO member_of VALUES (448, 18, 13, "Back");
INSERT INTO member_of VALUES (449, 19, 13, "Left");
INSERT INTO member_of VALUES (450, 20, 13, "Right");
INSERT INTO member_of VALUES (451, 21, 13, "Forward");
INSERT INTO member_of VALUES (452, 22, 13, "Center");
INSERT INTO member_of VALUES (453, 23, 13, "Back");
INSERT INTO member_of VALUES (454, 24, 13, "Left");
INSERT INTO member_of VALUES (455, 25, 13, "Right");
INSERT INTO member_of VALUES (456, 26, 13, "Forward");
INSERT INTO member_of VALUES (457, 27, 13, "Center");
INSERT INTO member_of VALUES (458, 28, 13, "Back");
INSERT INTO member_of VALUES (459, 29, 13, "Left");
INSERT INTO member_of VALUES (460, 30, 13, "Right");
INSERT INTO member_of VALUES (461, 31, 13, "Forward");
INSERT INTO member_of VALUES (462, 32, 13, "Center");
INSERT INTO member_of VALUES (463, 33, 13, "Back");
INSERT INTO member_of VALUES (464, 34, 13, "Left");
INSERT INTO member_of VALUES (465, 35, 13, "Right");
INSERT INTO member_of VALUES (466, 1, 14, "Forward");
INSERT INTO member_of VALUES (467, 2, 14, "Center");
INSERT INTO member_of VALUES (468, 3, 14, "Back");
INSERT INTO member_of VALUES (469, 4, 14, "Left");
INSERT INTO member_of VALUES (470, 5, 14, "Right");
INSERT INTO member_of VALUES (471, 6, 14, "Forward");
INSERT INTO member_of VALUES (472, 7, 14, "Center");
INSERT INTO member_of VALUES (473, 8, 14, "Back");
INSERT INTO member_of VALUES (474, 9, 14, "Left");
INSERT INTO member_of VALUES (475, 10, 14, "Right");
INSERT INTO member_of VALUES (476, 11, 14, "Forward");
INSERT INTO member_of VALUES (477, 12, 14, "Center");
INSERT INTO member_of VALUES (478, 13, 14, "Back");
INSERT INTO member_of VALUES (479, 14, 14, "Left");
INSERT INTO member_of VALUES (480, 15, 14, "Right");
INSERT INTO member_of VALUES (481, 16, 14, "Forward");
INSERT INTO member_of VALUES (482, 17, 14, "Center");
INSERT INTO member_of VALUES (483, 18, 14, "Back");
INSERT INTO member_of VALUES (484, 19, 14, "Left");
INSERT INTO member_of VALUES (485, 20, 14, "Right");
INSERT INTO member_of VALUES (486, 21, 14, "Forward");
INSERT INTO member_of VALUES (487, 22, 14, "Center");
INSERT INTO member_of VALUES (488, 23, 14, "Back");
INSERT INTO member_of VALUES (489, 24, 14, "Left");
INSERT INTO member_of VALUES (490, 25, 14, "Right");
INSERT INTO member_of VALUES (491, 26, 14, "Forward");
INSERT INTO member_of VALUES (492, 27, 14, "Center");
INSERT INTO member_of VALUES (493, 28, 14, "Back");
INSERT INTO member_of VALUES (494, 29, 14, "Left");
INSERT INTO member_of VALUES (495, 30, 14, "Right");
INSERT INTO member_of VALUES (496, 31, 14, "Forward");
INSERT INTO member_of VALUES (497, 32, 14, "Center");
INSERT INTO member_of VALUES (498, 33, 14, "Back");
INSERT INTO member_of VALUES (499, 34, 14, "Left");
INSERT INTO member_of VALUES (500, 35, 14, "Right");
INSERT INTO plays VALUES (1, 1);
INSERT INTO coaches VALUES (1, 1, "2008-08-23");
INSERT INTO plays VALUES (2, 2);
INSERT INTO coaches VALUES (2, 2, "2011-12-11");
INSERT INTO plays VALUES (3, 3);
INSERT INTO coaches VALUES (3, 3, "2011-11-22");
INSERT INTO plays VALUES (4, 4);
INSERT INTO coaches VALUES (4, 4, "2008-04-18");
INSERT INTO plays VALUES (5, 5);
INSERT INTO coaches VALUES (5, 5, "2010-11-19");
INSERT INTO plays VALUES (6, 6);
INSERT INTO coaches VALUES (6, 6, "2010-01-18");
INSERT INTO plays VALUES (7, 7);
INSERT INTO coaches VALUES (7, 7, "2008-04-23");
INSERT INTO plays VALUES (8, 8);
INSERT INTO coaches VALUES (8, 8, "2011-01-14");
INSERT INTO plays VALUES (9, 9);
INSERT INTO coaches VALUES (9, 9, "2009-08-29");
INSERT INTO plays VALUES (10, 10);
INSERT INTO coaches VALUES (10, 10, "2009-04-4");
INSERT INTO plays VALUES (1, 11);
INSERT INTO coaches VALUES (1, 11, "2011-07-21");
INSERT INTO plays VALUES (2, 12);
INSERT INTO coaches VALUES (2, 12, "2011-02-17");
INSERT INTO plays VALUES (3, 13);
INSERT INTO coaches VALUES (3, 13, "2010-01-20");
INSERT INTO plays VALUES (4, 14);
INSERT INTO coaches VALUES (4, 14, "2011-10-14");
INSERT INTO plays VALUES (5, 15);
INSERT INTO coaches VALUES (5, 15, "2011-10-13");
INSERT INTO plays VALUES (6, 16);
INSERT INTO coaches VALUES (6, 16, "2009-10-27");
INSERT INTO plays VALUES (7, 17);
INSERT INTO coaches VALUES (7, 17, "2008-01-28");
INSERT INTO plays VALUES (8, 18);
INSERT INTO coaches VALUES (8, 18, "2009-08-9");
INSERT INTO plays VALUES (9, 19);
INSERT INTO coaches VALUES (9, 19, "2011-05-26");
INSERT INTO plays VALUES (10, 20);
INSERT INTO coaches VALUES (10, 20, "2010-05-17");
INSERT INTO plays VALUES (1, 21);
INSERT INTO coaches VALUES (1, 21, "2009-03-24");
INSERT INTO plays VALUES (2, 22);
INSERT INTO coaches VALUES (2, 22, "2009-06-1");
INSERT INTO plays VALUES (3, 23);
INSERT INTO coaches VALUES (3, 23, "2011-05-4");
INSERT INTO plays VALUES (4, 24);
INSERT INTO coaches VALUES (4, 24, "2010-09-12");
INSERT INTO plays VALUES (5, 25);
INSERT INTO coaches VALUES (5, 25, "2011-05-14");
INSERT INTO plays VALUES (6, 26);
INSERT INTO coaches VALUES (6, 26, "2008-04-13");
INSERT INTO plays VALUES (7, 27);
INSERT INTO coaches VALUES (7, 27, "2011-10-22");
INSERT INTO plays VALUES (8, 28);
INSERT INTO coaches VALUES (8, 28, "2009-11-22");
INSERT INTO plays VALUES (9, 29);
INSERT INTO coaches VALUES (9, 29, "2011-02-29");
INSERT INTO plays VALUES (10, 30);
INSERT INTO coaches VALUES (10, 30, "2010-10-14");
INSERT INTO plays VALUES (1, 31);
INSERT INTO coaches VALUES (1, 31, "2009-09-23");
INSERT INTO plays VALUES (2, 32);
INSERT INTO coaches VALUES (2, 32, "2011-10-21");
INSERT INTO plays VALUES (3, 33);
INSERT INTO coaches VALUES (3, 33, "2008-10-29");
INSERT INTO plays VALUES (4, 34);
INSERT INTO coaches VALUES (4, 34, "2010-05-14");
INSERT INTO plays VALUES (5, 35);
INSERT INTO coaches VALUES (5, 35, "2009-11-26");
