INSERT INTO SportSeason VALUES ("Football", "Fall");
INSERT INTO Sport(name) VALUES ("Football");
INSERT INTO SportSeason VALUES ("Basketball", "Winter");
INSERT INTO Sport(name) VALUES ("Basketball");
INSERT INTO SportSeason VALUES ("Baseball", "Spring");
INSERT INTO Sport(name) VALUES ("Baseball");
INSERT INTO SportSeason VALUES ("Soccer", "Fall");
INSERT INTO Sport(name) VALUES ("Soccer");
INSERT INTO SportSeason VALUES ("Water Polo", "Fall");
INSERT INTO Sport(name) VALUES ("Water Polo");
INSERT INTO SportSeason VALUES ("Track", "Spring");
INSERT INTO Sport(name) VALUES ("Track");
INSERT INTO SportSeason VALUES ("Cross Country", "Fall");
INSERT INTO Sport(name) VALUES ("Cross Country");
INSERT INTO SportSeason VALUES ("Swimming", "Winter");
INSERT INTO Sport(name) VALUES ("Swimming");
INSERT INTO SportSeason VALUES ("Rugby", "Spring");
INSERT INTO Sport(name) VALUES ("Rugby");
INSERT INTO SportSeason VALUES ("Tennis", "Summer");
INSERT INTO Sport(name) VALUES ("Tennis");
INSERT INTO member_of VALUES (11, 1, "Forward", 1);
INSERT INTO member_of VALUES (12, 2, "Center", 1);
INSERT INTO member_of VALUES (13, 3, "Back", 1);
INSERT INTO member_of VALUES (14, 4, "Left", 1);
INSERT INTO member_of VALUES (15, 5, "Right", 1);
INSERT INTO member_of VALUES (16, 6, "Goalie", 1);
INSERT INTO member_of VALUES (17, 7, "Forward", 1);
INSERT INTO member_of VALUES (18, 8, "Center", 1);
INSERT INTO member_of VALUES (19, 9, "Back", 1);
INSERT INTO member_of VALUES (20, 10, "Left", 1);
INSERT INTO member_of VALUES (21, 11, "Right", 1);
INSERT INTO member_of VALUES (22, 12, "Goalie", 1);
INSERT INTO member_of VALUES (23, 13, "Forward", 1);
INSERT INTO member_of VALUES (24, 14, "Center", 1);
INSERT INTO member_of VALUES (25, 15, "Back", 1);
INSERT INTO member_of VALUES (26, 16, "Left", 1);
INSERT INTO member_of VALUES (27, 17, "Right", 1);
INSERT INTO member_of VALUES (28, 18, "Goalie", 1);
INSERT INTO member_of VALUES (29, 19, "Forward", 1);
INSERT INTO member_of VALUES (30, 20, "Center", 1);
INSERT INTO member_of VALUES (31, 21, "Back", 1);
INSERT INTO member_of VALUES (32, 22, "Left", 1);
INSERT INTO member_of VALUES (33, 23, "Right", 1);
INSERT INTO member_of VALUES (34, 24, "Goalie", 1);
INSERT INTO member_of VALUES (35, 25, "Forward", 1);
INSERT INTO member_of VALUES (36, 26, "Center", 1);
INSERT INTO member_of VALUES (37, 27, "Back", 1);
INSERT INTO member_of VALUES (38, 28, "Left", 1);
INSERT INTO member_of VALUES (39, 29, "Right", 1);
INSERT INTO member_of VALUES (40, 30, "Goalie", 1);
INSERT INTO member_of VALUES (41, 31, "Forward", 1);
INSERT INTO member_of VALUES (42, 32, "Center", 1);
INSERT INTO member_of VALUES (43, 33, "Back", 1);
INSERT INTO member_of VALUES (44, 34, "Left", 1);
INSERT INTO member_of VALUES (45, 35, "Right", 1);
INSERT INTO member_of VALUES (46, 1, "Goalie", 2);
INSERT INTO member_of VALUES (47, 2, "Forward", 2);
INSERT INTO member_of VALUES (48, 3, "Center", 2);
INSERT INTO member_of VALUES (49, 4, "Back", 2);
INSERT INTO member_of VALUES (50, 5, "Left", 2);
INSERT INTO member_of VALUES (51, 6, "Right", 2);
INSERT INTO member_of VALUES (52, 7, "Goalie", 2);
INSERT INTO member_of VALUES (53, 8, "Forward", 2);
INSERT INTO member_of VALUES (54, 9, "Center", 2);
INSERT INTO member_of VALUES (55, 10, "Back", 2);
INSERT INTO member_of VALUES (56, 11, "Left", 2);
INSERT INTO member_of VALUES (57, 12, "Right", 2);
INSERT INTO member_of VALUES (58, 13, "Goalie", 2);
INSERT INTO member_of VALUES (59, 14, "Forward", 2);
INSERT INTO member_of VALUES (60, 15, "Center", 2);
INSERT INTO member_of VALUES (61, 16, "Back", 2);
INSERT INTO member_of VALUES (62, 17, "Left", 2);
INSERT INTO member_of VALUES (63, 18, "Right", 2);
INSERT INTO member_of VALUES (64, 19, "Goalie", 2);
INSERT INTO member_of VALUES (65, 20, "Forward", 2);
INSERT INTO member_of VALUES (66, 21, "Center", 2);
INSERT INTO member_of VALUES (67, 22, "Back", 2);
INSERT INTO member_of VALUES (68, 23, "Left", 2);
INSERT INTO member_of VALUES (69, 24, "Right", 2);
INSERT INTO member_of VALUES (70, 25, "Goalie", 2);
INSERT INTO member_of VALUES (71, 26, "Forward", 2);
INSERT INTO member_of VALUES (72, 27, "Center", 2);
INSERT INTO member_of VALUES (73, 28, "Back", 2);
INSERT INTO member_of VALUES (74, 29, "Left", 2);
INSERT INTO member_of VALUES (75, 30, "Right", 2);
INSERT INTO member_of VALUES (76, 31, "Goalie", 2);
INSERT INTO member_of VALUES (77, 32, "Forward", 2);
INSERT INTO member_of VALUES (78, 33, "Center", 2);
INSERT INTO member_of VALUES (79, 34, "Back", 2);
INSERT INTO member_of VALUES (80, 35, "Left", 2);
INSERT INTO member_of VALUES (81, 1, "Right", 3);
INSERT INTO member_of VALUES (82, 2, "Goalie", 3);
INSERT INTO member_of VALUES (83, 3, "Forward", 3);
INSERT INTO member_of VALUES (84, 4, "Center", 3);
INSERT INTO member_of VALUES (85, 5, "Back", 3);
INSERT INTO member_of VALUES (86, 6, "Left", 3);
INSERT INTO member_of VALUES (87, 7, "Right", 3);
INSERT INTO member_of VALUES (88, 8, "Goalie", 3);
INSERT INTO member_of VALUES (89, 9, "Forward", 3);
INSERT INTO member_of VALUES (90, 10, "Center", 3);
INSERT INTO member_of VALUES (91, 11, "Back", 3);
INSERT INTO member_of VALUES (92, 12, "Left", 3);
INSERT INTO member_of VALUES (93, 13, "Right", 3);
INSERT INTO member_of VALUES (94, 14, "Goalie", 3);
INSERT INTO member_of VALUES (95, 15, "Forward", 3);
INSERT INTO member_of VALUES (96, 16, "Center", 3);
INSERT INTO member_of VALUES (97, 17, "Back", 3);
INSERT INTO member_of VALUES (98, 18, "Left", 3);
INSERT INTO member_of VALUES (99, 19, "Right", 3);
INSERT INTO member_of VALUES (100, 20, "Goalie", 3);
INSERT INTO member_of VALUES (101, 21, "Forward", 3);
INSERT INTO member_of VALUES (102, 22, "Center", 3);
INSERT INTO member_of VALUES (103, 23, "Back", 3);
INSERT INTO member_of VALUES (104, 24, "Left", 3);
INSERT INTO member_of VALUES (105, 25, "Right", 3);
INSERT INTO member_of VALUES (106, 26, "Goalie", 3);
INSERT INTO member_of VALUES (107, 27, "Forward", 3);
INSERT INTO member_of VALUES (108, 28, "Center", 3);
INSERT INTO member_of VALUES (109, 29, "Back", 3);
INSERT INTO member_of VALUES (110, 30, "Left", 3);
INSERT INTO member_of VALUES (111, 31, "Right", 3);
INSERT INTO member_of VALUES (112, 32, "Goalie", 3);
INSERT INTO member_of VALUES (113, 33, "Forward", 3);
INSERT INTO member_of VALUES (114, 34, "Center", 3);
INSERT INTO member_of VALUES (115, 35, "Back", 3);
INSERT INTO member_of VALUES (116, 1, "Left", 4);
INSERT INTO member_of VALUES (117, 2, "Right", 4);
INSERT INTO member_of VALUES (118, 3, "Goalie", 4);
INSERT INTO member_of VALUES (119, 4, "Forward", 4);
INSERT INTO member_of VALUES (120, 5, "Center", 4);
INSERT INTO member_of VALUES (121, 6, "Back", 4);
INSERT INTO member_of VALUES (122, 7, "Left", 4);
INSERT INTO member_of VALUES (123, 8, "Right", 4);
INSERT INTO member_of VALUES (124, 9, "Goalie", 4);
INSERT INTO member_of VALUES (125, 10, "Forward", 4);
INSERT INTO member_of VALUES (126, 11, "Center", 4);
INSERT INTO member_of VALUES (127, 12, "Back", 4);
INSERT INTO member_of VALUES (128, 13, "Left", 4);
INSERT INTO member_of VALUES (129, 14, "Right", 4);
INSERT INTO member_of VALUES (130, 15, "Goalie", 4);
INSERT INTO member_of VALUES (131, 16, "Forward", 4);
INSERT INTO member_of VALUES (132, 17, "Center", 4);
INSERT INTO member_of VALUES (133, 18, "Back", 4);
INSERT INTO member_of VALUES (134, 19, "Left", 4);
INSERT INTO member_of VALUES (135, 20, "Right", 4);
INSERT INTO member_of VALUES (136, 21, "Goalie", 4);
INSERT INTO member_of VALUES (137, 22, "Forward", 4);
INSERT INTO member_of VALUES (138, 23, "Center", 4);
INSERT INTO member_of VALUES (139, 24, "Back", 4);
INSERT INTO member_of VALUES (140, 25, "Left", 4);
INSERT INTO member_of VALUES (141, 26, "Right", 4);
INSERT INTO member_of VALUES (142, 27, "Goalie", 4);
INSERT INTO member_of VALUES (143, 28, "Forward", 4);
INSERT INTO member_of VALUES (144, 29, "Center", 4);
INSERT INTO member_of VALUES (145, 30, "Back", 4);
INSERT INTO member_of VALUES (146, 31, "Left", 4);
INSERT INTO member_of VALUES (147, 32, "Right", 4);
INSERT INTO member_of VALUES (148, 33, "Goalie", 4);
INSERT INTO member_of VALUES (149, 34, "Forward", 4);
INSERT INTO member_of VALUES (150, 35, "Center", 4);
INSERT INTO member_of VALUES (151, 1, "Back", 5);
INSERT INTO member_of VALUES (152, 2, "Left", 5);
INSERT INTO member_of VALUES (153, 3, "Right", 5);
INSERT INTO member_of VALUES (154, 4, "Goalie", 5);
INSERT INTO member_of VALUES (155, 5, "Forward", 5);
INSERT INTO member_of VALUES (156, 6, "Center", 5);
INSERT INTO member_of VALUES (157, 7, "Back", 5);
INSERT INTO member_of VALUES (158, 8, "Left", 5);
INSERT INTO member_of VALUES (159, 9, "Right", 5);
INSERT INTO member_of VALUES (160, 10, "Goalie", 5);
INSERT INTO member_of VALUES (161, 11, "Forward", 5);
INSERT INTO member_of VALUES (162, 12, "Center", 5);
INSERT INTO member_of VALUES (163, 13, "Back", 5);
INSERT INTO member_of VALUES (164, 14, "Left", 5);
INSERT INTO member_of VALUES (165, 15, "Right", 5);
INSERT INTO member_of VALUES (166, 16, "Goalie", 5);
INSERT INTO member_of VALUES (167, 17, "Forward", 5);
INSERT INTO member_of VALUES (168, 18, "Center", 5);
INSERT INTO member_of VALUES (169, 19, "Back", 5);
INSERT INTO member_of VALUES (170, 20, "Left", 5);
INSERT INTO member_of VALUES (171, 21, "Right", 5);
INSERT INTO member_of VALUES (172, 22, "Goalie", 5);
INSERT INTO member_of VALUES (173, 23, "Forward", 5);
INSERT INTO member_of VALUES (174, 24, "Center", 5);
INSERT INTO member_of VALUES (175, 25, "Back", 5);
INSERT INTO member_of VALUES (176, 26, "Left", 5);
INSERT INTO member_of VALUES (177, 27, "Right", 5);
INSERT INTO member_of VALUES (178, 28, "Goalie", 5);
INSERT INTO member_of VALUES (179, 29, "Forward", 5);
INSERT INTO member_of VALUES (180, 30, "Center", 5);
INSERT INTO member_of VALUES (181, 31, "Back", 5);
INSERT INTO member_of VALUES (182, 32, "Left", 5);
INSERT INTO member_of VALUES (183, 33, "Right", 5);
INSERT INTO member_of VALUES (184, 34, "Goalie", 5);
INSERT INTO member_of VALUES (185, 35, "Forward", 5);
INSERT INTO member_of VALUES (186, 1, "Center", 6);
INSERT INTO member_of VALUES (187, 2, "Back", 6);
INSERT INTO member_of VALUES (188, 3, "Left", 6);
INSERT INTO member_of VALUES (189, 4, "Right", 6);
INSERT INTO member_of VALUES (190, 5, "Goalie", 6);
INSERT INTO member_of VALUES (191, 6, "Forward", 6);
INSERT INTO member_of VALUES (192, 7, "Center", 6);
INSERT INTO member_of VALUES (193, 8, "Back", 6);
INSERT INTO member_of VALUES (194, 9, "Left", 6);
INSERT INTO member_of VALUES (195, 10, "Right", 6);
INSERT INTO member_of VALUES (196, 11, "Goalie", 6);
INSERT INTO member_of VALUES (197, 12, "Forward", 6);
INSERT INTO member_of VALUES (198, 13, "Center", 6);
INSERT INTO member_of VALUES (199, 14, "Back", 6);
INSERT INTO member_of VALUES (200, 15, "Left", 6);
INSERT INTO member_of VALUES (201, 16, "Right", 6);
INSERT INTO member_of VALUES (202, 17, "Goalie", 6);
INSERT INTO member_of VALUES (203, 18, "Forward", 6);
INSERT INTO member_of VALUES (204, 19, "Center", 6);
INSERT INTO member_of VALUES (205, 20, "Back", 6);
INSERT INTO member_of VALUES (206, 21, "Left", 6);
INSERT INTO member_of VALUES (207, 22, "Right", 6);
INSERT INTO member_of VALUES (208, 23, "Goalie", 6);
INSERT INTO member_of VALUES (209, 24, "Forward", 6);
INSERT INTO member_of VALUES (210, 25, "Center", 6);
INSERT INTO member_of VALUES (211, 26, "Back", 6);
INSERT INTO member_of VALUES (212, 27, "Left", 6);
INSERT INTO member_of VALUES (213, 28, "Right", 6);
INSERT INTO member_of VALUES (214, 29, "Goalie", 6);
INSERT INTO member_of VALUES (215, 30, "Forward", 6);
INSERT INTO member_of VALUES (216, 31, "Center", 6);
INSERT INTO member_of VALUES (217, 32, "Back", 6);
INSERT INTO member_of VALUES (218, 33, "Left", 6);
INSERT INTO member_of VALUES (219, 34, "Right", 6);
INSERT INTO member_of VALUES (220, 35, "Goalie", 6);
INSERT INTO member_of VALUES (221, 1, "Forward", 7);
INSERT INTO member_of VALUES (222, 2, "Center", 7);
INSERT INTO member_of VALUES (223, 3, "Back", 7);
INSERT INTO member_of VALUES (224, 4, "Left", 7);
INSERT INTO member_of VALUES (225, 5, "Right", 7);
INSERT INTO member_of VALUES (226, 6, "Goalie", 7);
INSERT INTO member_of VALUES (227, 7, "Forward", 7);
INSERT INTO member_of VALUES (228, 8, "Center", 7);
INSERT INTO member_of VALUES (229, 9, "Back", 7);
INSERT INTO member_of VALUES (230, 10, "Left", 7);
INSERT INTO member_of VALUES (231, 11, "Right", 7);
INSERT INTO member_of VALUES (232, 12, "Goalie", 7);
INSERT INTO member_of VALUES (233, 13, "Forward", 7);
INSERT INTO member_of VALUES (234, 14, "Center", 7);
INSERT INTO member_of VALUES (235, 15, "Back", 7);
INSERT INTO member_of VALUES (236, 16, "Left", 7);
INSERT INTO member_of VALUES (237, 17, "Right", 7);
INSERT INTO member_of VALUES (238, 18, "Goalie", 7);
INSERT INTO member_of VALUES (239, 19, "Forward", 7);
INSERT INTO member_of VALUES (240, 20, "Center", 7);
INSERT INTO member_of VALUES (241, 21, "Back", 7);
INSERT INTO member_of VALUES (242, 22, "Left", 7);
INSERT INTO member_of VALUES (243, 23, "Right", 7);
INSERT INTO member_of VALUES (244, 24, "Goalie", 7);
INSERT INTO member_of VALUES (245, 25, "Forward", 7);
INSERT INTO member_of VALUES (246, 26, "Center", 7);
INSERT INTO member_of VALUES (247, 27, "Back", 7);
INSERT INTO member_of VALUES (248, 28, "Left", 7);
INSERT INTO member_of VALUES (249, 29, "Right", 7);
INSERT INTO member_of VALUES (250, 30, "Goalie", 7);
INSERT INTO member_of VALUES (251, 31, "Forward", 7);
INSERT INTO member_of VALUES (252, 32, "Center", 7);
INSERT INTO member_of VALUES (253, 33, "Back", 7);
INSERT INTO member_of VALUES (254, 34, "Left", 7);
INSERT INTO member_of VALUES (255, 35, "Right", 7);
INSERT INTO member_of VALUES (256, 1, "Goalie", 8);
INSERT INTO member_of VALUES (257, 2, "Forward", 8);
INSERT INTO member_of VALUES (258, 3, "Center", 8);
INSERT INTO member_of VALUES (259, 4, "Back", 8);
INSERT INTO member_of VALUES (260, 5, "Left", 8);
INSERT INTO member_of VALUES (261, 6, "Right", 8);
INSERT INTO member_of VALUES (262, 7, "Goalie", 8);
INSERT INTO member_of VALUES (263, 8, "Forward", 8);
INSERT INTO member_of VALUES (264, 9, "Center", 8);
INSERT INTO member_of VALUES (265, 10, "Back", 8);
INSERT INTO member_of VALUES (266, 11, "Left", 8);
INSERT INTO member_of VALUES (267, 12, "Right", 8);
INSERT INTO member_of VALUES (268, 13, "Goalie", 8);
INSERT INTO member_of VALUES (269, 14, "Forward", 8);
INSERT INTO member_of VALUES (270, 15, "Center", 8);
INSERT INTO member_of VALUES (271, 16, "Back", 8);
INSERT INTO member_of VALUES (272, 17, "Left", 8);
INSERT INTO member_of VALUES (273, 18, "Right", 8);
INSERT INTO member_of VALUES (274, 19, "Goalie", 8);
INSERT INTO member_of VALUES (275, 20, "Forward", 8);
INSERT INTO member_of VALUES (276, 21, "Center", 8);
INSERT INTO member_of VALUES (277, 22, "Back", 8);
INSERT INTO member_of VALUES (278, 23, "Left", 8);
INSERT INTO member_of VALUES (279, 24, "Right", 8);
INSERT INTO member_of VALUES (280, 25, "Goalie", 8);
INSERT INTO member_of VALUES (281, 26, "Forward", 8);
INSERT INTO member_of VALUES (282, 27, "Center", 8);
INSERT INTO member_of VALUES (283, 28, "Back", 8);
INSERT INTO member_of VALUES (284, 29, "Left", 8);
INSERT INTO member_of VALUES (285, 30, "Right", 8);
INSERT INTO member_of VALUES (286, 31, "Goalie", 8);
INSERT INTO member_of VALUES (287, 32, "Forward", 8);
INSERT INTO member_of VALUES (288, 33, "Center", 8);
INSERT INTO member_of VALUES (289, 34, "Back", 8);
INSERT INTO member_of VALUES (290, 35, "Left", 8);
INSERT INTO member_of VALUES (291, 1, "Right", 9);
INSERT INTO member_of VALUES (292, 2, "Goalie", 9);
INSERT INTO member_of VALUES (293, 3, "Forward", 9);
INSERT INTO member_of VALUES (294, 4, "Center", 9);
INSERT INTO member_of VALUES (295, 5, "Back", 9);
INSERT INTO member_of VALUES (296, 6, "Left", 9);
INSERT INTO member_of VALUES (297, 7, "Right", 9);
INSERT INTO member_of VALUES (298, 8, "Goalie", 9);
INSERT INTO member_of VALUES (299, 9, "Forward", 9);
INSERT INTO member_of VALUES (300, 10, "Center", 9);
INSERT INTO member_of VALUES (301, 11, "Back", 9);
INSERT INTO member_of VALUES (302, 12, "Left", 9);
INSERT INTO member_of VALUES (303, 13, "Right", 9);
INSERT INTO member_of VALUES (304, 14, "Goalie", 9);
INSERT INTO member_of VALUES (305, 15, "Forward", 9);
INSERT INTO member_of VALUES (306, 16, "Center", 9);
INSERT INTO member_of VALUES (307, 17, "Back", 9);
INSERT INTO member_of VALUES (308, 18, "Left", 9);
INSERT INTO member_of VALUES (309, 19, "Right", 9);
INSERT INTO member_of VALUES (310, 20, "Goalie", 9);
INSERT INTO member_of VALUES (311, 21, "Forward", 9);
INSERT INTO member_of VALUES (312, 22, "Center", 9);
INSERT INTO member_of VALUES (313, 23, "Back", 9);
INSERT INTO member_of VALUES (314, 24, "Left", 9);
INSERT INTO member_of VALUES (315, 25, "Right", 9);
INSERT INTO member_of VALUES (316, 26, "Goalie", 9);
INSERT INTO member_of VALUES (317, 27, "Forward", 9);
INSERT INTO member_of VALUES (318, 28, "Center", 9);
INSERT INTO member_of VALUES (319, 29, "Back", 9);
INSERT INTO member_of VALUES (320, 30, "Left", 9);
INSERT INTO member_of VALUES (321, 31, "Right", 9);
INSERT INTO member_of VALUES (322, 32, "Goalie", 9);
INSERT INTO member_of VALUES (323, 33, "Forward", 9);
INSERT INTO member_of VALUES (324, 34, "Center", 9);
INSERT INTO member_of VALUES (325, 35, "Back", 9);
INSERT INTO member_of VALUES (326, 1, "Left", 10);
INSERT INTO member_of VALUES (327, 2, "Right", 10);
INSERT INTO member_of VALUES (328, 3, "Goalie", 10);
INSERT INTO member_of VALUES (329, 4, "Forward", 10);
INSERT INTO member_of VALUES (330, 5, "Center", 10);
INSERT INTO member_of VALUES (331, 6, "Back", 10);
INSERT INTO member_of VALUES (332, 7, "Left", 10);
INSERT INTO member_of VALUES (333, 8, "Right", 10);
INSERT INTO member_of VALUES (334, 9, "Goalie", 10);
INSERT INTO member_of VALUES (335, 10, "Forward", 10);
INSERT INTO member_of VALUES (336, 11, "Center", 10);
INSERT INTO member_of VALUES (337, 12, "Back", 10);
INSERT INTO member_of VALUES (338, 13, "Left", 10);
INSERT INTO member_of VALUES (339, 14, "Right", 10);
INSERT INTO member_of VALUES (340, 15, "Goalie", 10);
INSERT INTO member_of VALUES (341, 16, "Forward", 10);
INSERT INTO member_of VALUES (342, 17, "Center", 10);
INSERT INTO member_of VALUES (343, 18, "Back", 10);
INSERT INTO member_of VALUES (344, 19, "Left", 10);
INSERT INTO member_of VALUES (345, 20, "Right", 10);
INSERT INTO member_of VALUES (346, 21, "Goalie", 10);
INSERT INTO member_of VALUES (347, 22, "Forward", 10);
INSERT INTO member_of VALUES (348, 23, "Center", 10);
INSERT INTO member_of VALUES (349, 24, "Back", 10);
INSERT INTO member_of VALUES (350, 25, "Left", 10);
INSERT INTO member_of VALUES (351, 26, "Right", 10);
INSERT INTO member_of VALUES (352, 27, "Goalie", 10);
INSERT INTO member_of VALUES (353, 28, "Forward", 10);
INSERT INTO member_of VALUES (354, 29, "Center", 10);
INSERT INTO member_of VALUES (355, 30, "Back", 10);
INSERT INTO member_of VALUES (356, 31, "Left", 10);
INSERT INTO member_of VALUES (357, 32, "Right", 10);
INSERT INTO member_of VALUES (358, 33, "Goalie", 10);
INSERT INTO member_of VALUES (359, 34, "Forward", 10);
INSERT INTO member_of VALUES (360, 35, "Center", 10);
INSERT INTO member_of VALUES (361, 1, "Back", 11);
INSERT INTO member_of VALUES (362, 2, "Left", 11);
INSERT INTO member_of VALUES (363, 3, "Right", 11);
INSERT INTO member_of VALUES (364, 4, "Goalie", 11);
INSERT INTO member_of VALUES (365, 5, "Forward", 11);
INSERT INTO member_of VALUES (366, 6, "Center", 11);
INSERT INTO member_of VALUES (367, 7, "Back", 11);
INSERT INTO member_of VALUES (368, 8, "Left", 11);
INSERT INTO member_of VALUES (369, 9, "Right", 11);
INSERT INTO member_of VALUES (370, 10, "Goalie", 11);
INSERT INTO member_of VALUES (371, 11, "Forward", 11);
INSERT INTO member_of VALUES (372, 12, "Center", 11);
INSERT INTO member_of VALUES (373, 13, "Back", 11);
INSERT INTO member_of VALUES (374, 14, "Left", 11);
INSERT INTO member_of VALUES (375, 15, "Right", 11);
INSERT INTO member_of VALUES (376, 16, "Goalie", 11);
INSERT INTO member_of VALUES (377, 17, "Forward", 11);
INSERT INTO member_of VALUES (378, 18, "Center", 11);
INSERT INTO member_of VALUES (379, 19, "Back", 11);
INSERT INTO member_of VALUES (380, 20, "Left", 11);
INSERT INTO member_of VALUES (381, 21, "Right", 11);
INSERT INTO member_of VALUES (382, 22, "Goalie", 11);
INSERT INTO member_of VALUES (383, 23, "Forward", 11);
INSERT INTO member_of VALUES (384, 24, "Center", 11);
INSERT INTO member_of VALUES (385, 25, "Back", 11);
INSERT INTO member_of VALUES (386, 26, "Left", 11);
INSERT INTO member_of VALUES (387, 27, "Right", 11);
INSERT INTO member_of VALUES (388, 28, "Goalie", 11);
INSERT INTO member_of VALUES (389, 29, "Forward", 11);
INSERT INTO member_of VALUES (390, 30, "Center", 11);
INSERT INTO member_of VALUES (391, 31, "Back", 11);
INSERT INTO member_of VALUES (392, 32, "Left", 11);
INSERT INTO member_of VALUES (393, 33, "Right", 11);
INSERT INTO member_of VALUES (394, 34, "Goalie", 11);
INSERT INTO member_of VALUES (395, 35, "Forward", 11);
INSERT INTO member_of VALUES (396, 1, "Center", 12);
INSERT INTO member_of VALUES (397, 2, "Back", 12);
INSERT INTO member_of VALUES (398, 3, "Left", 12);
INSERT INTO member_of VALUES (399, 4, "Right", 12);
INSERT INTO member_of VALUES (400, 5, "Goalie", 12);
INSERT INTO member_of VALUES (401, 6, "Forward", 12);
INSERT INTO member_of VALUES (402, 7, "Center", 12);
INSERT INTO member_of VALUES (403, 8, "Back", 12);
INSERT INTO member_of VALUES (404, 9, "Left", 12);
INSERT INTO member_of VALUES (405, 10, "Right", 12);
INSERT INTO member_of VALUES (406, 11, "Goalie", 12);
INSERT INTO member_of VALUES (407, 12, "Forward", 12);
INSERT INTO member_of VALUES (408, 13, "Center", 12);
INSERT INTO member_of VALUES (409, 14, "Back", 12);
INSERT INTO member_of VALUES (410, 15, "Left", 12);
INSERT INTO member_of VALUES (411, 16, "Right", 12);
INSERT INTO member_of VALUES (412, 17, "Goalie", 12);
INSERT INTO member_of VALUES (413, 18, "Forward", 12);
INSERT INTO member_of VALUES (414, 19, "Center", 12);
INSERT INTO member_of VALUES (415, 20, "Back", 12);
INSERT INTO member_of VALUES (416, 21, "Left", 12);
INSERT INTO member_of VALUES (417, 22, "Right", 12);
INSERT INTO member_of VALUES (418, 23, "Goalie", 12);
INSERT INTO member_of VALUES (419, 24, "Forward", 12);
INSERT INTO member_of VALUES (420, 25, "Center", 12);
INSERT INTO member_of VALUES (421, 26, "Back", 12);
INSERT INTO member_of VALUES (422, 27, "Left", 12);
INSERT INTO member_of VALUES (423, 28, "Right", 12);
INSERT INTO member_of VALUES (424, 29, "Goalie", 12);
INSERT INTO member_of VALUES (425, 30, "Forward", 12);
INSERT INTO member_of VALUES (426, 31, "Center", 12);
INSERT INTO member_of VALUES (427, 32, "Back", 12);
INSERT INTO member_of VALUES (428, 33, "Left", 12);
INSERT INTO member_of VALUES (429, 34, "Right", 12);
INSERT INTO member_of VALUES (430, 35, "Goalie", 12);
INSERT INTO member_of VALUES (431, 1, "Forward", 13);
INSERT INTO member_of VALUES (432, 2, "Center", 13);
INSERT INTO member_of VALUES (433, 3, "Back", 13);
INSERT INTO member_of VALUES (434, 4, "Left", 13);
INSERT INTO member_of VALUES (435, 5, "Right", 13);
INSERT INTO member_of VALUES (436, 6, "Goalie", 13);
INSERT INTO member_of VALUES (437, 7, "Forward", 13);
INSERT INTO member_of VALUES (438, 8, "Center", 13);
INSERT INTO member_of VALUES (439, 9, "Back", 13);
INSERT INTO member_of VALUES (440, 10, "Left", 13);
INSERT INTO member_of VALUES (441, 11, "Right", 13);
INSERT INTO member_of VALUES (442, 12, "Goalie", 13);
INSERT INTO member_of VALUES (443, 13, "Forward", 13);
INSERT INTO member_of VALUES (444, 14, "Center", 13);
INSERT INTO member_of VALUES (445, 15, "Back", 13);
INSERT INTO member_of VALUES (446, 16, "Left", 13);
INSERT INTO member_of VALUES (447, 17, "Right", 13);
INSERT INTO member_of VALUES (448, 18, "Goalie", 13);
INSERT INTO member_of VALUES (449, 19, "Forward", 13);
INSERT INTO member_of VALUES (450, 20, "Center", 13);
INSERT INTO member_of VALUES (451, 21, "Back", 13);
INSERT INTO member_of VALUES (452, 22, "Left", 13);
INSERT INTO member_of VALUES (453, 23, "Right", 13);
INSERT INTO member_of VALUES (454, 24, "Goalie", 13);
INSERT INTO member_of VALUES (455, 25, "Forward", 13);
INSERT INTO member_of VALUES (456, 26, "Center", 13);
INSERT INTO member_of VALUES (457, 27, "Back", 13);
INSERT INTO member_of VALUES (458, 28, "Left", 13);
INSERT INTO member_of VALUES (459, 29, "Right", 13);
INSERT INTO member_of VALUES (460, 30, "Goalie", 13);
INSERT INTO member_of VALUES (461, 31, "Forward", 13);
INSERT INTO member_of VALUES (462, 32, "Center", 13);
INSERT INTO member_of VALUES (463, 33, "Back", 13);
INSERT INTO member_of VALUES (464, 34, "Left", 13);
INSERT INTO member_of VALUES (465, 35, "Right", 13);
INSERT INTO member_of VALUES (466, 1, "Goalie", 14);
INSERT INTO member_of VALUES (467, 2, "Forward", 14);
INSERT INTO member_of VALUES (468, 3, "Center", 14);
INSERT INTO member_of VALUES (469, 4, "Back", 14);
INSERT INTO member_of VALUES (470, 5, "Left", 14);
INSERT INTO member_of VALUES (471, 6, "Right", 14);
INSERT INTO member_of VALUES (472, 7, "Goalie", 14);
INSERT INTO member_of VALUES (473, 8, "Forward", 14);
INSERT INTO member_of VALUES (474, 9, "Center", 14);
INSERT INTO member_of VALUES (475, 10, "Back", 14);
INSERT INTO member_of VALUES (476, 11, "Left", 14);
INSERT INTO member_of VALUES (477, 12, "Right", 14);
INSERT INTO member_of VALUES (478, 13, "Goalie", 14);
INSERT INTO member_of VALUES (479, 14, "Forward", 14);
INSERT INTO member_of VALUES (480, 15, "Center", 14);
INSERT INTO member_of VALUES (481, 16, "Back", 14);
INSERT INTO member_of VALUES (482, 17, "Left", 14);
INSERT INTO member_of VALUES (483, 18, "Right", 14);
INSERT INTO member_of VALUES (484, 19, "Goalie", 14);
INSERT INTO member_of VALUES (485, 20, "Forward", 14);
INSERT INTO member_of VALUES (486, 21, "Center", 14);
INSERT INTO member_of VALUES (487, 22, "Back", 14);
INSERT INTO member_of VALUES (488, 23, "Left", 14);
INSERT INTO member_of VALUES (489, 24, "Right", 14);
INSERT INTO member_of VALUES (490, 25, "Goalie", 14);
INSERT INTO member_of VALUES (491, 26, "Forward", 14);
INSERT INTO member_of VALUES (492, 27, "Center", 14);
INSERT INTO member_of VALUES (493, 28, "Back", 14);
INSERT INTO member_of VALUES (494, 29, "Left", 14);
INSERT INTO member_of VALUES (495, 30, "Right", 14);
INSERT INTO member_of VALUES (496, 31, "Goalie", 14);
INSERT INTO member_of VALUES (497, 32, "Forward", 14);
INSERT INTO member_of VALUES (498, 33, "Center", 14);
INSERT INTO member_of VALUES (499, 34, "Back", 14);
INSERT INTO member_of VALUES (500, 35, "Left", 14);
INSERT INTO plays VALUES (1, 1);
INSERT INTO coaches VALUES (1, 1, "2011-10-12");
INSERT INTO plays VALUES (2, 2);
INSERT INTO coaches VALUES (2, 2, "2010-10-27");
INSERT INTO plays VALUES (3, 3);
INSERT INTO coaches VALUES (3, 3, "2011-11-8");
INSERT INTO plays VALUES (4, 4);
INSERT INTO coaches VALUES (4, 4, "2011-09-12");
INSERT INTO plays VALUES (5, 5);
INSERT INTO coaches VALUES (5, 5, "2011-12-27");
INSERT INTO plays VALUES (6, 6);
INSERT INTO coaches VALUES (6, 6, "2011-10-27");
INSERT INTO plays VALUES (7, 7);
INSERT INTO coaches VALUES (7, 7, "2011-03-21");
INSERT INTO plays VALUES (8, 8);
INSERT INTO coaches VALUES (8, 8, "2010-08-22");
INSERT INTO plays VALUES (9, 9);
INSERT INTO coaches VALUES (9, 9, "2010-11-8");
INSERT INTO plays VALUES (10, 10);
INSERT INTO coaches VALUES (10, 10, "2011-10-25");
INSERT INTO plays VALUES (1, 11);
INSERT INTO coaches VALUES (1, 11, "2008-10-16");
INSERT INTO plays VALUES (2, 12);
INSERT INTO coaches VALUES (2, 12, "2010-03-12");
INSERT INTO plays VALUES (3, 13);
INSERT INTO coaches VALUES (3, 13, "2009-08-14");
INSERT INTO plays VALUES (4, 14);
INSERT INTO coaches VALUES (4, 14, "2008-03-12");
INSERT INTO plays VALUES (5, 15);
INSERT INTO coaches VALUES (5, 15, "2008-02-21");
INSERT INTO plays VALUES (6, 16);
INSERT INTO coaches VALUES (6, 16, "2011-08-12");
INSERT INTO plays VALUES (7, 17);
INSERT INTO coaches VALUES (7, 17, "2011-07-15");
INSERT INTO plays VALUES (8, 18);
INSERT INTO coaches VALUES (8, 18, "2009-10-14");
INSERT INTO plays VALUES (9, 19);
INSERT INTO coaches VALUES (9, 19, "2008-10-3");
INSERT INTO plays VALUES (10, 20);
INSERT INTO coaches VALUES (10, 20, "2008-06-30");
INSERT INTO plays VALUES (1, 21);
INSERT INTO coaches VALUES (1, 21, "2010-03-12");
INSERT INTO plays VALUES (2, 22);
INSERT INTO coaches VALUES (2, 22, "2011-07-17");
INSERT INTO plays VALUES (3, 23);
INSERT INTO coaches VALUES (3, 23, "2010-11-30");
INSERT INTO plays VALUES (4, 24);
INSERT INTO coaches VALUES (4, 24, "2010-09-21");
INSERT INTO plays VALUES (5, 25);
INSERT INTO coaches VALUES (5, 25, "2010-02-5");
INSERT INTO plays VALUES (6, 26);
INSERT INTO coaches VALUES (6, 26, "2009-01-5");
INSERT INTO plays VALUES (7, 27);
INSERT INTO coaches VALUES (7, 27, "2011-10-30");
INSERT INTO plays VALUES (8, 28);
INSERT INTO coaches VALUES (8, 28, "2011-12-3");
INSERT INTO plays VALUES (9, 29);
INSERT INTO coaches VALUES (9, 29, "2009-07-23");
INSERT INTO plays VALUES (10, 30);
INSERT INTO coaches VALUES (10, 30, "2008-03-1");
INSERT INTO plays VALUES (1, 31);
INSERT INTO coaches VALUES (1, 31, "2010-08-25");
INSERT INTO plays VALUES (2, 32);
INSERT INTO coaches VALUES (2, 32, "2008-07-4");
INSERT INTO plays VALUES (3, 33);
INSERT INTO coaches VALUES (3, 33, "2008-04-14");
INSERT INTO plays VALUES (4, 34);
INSERT INTO coaches VALUES (4, 34, "2011-05-22");
INSERT INTO plays VALUES (5, 35);
INSERT INTO coaches VALUES (5, 35, "2010-08-5");
